insert into brand(name) values("TOMMY HILFIGER");insert into brand(name) values("Laura Mars");insert into brand(name) values("Ferrari");insert into brand(name) values("Arabian Oud");insert into brand(name) values("Jimmy Choo");insert into brand(name) values("AZZARO");insert into brand(name) values("COACH");insert into brand(name) values("TED LAPIDUS");insert into brand(name) values("Aramis");insert into brand(name) values("Mariah Carey");insert into brand(name) values("Justcavalli");insert into brand(name) values("LA PERLA");insert into brand(name) values("Fendi");insert into brand(name) values("Kenzo");insert into brand(name) values("al raheeb");insert into brand(name) values("AMOUAGE");insert into brand(name) values("Dorall");insert into brand(name) values("LANVIN PARIS");insert into brand(name) values("PACO RABANNE");insert into brand(name) values("Mercedes-Benz");insert into brand(name) values("Kenneth Cole");insert into brand(name) values("ROCHAS");insert into brand(name) values("ADOLFO DOMINGUEZ");insert into brand(name) values("BURBERRY");insert into brand(name) values("Marbert");insert into brand(name) values("Gres");insert into brand(name) values("Carrera");insert into brand(name) values("Revlon");insert into brand(name) values("Lancome");insert into brand(name) values("S.T.Dupont");insert into brand(name) values("jennifer lopez");insert into brand(name) values("ST Dupont");insert into brand(name) values("Elizabeth Taylor");insert into brand(name) values("MOSCHINO");insert into brand(name) values("GUCCI");insert into brand(name) values("UNITED COLORS OF BENETTON");insert into brand(name) values("TESORI D´ORIENTE");insert into brand(name) values("GUESS");insert into brand(name) values("GIORGIO ARMANI");insert into brand(name) values("Geoffrey Beene");insert into brand(name) values("Pino Silvestre");insert into brand(name) values("Lattafa");insert into brand(name) values("Van Cleef & Arpels");insert into brand(name) values("AVON");insert into brand(name) values("SWISS ARABIAN");insert into brand(name) values("Bill Blass");insert into brand(name) values("Yves Saint Laurent");insert into brand(name) values("CAROLINA HERRERA");insert into brand(name) values("HERMES");insert into brand(name) values("MING NA");insert into brand(name) values("Salvatore Ferragamo");insert into brand(name) values("Paris Hilton");insert into brand(name) values("LE CHAMEAU");insert into brand(name) values("Calvin Klein");insert into brand(name) values("JAGUAR");insert into brand(name) values("Emper");insert into brand(name) values("armani");insert into brand(name) values("DKNY");insert into brand(name) values("Ard Al Zaafaran");insert into brand(name) values("Dior");insert into brand(name) values("PRIVE");insert into brand(name) values("PENHALIGON'S");insert into brand(name) values("Dunhill");insert into brand(name) values("Creation Lamis");insert into brand(name) values("ANGEL SCHLESSER");insert into brand(name) values("RALPH LAUREN");insert into brand(name) values("Marc Jacobs");insert into brand(name) values("jil sander");insert into brand(name) values("PRADA");insert into brand(name) values("BOUCHERON");insert into brand(name) values("MINI COLLECTION");insert into brand(name) values("Al Rasasi");insert into brand(name) values("CERRUTI 1881");insert into brand(name) values("Estee Lauder");insert into brand(name) values("BENTLEY");insert into brand(name) values("Lolita Lempicka");insert into brand(name) values("Ajmal");insert into brand(name) values("LACOSTE");insert into brand(name) values("LANVIN");insert into brand(name) values("DIESEL");insert into brand(name) values("Pierra Katra");insert into brand(name) values("Remy Marquis");insert into brand(name) values("Roberto");insert into brand(name) values("Britney Spears");insert into brand(name) values("Mandarina Duck");insert into brand(name) values("VALENTINO");insert into brand(name) values("NARCISO RODRIGUEZ");insert into brand(name) values("Jean Paul GAULTIER");insert into brand(name) values("Sedr Al-Khaleej Perfumes");insert into brand(name) values("HUGO BOSS");insert into brand(name) values("Jacques Bogart");insert into brand(name) values("DAVIDOFF");insert into brand(name) values("CHLOE");insert into brand(name) values("Giorgio Beverly Hills");insert into brand(name) values("Niya");insert into brand(name) values("Elizabeth Arden");insert into brand(name) values("Rasasi");insert into brand(name) values("Miu Miu");insert into brand(name) values("Nikos");insert into brand(name) values("Juicy Couture");insert into brand(name) values("ELIE SAAB");insert into brand(name) values("TRUSSARDI");insert into brand(name) values("Alrehab");insert into brand(name) values("LOEWE");insert into brand(name) values("Mont Blanc");insert into brand(name) values("ISSEY MIYAKE");insert into brand(name) values("Laura Biagiotti");insert into brand(name) values("joop");insert into brand(name) values("YVES");insert into brand(name) values("Givenchy");insert into brand(name) values("MB");insert into brand(name) values("Armaf");insert into brand(name) values("Parfums De Marly");insert into brand(name) values("Genie");insert into brand(name) values("Shirley May");insert into brand(name) values("NICOLAI");insert into brand(name) values("AIGNER");insert into brand(name) values("VERSACE");insert into brand(name) values("STELLA MCCARTNEY");insert into brand(name) values("Al Fakhr");insert into brand(name) values("ROGER & GALLET");insert into brand(name) values("Benetton");insert into brand(name) values("HOUBIGANT");insert into brand(name) values("Michael Kors");insert into brand(name) values("KORLOFF");insert into brand(name) values("NINA RICCI");insert into brand(name) values("J.CASANOVA");insert into brand(name) values("Dupont");insert into brand(name) values("Franck Olivier");insert into brand(name) values("CREED");insert into brand(name) values("YSL");insert into brand(name) values("Jacomo");insert into brand(name) values("Shiseido");insert into brand(name) values("adidas");insert into brand(name) values("Mancera");insert into brand(name) values("ARMAND BASI");insert into brand(name) values("DORALL COLLECTION");insert into brand(name) values("Alina Corel");insert into brand(name) values("cacharel");insert into brand(name) values("CHANEL");insert into brand(name) values("Roberto Cavalli");insert into brand(name) values("LALIQUE");insert into brand(name) values("JOVAN");insert into brand(name) values("MONTBLANC");insert into brand(name) values("BVLGARI");insert into brand(name) values("TOM FORD");insert into brand(name) values("TRI");insert into brand(name) values("Parfums Gres");insert into brand(name) values("MONTALE");insert into brand(name) values("CHOPARD");insert into brand(name) values("Dolce & Gabbana");insert into brand(name) values("Misk Perfumes");insert into brand(name) values("CARTIER");insert into brand(name) values("CARON");insert into brand(name) values("Guerlain");insert into brand(name) values("EMPORIO ARMANI");insert into brand(name) values("ESCADA");insert into brand(name) values("marbert man");insert into brand(name) values("Milton Lloyd");insert into brand(name) values("Genie Collection");insert into note(name,type) values('vanilla','TOP');insert into note(name,type) values('woody','TOP');insert into note(name,type) values('aromatic','TOP');insert into note(name,type) values('musk','TOP');insert into note(name,type) values('citrus','TOP');insert into note(name,type) values('spicy','TOP');insert into note(name,type) values('fresh','TOP');insert into note(name,type) values('floral','TOP');insert into note(name,type) values('arabian','TOP');insert into note(name,type) values('oriental','TOP');insert into note(name,type) values('fruity','TOP');insert into note(name,type) values('woodsy accord','MIDDLE');insert into note(name,type) values('white sandalwood','MIDDLE');insert into note(name,type) values('sandalwood','MIDDLE');insert into note(name,type) values('whitemusk','MIDDLE');insert into note(name,type) values('red','MIDDLE');insert into note(name,type) values('olibanum','MIDDLE');insert into note(name,type) values('desert jasmin','MIDDLE');insert into note(name,type) values('white','MIDDLE');insert into note(name,type) values('musky','MIDDLE');insert into note(name,type) values('nectarine','MIDDLE');insert into note(name,type) values('woody accord','MIDDLE');insert into note(name,type) values('vanilla','MIDDLE');insert into note(name,type) values('sweet','MIDDLE');insert into note(name,type) values('palisander rosewood','MIDDLE');insert into note(name,type) values('cactus','MIDDLE');insert into note(name,type) values('pine','MIDDLE');insert into note(name,type) values('coconut salt','MIDDLE');insert into note(name,type) values('woods','MIDDLE');insert into note(name,type) values('fir resin','MIDDLE');insert into note(name,type) values('louro amarelo wood','MIDDLE');insert into note(name,type) values('resins','MIDDLE');insert into note(name,type) values('the','MIDDLE');insert into note(name,type) values('floral','MIDDLE');insert into note(name,type) values('amber milk','MIDDLE');insert into note(name,type) values('orris root','MIDDLE');insert into note(name,type) values('amber woods','MIDDLE');insert into note(name,type) values('rosewood','MIDDLE');insert into note(name,type) values('copper','MIDDLE');insert into note(name,type) values('aromatic cedarwood','MIDDLE');insert into note(name,type) values('balsa wood','MIDDLE');insert into note(name,type) values('soft musk','MIDDLE');insert into note(name,type) values('ebony tree','MIDDLE');insert into note(name,type) values('orcanox','MIDDLE');insert into note(name,type) values('coconut accords','MIDDLE');insert into note(name,type) values('amber','MIDDLE');insert into note(name,type) values('brown','MIDDLE');insert into note(name,type) values('salty','MIDDLE');insert into note(name,type) values('spices','MIDDLE');insert into note(name,type) values('gaiac wood','MIDDLE');insert into note(name,type) values('creamy','MIDDLE');insert into note(name,type) values('wisteria','MIDDLE');insert into note(name,type) values('coffee','MIDDLE');insert into note(name,type) values('white peach','MIDDLE');insert into note(name,type) values('burnt amber','MIDDLE');insert into note(name,type) values('cinnamon','MIDDLE');insert into note(name,type) values('patchouli accords','MIDDLE');insert into note(name,type) values('oudh','MIDDLE');insert into note(name,type) values('leaf','MIDDLE');insert into note(name,type) values('powdery notes','MIDDLE');insert into note(name,type) values('pearl musk','MIDDLE');insert into note(name,type) values('suede','MIDDLE');insert into note(name,type) values('teak','MIDDLE');insert into note(name,type) values('wood.','MIDDLE');insert into note(name,type) values('mint','MIDDLE');insert into note(name,type) values('neroli','MIDDLE');insert into note(name,type) values('warm woman skin accord','MIDDLE');insert into note(name,type) values('madagascar','MIDDLE');insert into note(name,type) values('balsamic','MIDDLE');insert into note(name,type) values('vanille','MIDDLE');insert into note(name,type) values('akigalawood','MIDDLE');insert into note(name,type) values('peru','MIDDLE');insert into note(name,type) values('woodsy note','MIDDLE');insert into note(name,type) values('violetwhite wood','MIDDLE');insert into note(name,type) values('cashmere wood','MIDDLE');insert into note(name,type) values('ambergris','MIDDLE');insert into note(name,type) values('effervescent citrus.','MIDDLE');insert into note(name,type) values('wild','MIDDLE');insert into note(name,type) values('lamon','MIDDLE');insert into note(name,type) values('beans','MIDDLE');insert into note(name,type) values('woodsy','MIDDLE');insert into note(name,type) values('toacco','MIDDLE');insert into note(name,type) values('cashmere woods','MIDDLE');insert into note(name,type) values('carnation','MIDDLE');insert into note(name,type) values('coconut','MIDDLE');insert into note(name,type) values('oak moss','MIDDLE');insert into note(name,type) values('balsam','MIDDLE');insert into note(name,type) values('liquid amber','MIDDLE');insert into note(name,type) values('cream','MIDDLE');insert into note(name,type) values('earthy','MIDDLE');insert into note(name,type) values('cedar','MIDDLE');insert into note(name,type) values('laos benzoin','MIDDLE');insert into note(name,type) values('evernyl','MIDDLE');insert into note(name,type) values('cedar essence','MIDDLE');insert into note(name,type) values('dark chocolate','MIDDLE');insert into note(name,type) values('woody  amber','MIDDLE');insert into note(name,type) values('pralines','MIDDLE');insert into note(name,type) values('dry amber','MIDDLE');insert into note(name,type) values('fir','MIDDLE');insert into note(name,type) values('cybet','MIDDLE');insert into note(name,type) values('grey amber','MIDDLE');insert into note(name,type) values('indonesian patchouli leaf','MIDDLE');insert into note(name,type) values('damascus','MIDDLE');insert into note(name,type) values('indonesian patchouli','MIDDLE');insert into note(name,type) values('bourbon vanilla','MIDDLE');insert into note(name,type) values('pine tree','MIDDLE');insert into note(name,type) values('red cader','MIDDLE');insert into note(name,type) values('strawberry','MIDDLE');insert into note(name,type) values('cedarwood','MIDDLE');insert into note(name,type) values('amber notes','MIDDLE');insert into note(name,type) values('fern','MIDDLE');insert into note(name,type) values('blond','MIDDLE');insert into note(name,type) values('orange blossom','MIDDLE');insert into note(name,type) values('tea','MIDDLE');insert into note(name,type) values('cocoa','MIDDLE');insert into note(name,type) values('cacao pod','MIDDLE');insert into note(name,type) values('cotton','MIDDLE');insert into note(name,type) values('musklikenotes','MIDDLE');insert into note(name,type) values('ebony','MIDDLE');insert into note(name,type) values('amber wood','MIDDLE');insert into note(name,type) values('voluptuous sensuality','MIDDLE');insert into note(name,type) values('patchouli','MIDDLE');insert into note(name,type) values('virginia','MIDDLE');insert into note(name,type) values('vegetal amber','MIDDLE');insert into note(name,type) values('brazilian rosewood','MIDDLE');insert into note(name,type) values('hyacinth','MIDDLE');insert into note(name,type) values('coumarin','MIDDLE');insert into note(name,type) values('grey','MIDDLE');insert into note(name,type) values('amberlikenotes','MIDDLE');insert into note(name,type) values('tonka','MIDDLE');insert into note(name,type) values('addiction','MIDDLE');insert into note(name,type) values('haitian vetiver','MIDDLE');insert into note(name,type) values('caraway','MIDDLE');insert into note(name,type) values('absolute','MIDDLE');insert into note(name,type) values('musk.','MIDDLE');insert into note(name,type) values('wood moss','MIDDLE');insert into note(name,type) values('white musk','MIDDLE');insert into note(name,type) values('whisky','MIDDLE');insert into note(name,type) values('cream accords','MIDDLE');insert into note(name,type) values('musky woody','MIDDLE');insert into note(name,type) values('australian sandalwood','MIDDLE');insert into note(name,type) values('green','MIDDLE');insert into note(name,type) values('golden woods','MIDDLE');insert into note(name,type) values('virginian cedar','MIDDLE');insert into note(name,type) values('cashmere','MIDDLE');insert into note(name,type) values('cuddly','MIDDLE');insert into note(name,type) values('laurels','MIDDLE');insert into note(name,type) values('bergamot','MIDDLE');insert into note(name,type) values('platanus','MIDDLE');insert into note(name,type) values('musk wood','MIDDLE');insert into note(name,type) values('black tea','MIDDLE');insert into note(name,type) values('musks','MIDDLE');insert into note(name,type) values('hip','MIDDLE');insert into note(name,type) values('creamy amber','MIDDLE');insert into note(name,type) values('licorice','MIDDLE');insert into note(name,type) values('white musks','MIDDLE');insert into note(name,type) values('oak','MIDDLE');insert into note(name,type) values('golden','MIDDLE');insert into note(name,type) values('woody amber','MIDDLE');insert into note(name,type) values('centifolia','MIDDLE');insert into note(name,type) values('woody','MIDDLE');insert into note(name,type) values('papyrus','MIDDLE');insert into note(name,type) values('by green tea','MIDDLE');insert into note(name,type) values('sicilian','MIDDLE');insert into note(name,type) values('incense touches','MIDDLE');insert into note(name,type) values('cyclamen','MIDDLE');insert into note(name,type) values('marshmallow','MIDDLE');insert into note(name,type) values('lactone','MIDDLE');insert into note(name,type) values('blood orange','MIDDLE');insert into note(name,type) values('sensual musk','MIDDLE');insert into note(name,type) values('lily','MIDDLE');insert into note(name,type) values('sugar','MIDDLE');insert into note(name,type) values('clove','MIDDLE');insert into note(name,type) values('pod','MIDDLE');insert into note(name,type) values('mandarin orange','MIDDLE');insert into note(name,type) values('luid sandalwood','MIDDLE');insert into note(name,type) values('ambery woody','MIDDLE');insert into note(name,type) values('notes','MIDDLE');insert into note(name,type) values('haitian','MIDDLE');insert into note(name,type) values('anise','MIDDLE');insert into note(name,type) values('cashmeran','MIDDLE');insert into note(name,type) values('french labdanum','MIDDLE');insert into note(name,type) values('tonka bean','MIDDLE');insert into note(name,type) values('oined','MIDDLE');insert into note(name,type) values('juniper','MIDDLE');insert into note(name,type) values('spicy','MIDDLE');insert into note(name,type) values('acacia wood','MIDDLE');insert into note(name,type) values('cypress','MIDDLE');insert into note(name,type) values('roasted cocoa','MIDDLE');insert into note(name,type) values('lichen','MIDDLE');insert into note(name,type) values('ambery woods','MIDDLE');insert into note(name,type) values('black musk','MIDDLE');insert into note(name,type) values('saffron','MIDDLE');insert into note(name,type) values('patchoulli','MIDDLE');insert into note(name,type) values('geranium','MIDDLE');insert into note(name,type) values('lignum','MIDDLE');insert into note(name,type) values('frankincense','MIDDLE');insert into note(name,type) values('precious tobacco','MIDDLE');insert into note(name,type) values('delicate musky sensual woods','MIDDLE');insert into note(name,type) values('schijnhulst','MIDDLE');insert into note(name,type) values('olivewood','MIDDLE');insert into note(name,type) values('plum','MIDDLE');insert into note(name,type) values('tree','MIDDLE');insert into note(name,type) values('cardamom','MIDDLE');insert into note(name,type) values('from','MIDDLE');insert into note(name,type) values('brazilian','MIDDLE');insert into note(name,type) values('tahitian vetiver','MIDDLE');insert into note(name,type) values('oakmoss vetiver','MIDDLE');insert into note(name,type) values('cashmerean','MIDDLE');insert into note(name,type) values('earthy vetiver','MIDDLE');insert into note(name,type) values('flowers','MIDDLE');insert into note(name,type) values('incense','MIDDLE');insert into note(name,type) values('floral ambery woody','MIDDLE');insert into note(name,type) values('ceder','MIDDLE');insert into note(name,type) values('heart','MIDDLE');insert into note(name,type) values('heliotrope','MIDDLE');insert into note(name,type) values('cherokee rose','MIDDLE');insert into note(name,type) values('inoki','MIDDLE');insert into note(name,type) values('oakmoss','MIDDLE');insert into note(name,type) values('vitae','MIDDLE');insert into note(name,type) values('citrus wood','MIDDLE');insert into note(name,type) values('amber.','MIDDLE');insert into note(name,type) values('coriander','MIDDLE');insert into note(name,type) values('marine','MIDDLE');insert into note(name,type) values('currant','MIDDLE');insert into note(name,type) values('blonde leather patchouli white woods amber','MIDDLE');insert into note(name,type) values('tob**co','MIDDLE');insert into note(name,type) values('patchoulie','MIDDLE');insert into note(name,type) values('gray amber','MIDDLE');insert into note(name,type) values('black currant','MIDDLE');insert into note(name,type) values('vanilla absolute','MIDDLE');insert into note(name,type) values('moss','MIDDLE');insert into note(name,type) values('rum','MIDDLE');insert into note(name,type) values('woody notes','MIDDLE');insert into note(name,type) values('madagascar vanilla','MIDDLE');insert into note(name,type) values('honey','MIDDLE');insert into note(name,type) values('jasmine','MIDDLE');insert into note(name,type) values('powdery','MIDDLE');insert into note(name,type) values('cashmirwood','MIDDLE');insert into note(name,type) values('benzoin cinnamon','MIDDLE');insert into note(name,type) values('toffee','MIDDLE');insert into note(name,type) values('almond','MIDDLE');insert into note(name,type) values('guaiac','MIDDLE');insert into note(name,type) values('rose','MIDDLE');insert into note(name,type) values('mousse australian','MIDDLE');insert into note(name,type) values('silver moss','MIDDLE');insert into note(name,type) values('rich','MIDDLE');insert into note(name,type) values('indian patchouli','MIDDLE');insert into note(name,type) values('violet leaf','MIDDLE');insert into note(name,type) values('creamy buttery lactonic caramel','MIDDLE');insert into note(name,type) values('vanilla pod','MIDDLE');insert into note(name,type) values('birch','MIDDLE');insert into note(name,type) values('massoia','MIDDLE');insert into note(name,type) values('himalayan cedar','MIDDLE');insert into note(name,type) values('sweet wood','MIDDLE');insert into note(name,type) values('tobacco.','MIDDLE');insert into note(name,type) values('wood','MIDDLE');insert into note(name,type) values('leather','MIDDLE');insert into note(name,type) values('heather','MIDDLE');insert into note(name,type) values('vanilla orchid','MIDDLE');insert into note(name,type) values('seeds','MIDDLE');insert into note(name,type) values('iris','MIDDLE');insert into note(name,type) values('sandal','MIDDLE');insert into note(name,type) values('brazilian redwood','MIDDLE');insert into note(name,type) values('ambrette seeds','MIDDLE');insert into note(name,type) values('ambroxan','MIDDLE');insert into note(name,type) values('olive','MIDDLE');insert into note(name,type) values('aldehyde','MIDDLE');insert into note(name,type) values('tibetan musk','MIDDLE');insert into note(name,type) values('dry woodyamber','MIDDLE');insert into note(name,type) values('accord','MIDDLE');insert into note(name,type) values('ginger','MIDDLE');insert into note(name,type) values('roasted tonka grain','MIDDLE');insert into note(name,type) values('veti','MIDDLE');insert into note(name,type) values('almod milk','MIDDLE');insert into note(name,type) values('creamy musk','MIDDLE');insert into note(name,type) values('cedar wood','MIDDLE');insert into note(name,type) values('a','MIDDLE');insert into note(name,type) values('palisander rosemary','MIDDLE');insert into note(name,type) values('light wood','MIDDLE');insert into note(name,type) values('labdanum','MIDDLE');insert into note(name,type) values('tonka beans','MIDDLE');insert into note(name,type) values('georgywood','MIDDLE');insert into note(name,type) values('raspberry','MIDDLE');insert into note(name,type) values('note','MIDDLE');insert into note(name,type) values('myrrh','MIDDLE');insert into note(name,type) values('cotton plant blossom','MIDDLE');insert into note(name,type) values('plants','MIDDLE');insert into note(name,type) values('white flowers','MIDDLE');insert into note(name,type) values('living temple incense','MIDDLE');insert into note(name,type) values('rare wood','MIDDLE');insert into note(name,type) values('ebony wood','MIDDLE');insert into note(name,type) values('laotian','MIDDLE');insert into note(name,type) values('agarwood smoke','MIDDLE');insert into note(name,type) values('extract','MIDDLE');insert into note(name,type) values('woody accords','MIDDLE');insert into note(name,type) values('pepper','MIDDLE');insert into note(name,type) values('black','MIDDLE');insert into note(name,type) values('cotton candy','MIDDLE');insert into note(name,type) values('paraguayan lignum vitae','MIDDLE');insert into note(name,type) values('sensual woods','MIDDLE');insert into note(name,type) values('guimave','MIDDLE');insert into note(name,type) values('resin','MIDDLE');insert into note(name,type) values('gardenia','MIDDLE');insert into note(name,type) values('siam','MIDDLE');insert into note(name,type) values('flower','MIDDLE');insert into note(name,type) values('leathery','MIDDLE');insert into note(name,type) values('lotus','MIDDLE');insert into note(name,type) values('mineral','MIDDLE');insert into note(name,type) values('orchid','MIDDLE');insert into note(name,type) values('bean','MIDDLE');insert into note(name,type) values('chocolate','MIDDLE');insert into note(name,type) values('sandalwod','MIDDLE');insert into note(name,type) values('cistus','MIDDLE');insert into note(name,type) values('oriental','MIDDLE');insert into note(name,type) values('vetyver','MIDDLE');insert into note(name,type) values('suede musk sandalwood cashmeran','MIDDLE');insert into note(name,type) values('skin musk','MIDDLE');insert into note(name,type) values('musk','MIDDLE');insert into note(name,type) values('opoponax','MIDDLE');insert into note(name,type) values('virginia cedar','MIDDLE');insert into note(name,type) values('roots','MIDDLE');insert into note(name,type) values('root','MIDDLE');insert into note(name,type) values('woodsymusk base','MIDDLE');insert into note(name,type) values('redwood','MIDDLE');insert into note(name,type) values('chestnut','MIDDLE');insert into note(name,type) values('musty','MIDDLE');insert into note(name,type) values('styrax','MIDDLE');insert into note(name,type) values('mahogany','MIDDLE');insert into note(name,type) values('tahiti tonka','MIDDLE');insert into note(name,type) values('magnolia petals','MIDDLE');insert into note(name,type) values('crystal','MIDDLE');insert into note(name,type) values('dry','MIDDLE');insert into note(name,type) values('transparent','MIDDLE');insert into note(name,type) values('precious','MIDDLE');insert into note(name,type) values('woody leather','MIDDLE');insert into note(name,type) values('king wood','MIDDLE');insert into note(name,type) values('rippled sand accord','MIDDLE');insert into note(name,type) values('leather note','MIDDLE');insert into note(name,type) values('joshua','MIDDLE');insert into note(name,type) values('black violet','MIDDLE');insert into note(name,type) values('dry woods.','MIDDLE');insert into note(name,type) values('white cedar','MIDDLE');insert into note(name,type) values('accords','MIDDLE');insert into note(name,type) values('ambery','MIDDLE');insert into note(name,type) values('oud','MIDDLE');insert into note(name,type) values('tobacco','MIDDLE');insert into note(name,type) values('warm amber','MIDDLE');insert into note(name,type) values('muscs note','MIDDLE');insert into note(name,type) values('milk','MIDDLE');insert into note(name,type) values('rangoon creeper','MIDDLE');insert into note(name,type) values('atlas cedar','MIDDLE');insert into note(name,type) values('woodsy notes','MIDDLE');insert into note(name,type) values('golden woods musk','MIDDLE');insert into note(name,type) values('indian sandalwood','MIDDLE');insert into note(name,type) values('gaïac','MIDDLE');insert into note(name,type) values('orris','MIDDLE');insert into note(name,type) values('cacao','MIDDLE');insert into note(name,type) values('pressed','MIDDLE');insert into note(name,type) values('absolute vanilla orchid tahitensis','MIDDLE');insert into note(name,type) values('warm','MIDDLE');insert into note(name,type) values('lemon tree','MIDDLE');insert into note(name,type) values('dakota lilies','MIDDLE');insert into note(name,type) values('litchi','MIDDLE');insert into note(name,type) values('nutmeg','MIDDLE');insert into note(name,type) values('natural','MIDDLE');insert into note(name,type) values('maple','MIDDLE');insert into note(name,type) values('labdanum rum','MIDDLE');insert into note(name,type) values('guaiac wood','MIDDLE');insert into note(name,type) values('pelargonium','MIDDLE');insert into note(name,type) values('aromatic scents','MIDDLE');insert into note(name,type) values('australian','MIDDLE');insert into note(name,type) values('woody cashmeran','MIDDLE');insert into note(name,type) values('leaves','MIDDLE');insert into note(name,type) values('osmanthus','MIDDLE');insert into note(name,type) values('tolu balsam','MIDDLE');insert into note(name,type) values('caramel','MIDDLE');insert into note(name,type) values('agarwood oud','MIDDLE');insert into note(name,type) values('lemon','MIDDLE');insert into note(name,type) values('cashere woods','MIDDLE');insert into note(name,type) values('white wood','MIDDLE');insert into note(name,type) values('amberwood','MIDDLE');insert into note(name,type) values('agarwood','MIDDLE');insert into note(name,type) values('blue','MIDDLE');insert into note(name,type) values('diamond musk','MIDDLE');insert into note(name,type) values('oil','MIDDLE');insert into note(name,type) values('violet','MIDDLE');insert into note(name,type) values('white woods','MIDDLE');insert into note(name,type) values('civet','MIDDLE');insert into note(name,type) values('powdery vanilla','MIDDLE');insert into note(name,type) values('sensual oriental character  gaiac wood','MIDDLE');insert into note(name,type) values('tuberose','MIDDLE');insert into note(name,type) values('vintage','MIDDLE');insert into note(name,type) values('california cedar','MIDDLE');insert into note(name,type) values('beeswax','MIDDLE');insert into note(name,type) values('peach blossom','MIDDLE');insert into note(name,type) values('ambra','MIDDLE');insert into note(name,type) values('balsam vetiver','MIDDLE');insert into note(name,type) values('skin','MIDDLE');insert into note(name,type) values('vetiver','MIDDLE');insert into note(name,type) values('sandal wood','MIDDLE');insert into note(name,type) values('apricot','MIDDLE');insert into note(name,type) values('animal','MIDDLE');insert into note(name,type) values('indonesian','MIDDLE');insert into note(name,type) values('indonesian patchouli essence','MIDDLE');insert into note(name,type) values('leatherwood','MIDDLE');insert into note(name,type) values('leather tonka bean','MIDDLE');insert into note(name,type) values('mix','MIDDLE');insert into note(name,type) values('sensual','MIDDLE');insert into note(name,type) values('masculine','MIDDLE');insert into note(name,type) values('celery','MIDDLE');insert into note(name,type) values('labdanun','MIDDLE');insert into note(name,type) values('woody note','MIDDLE');insert into note(name,type) values('valley','MIDDLE');insert into note(name,type) values('pods','MIDDLE');insert into note(name,type) values('balsam fir','MIDDLE');insert into note(name,type) values('praline','MIDDLE');insert into note(name,type) values('vanillastyrax','MIDDLE');insert into note(name,type) values('benzointolu','MIDDLE');insert into note(name,type) values('salt','MIDDLE');insert into note(name,type) values('violet root','MIDDLE');insert into note(name,type) values('almonds','MIDDLE');insert into note(name,type) values('tail rose','MIDDLE');insert into note(name,type) values('pacsuli','MIDDLE');insert into note(name,type) values('woodyamber','MIDDLE');insert into note(name,type) values('cloves','MIDDLE');insert into note(name,type) values('velvet','MIDDLE');insert into note(name,type) values('benzoin','MIDDLE');insert into note(name,type) values('blackberry','MIDDLE');insert into note(name,type) values('burnt','MIDDLE');insert into note(name,type) values('amber fat','MIDDLE');insert into note(name,type) values('heliotropine','MIDDLE');insert into note(name,type) values('vanilla bean','MIDDLE');insert into note(name,type) values('fruity','MIDDLE');insert into note(name,type) values('berries','MIDDLE');insert into note(name,type) values('aandal','MIDDLE');insert into note(name,type) values('caramel musk','MIDDLE');insert into note(name,type) values('creamy vanilla','MIDDLE');insert into note(name,type) values('palisander','MIDDLE');insert into note(name,type) values('an','BASE');insert into note(name,type) values('burning oud','BASE');insert into note(name,type) values('sandalwood','BASE');insert into note(name,type) values('apple','BASE');insert into note(name,type) values('honeysuckles','BASE');insert into note(name,type) values('intensively','BASE');insert into note(name,type) values('sea','BASE');insert into note(name,type) values('sichuan','BASE');insert into note(name,type) values('red','BASE');insert into note(name,type) values('olibanum','BASE');insert into note(name,type) values('carambola','BASE');insert into note(name,type) values('white','BASE');insert into note(name,type) values('musky','BASE');insert into note(name,type) values('nectarine','BASE');insert into note(name,type) values('juniperberry','BASE');insert into note(name,type) values('vanilla','BASE');insert into note(name,type) values('pineapple leaf','BASE');insert into note(name,type) values('pink freesia','BASE');insert into note(name,type) values('fleur','BASE');insert into note(name,type) values('sweet napolitano cake','BASE');insert into note(name,type) values('sweet','BASE');insert into note(name,type) values('cactus','BASE');insert into note(name,type) values('pine','BASE');insert into note(name,type) values('woods','BASE');insert into note(name,type) values('milky','BASE');insert into note(name,type) values('butterfly','BASE');insert into note(name,type) values('floral bouquet','BASE');insert into note(name,type) values('sweet fruity raspberry nuance','BASE');insert into note(name,type) values('muguet','BASE');insert into note(name,type) values('the','BASE');insert into note(name,type) values('floral','BASE');insert into note(name,type) values('sea notes','BASE');insert into note(name,type) values('creamy honey','BASE');insert into note(name,type) values('orris root','BASE');insert into note(name,type) values('cranberries','BASE');insert into note(name,type) values('moroccan jasmine','BASE');insert into note(name,type) values('pimiento','BASE');insert into note(name,type) values('cherry','BASE');insert into note(name,type) values('bourbon pepper','BASE');insert into note(name,type) values('rosewood','BASE');insert into note(name,type) values('fresh','BASE');insert into note(name,type) values('dried fruit','BASE');insert into note(name,type) values('lotus blossom','BASE');insert into note(name,type) values('mai','BASE');insert into note(name,type) values('ginger flower','BASE');insert into note(name,type) values('amber','BASE');insert into note(name,type) values('ylangylang','BASE');insert into note(name,type) values('magnalio','BASE');insert into note(name,type) values('spices','BASE');insert into note(name,type) values('creamy','BASE');insert into note(name,type) values('extracomoros','BASE');insert into note(name,type) values('wisteria','BASE');insert into note(name,type) values('coffee','BASE');insert into note(name,type) values('white peach','BASE');insert into note(name,type) values('granny','BASE');insert into note(name,type) values('cinnamon','BASE');insert into note(name,type) values('maninka','BASE');insert into note(name,type) values('pineapple','BASE');insert into note(name,type) values('soft','BASE');insert into note(name,type) values('african','BASE');insert into note(name,type) values('arabic','BASE');insert into note(name,type) values('unexpected carrot','BASE');insert into note(name,type) values('rose hip','BASE');insert into note(name,type) values('elegant jasmine','BASE');insert into note(name,type) values('oudh','BASE');insert into note(name,type) values('leaf','BASE');insert into note(name,type) values('cassia','BASE');insert into note(name,type) values('melon','BASE');insert into note(name,type) values('smoky','BASE');insert into note(name,type) values('rose hip red cyclamen','BASE');insert into note(name,type) values('carrot seeds','BASE');insert into note(name,type) values('moroccan','BASE');insert into note(name,type) values('orange blossom absolute','BASE');insert into note(name,type) values('hot','BASE');insert into note(name,type) values('hay','BASE');insert into note(name,type) values('rose damascena essence','BASE');insert into note(name,type) values('wormwood cashmere wood','BASE');insert into note(name,type) values('agar','BASE');insert into note(name,type) values('big strawberry','BASE');insert into note(name,type) values('mint','BASE');insert into note(name,type) values('neroli','BASE');insert into note(name,type) values('hibiscus','BASE');insert into note(name,type) values('freesia','BASE');insert into note(name,type) values('bay leaves','BASE');insert into note(name,type) values('davana','BASE');insert into note(name,type) values('vanille','BASE');insert into note(name,type) values('american','BASE');insert into note(name,type) values('nightblooming jasmine','BASE');insert into note(name,type) values('green grass','BASE');insert into note(name,type) values('sambac','BASE');insert into note(name,type) values('sichuan pepper','BASE');insert into note(name,type) values('ambergris','BASE');insert into note(name,type) values('cashmere wood','BASE');insert into note(name,type) values('salted vanilla','BASE');insert into note(name,type) values('pine tree needles','BASE');insert into note(name,type) values('virility','BASE');insert into note(name,type) values('jasmin','BASE');insert into note(name,type) values('apple blossom','BASE');insert into note(name,type) values('wild','BASE');insert into note(name,type) values('aromas','BASE');insert into note(name,type) values('charismatic','BASE');insert into note(name,type) values('silver','BASE');insert into note(name,type) values('eucalyptus','BASE');insert into note(name,type) values('carrot','BASE');insert into note(name,type) values('woodsy','BASE');insert into note(name,type) values('small coconut','BASE');insert into note(name,type) values('red rose','BASE');insert into note(name,type) values('guatemalan cardamom','BASE');insert into note(name,type) values('peppery','BASE');insert into note(name,type) values('carnation','BASE');insert into note(name,type) values('african orange flower','BASE');insert into note(name,type) values('bluebell','BASE');insert into note(name,type) values('indian ginger','BASE');insert into note(name,type) values('coconut','BASE');insert into note(name,type) values('sambac jasmine','BASE');insert into note(name,type) values('oak moss','BASE');insert into note(name,type) values('balsam','BASE');insert into note(name,type) values('orange flower','BASE');insert into note(name,type) values('passionfruit','BASE');insert into note(name,type) values('bark','BASE');insert into note(name,type) values('amyris','BASE');insert into note(name,type) values('coral jasmine','BASE');insert into note(name,type) values('ceadarwood','BASE');insert into note(name,type) values('cedar','BASE');insert into note(name,type) values('red fruits','BASE');insert into note(name,type) values('haiti','BASE');insert into note(name,type) values('peony','BASE');insert into note(name,type) values('lantana flower','BASE');insert into note(name,type) values('floral notes','BASE');insert into note(name,type) values('delicate','BASE');insert into note(name,type) values('distinct','BASE');insert into note(name,type) values('intoxicating','BASE');insert into note(name,type) values('orange tree blossom','BASE');insert into note(name,type) values('cumin','BASE');insert into note(name,type) values('fir','BASE');insert into note(name,type) values('black basil','BASE');insert into note(name,type) values('pine tree','BASE');insert into note(name,type) values('clary sage','BASE');insert into note(name,type) values('hiacynth','BASE');insert into note(name,type) values('strawberry','BASE');insert into note(name,type) values('cedarwood','BASE');insert into note(name,type) values('lilyofthevalley','BASE');insert into note(name,type) values('pear','BASE');insert into note(name,type) values('','BASE');insert into note(name,type) values('orange blossom','BASE');insert into note(name,type) values('turkish rose gardenia cyclamen','BASE');insert into note(name,type) values('tea','BASE');insert into note(name,type) values('cacao pod','BASE');insert into note(name,type) values('harmony','BASE');insert into note(name,type) values('lemd de santal','BASE');insert into note(name,type) values('cotton','BASE');insert into note(name,type) values('orange bloosm','BASE');insert into note(name,type) values('sunflower','BASE');insert into note(name,type) values('pimento','BASE');insert into note(name,type) values('genisteae','BASE');insert into note(name,type) values('patchouli','BASE');insert into note(name,type) values('black opium coffee','BASE');insert into note(name,type) values('lychee','BASE');insert into note(name,type) values('delightfully sweet ylangylang','BASE');insert into note(name,type) values('brazilian rosewood','BASE');insert into note(name,type) values('hibiscus seeds','BASE');insert into note(name,type) values('hyacinth','BASE');insert into note(name,type) values('coumarin','BASE');insert into note(name,type) values('white pepper','BASE');insert into note(name,type) values('gaiak wood','BASE');insert into note(name,type) values('watery notes','BASE');insert into note(name,type) values('trace','BASE');insert into note(name,type) values('tonka','BASE');insert into note(name,type) values('kiwi','BASE');insert into note(name,type) values('haitian vetiver','BASE');insert into note(name,type) values('agave','BASE');insert into note(name,type) values('caraway','BASE');insert into note(name,type) values('chinese osmanthus','BASE');insert into note(name,type) values('absolute','BASE');insert into note(name,type) values('damascus plum','BASE');insert into note(name,type) values('seed','BASE');insert into note(name,type) values('white musk','BASE');insert into note(name,type) values('egyptian jasmine','BASE');insert into note(name,type) values('green','BASE');insert into note(name,type) values('muguet petals','BASE');insert into note(name,type) values('red lily','BASE');insert into note(name,type) values('sicilian lemon','BASE');insert into note(name,type) values('cuddly','BASE');insert into note(name,type) values('cashmere','BASE');insert into note(name,type) values('??sichuan','BASE');insert into note(name,type) values('range blossom','BASE');insert into note(name,type) values('laurels','BASE');insert into note(name,type) values('lemongrass','BASE');insert into note(name,type) values('petal','BASE');insert into note(name,type) values('animalistic floral','BASE');insert into note(name,type) values('danmask rose','BASE');insert into note(name,type) values('lemon blossom','BASE');insert into note(name,type) values('stephanotis','BASE');insert into note(name,type) values('bergamot','BASE');insert into note(name,type) values('blossom','BASE');insert into note(name,type) values('frangipani','BASE');insert into note(name,type) values('white rose','BASE');insert into note(name,type) values('pink','BASE');insert into note(name,type) values('musks','BASE');insert into note(name,type) values('lavandin','BASE');insert into note(name,type) values('hip','BASE');insert into note(name,type) values('calone','BASE');insert into note(name,type) values('licorice','BASE');insert into note(name,type) values('golden','BASE');insert into note(name,type) values('woody','BASE');insert into note(name,type) values('papyrus','BASE');insert into note(name,type) values('false jasmine','BASE');insert into note(name,type) values('peach','BASE');insert into note(name,type) values('shepherd','BASE');insert into note(name,type) values('gardenias','BASE');insert into note(name,type) values('nashi','BASE');insert into note(name,type) values('star','BASE');insert into note(name,type) values('cyclamen','BASE');insert into note(name,type) values('oud wood','BASE');insert into note(name,type) values('guaiac tree','BASE');insert into note(name,type) values('mixed','BASE');insert into note(name,type) values('jacaranda wood','BASE');insert into note(name,type) values('chamomile','BASE');insert into note(name,type) values('guatemalan','BASE');insert into note(name,type) values('lily','BASE');insert into note(name,type) values('water jasmine','BASE');insert into note(name,type) values('roses','BASE');insert into note(name,type) values('mahonial','BASE');insert into note(name,type) values('sugar','BASE');insert into note(name,type) values('tropical fruits','BASE');insert into note(name,type) values('caribbean magnolia','BASE');insert into note(name,type) values('clove','BASE');insert into note(name,type) values('mandarin orange','BASE');insert into note(name,type) values('jasmine sambac','BASE');insert into note(name,type) values('notes','BASE');insert into note(name,type) values('anise','BASE');insert into note(name,type) values('haitian','BASE');insert into note(name,type) values('redolent','BASE');insert into note(name,type) values('teak wood','BASE');insert into note(name,type) values('magnolia','BASE');insert into note(name,type) values('strawberries','BASE');insert into note(name,type) values('arum lily','BASE');insert into note(name,type) values('tonka bean','BASE');insert into note(name,type) values('juniper','BASE');insert into note(name,type) values('quince','BASE');insert into note(name,type) values('spicy','BASE');insert into note(name,type) values('cypress','BASE');insert into note(name,type) values('living patchouli flower','BASE');insert into note(name,type) values('grapefruit','BASE');insert into note(name,type) values('fused','BASE');insert into note(name,type) values('tanzanian','BASE');insert into note(name,type) values('saffron','BASE');insert into note(name,type) values('geranium','BASE');insert into note(name,type) values('aquaspace','BASE');insert into note(name,type) values('bulgarian rose','BASE');insert into note(name,type) values('frankincense','BASE');insert into note(name,type) values('pineapple flower','BASE');insert into note(name,type) values('lebanese neroli','BASE');insert into note(name,type) values('tubereuse','BASE');insert into note(name,type) values('fruity notes','BASE');insert into note(name,type) values('plum','BASE');insert into note(name,type) values('jasmine petals','BASE');insert into note(name,type) values('tree','BASE');insert into note(name,type) values('cardamom','BASE');insert into note(name,type) values('jasmine absolute','BASE');insert into note(name,type) values('ylang','BASE');insert into note(name,type) values('violaciocca','BASE');insert into note(name,type) values('brazilian','BASE');insert into note(name,type) values('osmanthus flower','BASE');insert into note(name,type) values('driftwood','BASE');insert into note(name,type) values('sandalwood.','BASE');insert into note(name,type) values('hedione','BASE');insert into note(name,type) values('flowers','BASE');insert into note(name,type) values('incense','BASE');insert into note(name,type) values('mauritanian','BASE');insert into note(name,type) values('zests','BASE');insert into note(name,type) values('heart','BASE');insert into note(name,type) values('heliotrope','BASE');insert into note(name,type) values('essences','BASE');insert into note(name,type) values('oakmoss','BASE');insert into note(name,type) values('moroccan rose','BASE');insert into note(name,type) values('neroli absolute','BASE');insert into note(name,type) values('grapefruit blossom','BASE');insert into note(name,type) values('indian','BASE');insert into note(name,type) values('violets','BASE');insert into note(name,type) values('coriander','BASE');insert into note(name,type) values('marine','BASE');insert into note(name,type) values('currant','BASE');insert into note(name,type) values('tiare','BASE');insert into note(name,type) values('plums','BASE');insert into note(name,type) values('pearlescent','BASE');insert into note(name,type) values('lavenday','BASE');insert into note(name,type) values('uity red currant blossoms','BASE');insert into note(name,type) values('black currant','BASE');insert into note(name,type) values('egyptian musk','BASE');insert into note(name,type) values('natural rose absolute','BASE');insert into note(name,type) values('moss','BASE');insert into note(name,type) values('crisp green notes','BASE');insert into note(name,type) values('rum','BASE');insert into note(name,type) values('woody notes','BASE');insert into note(name,type) values('madagascar vanilla','BASE');insert into note(name,type) values('flower petals','BASE');insert into note(name,type) values('tiare flower','BASE');insert into note(name,type) values('petals','BASE');insert into note(name,type) values('honey','BASE');insert into note(name,type) values('jasmine','BASE');insert into note(name,type) values('powdery','BASE');insert into note(name,type) values('cashmirwood','BASE');insert into note(name,type) values('flowers herb shepherd','BASE');insert into note(name,type) values('lebanese','BASE');insert into note(name,type) values('almond','BASE');insert into note(name,type) values('rose','BASE');insert into note(name,type) values('guaiac','BASE');insert into note(name,type) values('plumeria','BASE');insert into note(name,type) values('amber nuanced clary sage','BASE');insert into note(name,type) values('cool','BASE');insert into note(name,type) values('dried fruits.','BASE');insert into note(name,type) values('white freesia','BASE');insert into note(name,type) values('spiced','BASE');insert into note(name,type) values('in','BASE');insert into note(name,type) values('violet leaf','BASE');insert into note(name,type) values('magnoli','BASE');insert into note(name,type) values('birch','BASE');insert into note(name,type) values('papyrus wood','BASE');insert into note(name,type) values('honey suckle','BASE');insert into note(name,type) values('elemi','BASE');insert into note(name,type) values('dried fruits','BASE');insert into note(name,type) values('needles','BASE');insert into note(name,type) values('nutmeg oil','BASE');insert into note(name,type) values('red pepper','BASE');insert into note(name,type) values('birch leaf','BASE');insert into note(name,type) values('wood','BASE');insert into note(name,type) values('pine apple','BASE');insert into note(name,type) values('majorjam','BASE');insert into note(name,type) values('leather','BASE');insert into note(name,type) values('vanilla orchid','BASE');insert into note(name,type) values('mimosa','BASE');insert into note(name,type) values('iris','BASE');insert into note(name,type) values('jasmine tea','BASE');insert into note(name,type) values('de','BASE');insert into note(name,type) values('african geranium','BASE');insert into note(name,type) values('white honey','BASE');insert into note(name,type) values('night queen flower','BASE');insert into note(name,type) values('evergreen cypress','BASE');insert into note(name,type) values('ambroxan','BASE');insert into note(name,type) values('olive','BASE');insert into note(name,type) values('rosemary','BASE');insert into note(name,type) values('bitter almond','BASE');insert into note(name,type) values('luxurious','BASE');insert into note(name,type) values('tea rose','BASE');insert into note(name,type) values('verbena','BASE');insert into note(name,type) values('rose geranium','BASE');insert into note(name,type) values('violet leaves','BASE');insert into note(name,type) values('accord','BASE');insert into note(name,type) values('tea accord','BASE');insert into note(name,type) values('aromatic','BASE');insert into note(name,type) values('green leaves','BASE');insert into note(name,type) values('ginger','BASE');insert into note(name,type) values('delicate musk fragrance','BASE');insert into note(name,type) values('turkish','BASE');insert into note(name,type) values('sun rose','BASE');insert into note(name,type) values('wild jasmine','BASE');insert into note(name,type) values('vegetal','BASE');insert into note(name,type) values('red currant blossom','BASE');insert into note(name,type) values('cedar wood','BASE');insert into note(name,type) values('orange blossom extract','BASE');insert into note(name,type) values('crisp','BASE');insert into note(name,type) values('a','BASE');insert into note(name,type) values('black orchid','BASE');insert into note(name,type) values('spicy notes','BASE');insert into note(name,type) values('exotic','BASE');insert into note(name,type) values('juniper berries','BASE');insert into note(name,type) values('labdanum','BASE');insert into note(name,type) values('seductive tuberose','BASE');insert into note(name,type) values('tonka beans','BASE');insert into note(name,type) values('red berries','BASE');insert into note(name,type) values('whiskey','BASE');insert into note(name,type) values('raspberry','BASE');insert into note(name,type) values('asphalt','BASE');insert into note(name,type) values('cassis','BASE');insert into note(name,type) values('rhythm','BASE');insert into note(name,type) values('myrrh','BASE');insert into note(name,type) values('champaca flower','BASE');insert into note(name,type) values('zest','BASE');insert into note(name,type) values('white flowers','BASE');insert into note(name,type) values('florals','BASE');insert into note(name,type) values('basil','BASE');insert into note(name,type) values('chinee jasmine','BASE');insert into note(name,type) values('petitgrain','BASE');insert into note(name,type) values('watermelon','BASE');insert into note(name,type) values('lotus flower','BASE');insert into note(name,type) values('bulgarian pink violet','BASE');insert into note(name,type) values('citric','BASE');insert into note(name,type) values('exotic amethyst freesia','BASE');insert into note(name,type) values('pink pepper','BASE');insert into note(name,type) values('pepper','BASE');insert into note(name,type) values('black','BASE');insert into note(name,type) values('cotton candy','BASE');insert into note(name,type) values('orange','BASE');insert into note(name,type) values('bamboo','BASE');insert into note(name,type) values('resin','BASE');insert into note(name,type) values('gardenia','BASE');insert into note(name,type) values('flower','BASE');insert into note(name,type) values('cashmir wood','BASE');insert into note(name,type) values('lotus','BASE');insert into note(name,type) values('black leather','BASE');insert into note(name,type) values('orchid','BASE');insert into note(name,type) values('bean','BASE');insert into note(name,type) values('chocolate','BASE');insert into note(name,type) values('citrus orchards','BASE');insert into note(name,type) values('cistus','BASE');insert into note(name,type) values('nectar','BASE');insert into note(name,type) values('chinese cedar','BASE');insert into note(name,type) values('water lily','BASE');insert into note(name,type) values('fennel','BASE');insert into note(name,type) values('musk','BASE');insert into note(name,type) values('damask','BASE');insert into note(name,type) values('coral','BASE');insert into note(name,type) values('are','BASE');insert into note(name,type) values('sambac jasmine absolute','BASE');insert into note(name,type) values('powder','BASE');insert into note(name,type) values('opoponax','BASE');insert into note(name,type) values('sensuality','BASE');insert into note(name,type) values('rose absolute','BASE');insert into note(name,type) values('yellow','BASE');insert into note(name,type) values('virginia cedar','BASE');insert into note(name,type) values('living osmanthus flower','BASE');insert into note(name,type) values('bakhoor','BASE');insert into note(name,type) values('tones','BASE');insert into note(name,type) values('broom','BASE');insert into note(name,type) values('root','BASE');insert into note(name,type) values('luscious narcissus','BASE');insert into note(name,type) values('ylang ylang','BASE');insert into note(name,type) values('fishing','BASE');insert into note(name,type) values('cold woodsy iris','BASE');insert into note(name,type) values('styrax','BASE');insert into note(name,type) values('candy','BASE');insert into note(name,type) values('lebanese cedar','BASE');insert into note(name,type) values('elegant','BASE');insert into note(name,type) values('ceylon tea','BASE');insert into note(name,type) values('blossoms','BASE');insert into note(name,type) values('black peony','BASE');insert into note(name,type) values('essence','BASE');insert into note(name,type) values('aromatic accords','BASE');insert into note(name,type) values('hint','BASE');insert into note(name,type) values('red apple','BASE');insert into note(name,type) values('slice','BASE');insert into note(name,type) values('leather notes','BASE');insert into note(name,type) values('ambregris','BASE');insert into note(name,type) values('orrange blossom','BASE');insert into note(name,type) values('turkish rose absolute','BASE');insert into note(name,type) values('dry','BASE');insert into note(name,type) values('bourbon','BASE');insert into note(name,type) values('cupcake','BASE');insert into note(name,type) values('cranberry','BASE');insert into note(name,type) values('white muguet','BASE');insert into note(name,type) values('rose water','BASE');insert into note(name,type) values('rooibos tea extract red bush tea','BASE');insert into note(name,type) values('fruit','BASE');insert into note(name,type) values('smith','BASE');insert into note(name,type) values('blue hyacinth','BASE');insert into note(name,type) values('tiare lily','BASE');insert into note(name,type) values('hibiscus seed','BASE');insert into note(name,type) values('subtle','BASE');insert into note(name,type) values('narcissus','BASE');insert into note(name,type) values('accords','BASE');insert into note(name,type) values('mirabelle plum','BASE');insert into note(name,type) values('rose petals','BASE');insert into note(name,type) values('dried','BASE');insert into note(name,type) values('grenadine','BASE');insert into note(name,type) values('sesame','BASE');insert into note(name,type) values('rare','BASE');insert into note(name,type) values('cupcakes','BASE');insert into note(name,type) values('indian tuberose','BASE');insert into note(name,type) values('tobacco','BASE');insert into note(name,type) values('floral spicy','BASE');insert into note(name,type) values('luminous orange blossom','BASE');insert into note(name,type) values('white chocolate orchid','BASE');insert into note(name,type) values('star anise','BASE');insert into note(name,type) values('fruits','BASE');insert into note(name,type) values('tuber rose','BASE');insert into note(name,type) values('daffodil','BASE');insert into note(name,type) values('milk','BASE');insert into note(name,type) values('rose de mai','BASE');insert into note(name,type) values('resinous','BASE');insert into note(name,type) values('thyme','BASE');insert into note(name,type) values('tahitian tiare flowers','BASE');insert into note(name,type) values('turkish rose','BASE');insert into note(name,type) values('orris','BASE');insert into note(name,type) values('green notes','BASE');insert into note(name,type) values('sage','BASE');insert into note(name,type) values('warm','BASE');insert into note(name,type) values('candied','BASE');insert into note(name,type) values('litchi','BASE');insert into note(name,type) values('cardomon','BASE');insert into note(name,type) values('clementine','BASE');insert into note(name,type) values('south','BASE');insert into note(name,type) values('ginger lily','BASE');insert into note(name,type) values('woodyfloral','BASE');insert into note(name,type) values('iris.','BASE');insert into note(name,type) values('seductress','BASE');insert into note(name,type) values('nutmeg','BASE');insert into note(name,type) values('paco rabanne olympea','BASE');insert into note(name,type) values('pelargonium','BASE');insert into note(name,type) values('guaiac wood','BASE');insert into note(name,type) values('peony tiare','BASE');insert into note(name,type) values('honeysuckle','BASE');insert into note(name,type) values('lys','BASE');insert into note(name,type) values('leaves','BASE');insert into note(name,type) values('osmanthus','BASE');insert into note(name,type) values('ozonic notes','BASE');insert into note(name,type) values('lili','BASE');insert into note(name,type) values('caramel','BASE');insert into note(name,type) values('agarwood oud','BASE');insert into note(name,type) values('mexican','BASE');insert into note(name,type) values('wild rose','BASE');insert into note(name,type) values('lemon','BASE');insert into note(name,type) values('ozonic','BASE');insert into note(name,type) values('white wood','BASE');insert into note(name,type) values('blackcurrant','BASE');insert into note(name,type) values('ceylon cinnamon','BASE');insert into note(name,type) values('agarwood','BASE');insert into note(name,type) values('blue','BASE');insert into note(name,type) values('lovely vanilla','BASE');insert into note(name,type) values('lilac','BASE');insert into note(name,type) values('water','BASE');insert into note(name,type) values('concrete','BASE');insert into note(name,type) values('violet','BASE');insert into note(name,type) values('rose absolu','BASE');insert into note(name,type) values('comprise','BASE');insert into note(name,type) values('chinese','BASE');insert into note(name,type) values('sichaun pepper','BASE');insert into note(name,type) values('black pepper','BASE');insert into note(name,type) values('nerium oleander','BASE');insert into note(name,type) values('may rose','BASE');insert into note(name,type) values('alliance','BASE');insert into note(name,type) values('iso e super','BASE');insert into note(name,type) values('hazelnut','BASE');insert into note(name,type) values('tuberose','BASE');insert into note(name,type) values('shaving soap','BASE');insert into note(name,type) values('lively','BASE');insert into note(name,type) values('peach blossom','BASE');insert into note(name,type) values('dark','BASE');insert into note(name,type) values('vetiver','BASE');insert into note(name,type) values('muget','BASE');insert into note(name,type) values('lavender extract','BASE');insert into note(name,type) values('apricot','BASE');insert into note(name,type) values('love','BASE');insert into note(name,type) values('dry birch','BASE');insert into note(name,type) values('jasmin sambac','BASE');insert into note(name,type) values('casablanca','BASE');insert into note(name,type) values('rice','BASE');insert into note(name,type) values('bran','BASE');insert into note(name,type) values('princess lily','BASE');insert into note(name,type) values('mimose','BASE');insert into note(name,type) values('kiwano','BASE');insert into note(name,type) values('pink peony','BASE');insert into note(name,type) values('ambrofix','BASE');insert into note(name,type) values('delicate bulgarian rose','BASE');insert into note(name,type) values('clary','BASE');insert into note(name,type) values('marigold','BASE');insert into note(name,type) values('amaryllis','BASE');insert into note(name,type) values('raspberry vilolet','BASE');insert into note(name,type) values('ylang  ylang','BASE');insert into note(name,type) values('tarragon','BASE');insert into note(name,type) values('valley','BASE');insert into note(name,type) values('seaweed','BASE');insert into note(name,type) values('praline','BASE');insert into note(name,type) values('dewy english roses','BASE');insert into note(name,type) values('chrysanthemum','BASE');insert into note(name,type) values('clean','BASE');insert into note(name,type) values('moepel accord','BASE');insert into note(name,type) values('vanilla flowers','BASE');insert into note(name,type) values('blue orris accord','BASE');insert into note(name,type) values('floral petal','BASE');insert into note(name,type) values('teakwood','BASE');insert into note(name,type) values('salt','BASE');insert into note(name,type) values('patchouli leaves','BASE');insert into note(name,type) values('ylangylan','BASE');insert into note(name,type) values('lavender sage','BASE');insert into note(name,type) values('violet root','BASE');insert into note(name,type) values('almonds','BASE');insert into note(name,type) values('bulgarian rose absolute','BASE');insert into note(name,type) values('iris root','BASE');insert into note(name,type) values('cloves','BASE');insert into note(name,type) values('galbanum','BASE');insert into note(name,type) values('water notes','BASE');insert into note(name,type) values('plam tree','BASE');insert into note(name,type) values('blackberry','BASE');insert into note(name,type) values('benzoin','BASE');insert into note(name,type) values('roasted','BASE');insert into note(name,type) values('star apple','BASE');insert into note(name,type) values('coca','BASE');insert into note(name,type) values('violet sandalwood','BASE');insert into note(name,type) values('walnut','BASE');insert into note(name,type) values('lilyofthe valley','BASE');insert into note(name,type) values('bulgarian','BASE');insert into note(name,type) values('chilled vodka','BASE');insert into note(name,type) values('lavender','BASE');insert into note(name,type) values('reseda','BASE');insert into note(name,type) values('berries','BASE');insert into note(name,type) values('fruity','BASE');insert into note(name,type) values('floral accent','BASE');insert into note(name,type) values('softened','BASE');insert into note(name,type) values('orange blossoms','BASE');insert into note(name,type) values('fruitygourmand','BASE');insert into note(name,type) values('bay leaf','BASE');insert into perfume(perfume_id,concentration,image,name,price,rating,gender,volume,brand_id) values( '0','EDT','perfumes/0.jpg',"1 Million Lucky",3000,'5.0',0,'100.0',(select brand_id from brand where name="PACO RABANNE"));insert into perfume_note(perfume_id,note_id) values( 0,(select note_id from note where name='woody' and type='TOP'));insert into perfume_note(perfume_id,note_id) values (0,(select note_id from note where name='patchouli' and type='MIDDLE'));insert into perfume_note(perfume_id,note_id) values (0,(select note_id from note where name='vetiver' and type='MIDDLE'));insert into perfume_note(perfume_id,note_id) values (0,(select note_id from note where name='oakmoss' and type='MIDDLE'));insert into perfume_note(perfume_id,note_id) values (0,(select note_id from note where name='jasmine' and type='BASE'));insert into perfume_note(perfume_id,note_id) values (0,(select note_id from note where name='cashmir wood' and type='BASE'));insert into perfume_note(perfume_id,note_id) values (0,(select note_id from note where name='cedar' and type='BASE'));insert into perfume_note(perfume_id,note_id) values (0,(select note_id from note where name='honey' and type='BASE'));insert into perfume_note(perfume_id,note_id) values (0,(select note_id from note where name='hazelnut' and type='BASE'));insert into perfume(perfume_id,concentration,image,name,price,rating,gender,volume,brand_id) values( '1','EDP','perfumes/1.jpg',"Paradiso Assoluto",3000,'4.8',0,'50.0',(select brand_id from brand where name="Roberto Cavalli"));insert into perfume_note(perfume_id,note_id) values( 1,(select note_id from note where name='floral' and type='TOP'));insert into perfume_note(perfume_id,note_id) values (1,(select note_id from note where name='patchouli' and type='MIDDLE'));insert into perfume_note(perfume_id,note_id) values (1,(select note_id from note where name='sandalwood' and type='MIDDLE'));insert into perfume_note(perfume_id,note_id) values (1,(select note_id from note where name='vanilla' and type='MIDDLE'));insert into perfume_note(perfume_id,note_id) values (1,(select note_id from note where name='lily' and type='BASE'));insert into perfume_note(perfume_id,note_id) values (1,(select note_id from note where name='wild' and type='BASE'));insert into perfume_note(perfume_id,note_id) values (1,(select note_id from note where name='jasmine' and type='BASE'));insert into perfume_note(perfume_id,note_id) values (1,(select note_id from note where name='red' and type='BASE'));insert into perfume(perfume_id,concentration,image,name,price,rating,gender,volume,brand_id) values( '2','EDP','perfumes/2.jpg',"Royal Amber",3000,'5.0',0,'100.0',(select brand_id from brand where name="S.T.Dupont"));insert into perfume_note(perfume_id,note_id) values( 2,(select note_id from note where name='arabian' and type='TOP'));insert into perfume_note(perfume_id,note_id) values (2,(select note_id from note where name='mint' and type='MIDDLE'));insert into perfume_note(perfume_id,note_id) values (2,(select note_id from note where name='wood moss' and type='MIDDLE'));insert into perfume_note(perfume_id,note_id) values (2,(select note_id from note where name='lemon' and type='MIDDLE'));insert into perfume_note(perfume_id,note_id) values (2,(select note_id from note where name='cedar' and type='BASE'));insert into perfume_note(perfume_id,note_id) values (2,(select note_id from note where name='sandalwood' and type='BASE'));insert into perfume(perfume_id,concentration,image,name,price,rating,gender,volume,brand_id) values( '3','EDT','perfumes/3.jpg',"Seductive Blue",3000,'3.0',0,'100.0',(select brand_id from brand where name="GUESS"));insert into perfume_note(perfume_id,note_id) values( 3,(select note_id from note where name='spicy' and type='TOP'));insert into perfume_note(perfume_id,note_id) values (3,(select note_id from note where name='moss' and type='MIDDLE'));insert into perfume_note(perfume_id,note_id) values (3,(select note_id from note where name='cashmere wood' and type='MIDDLE'));insert into perfume_note(perfume_id,note_id) values (3,(select note_id from note where name='rippled sand accord' and type='MIDDLE'));insert into perfume_note(perfume_id,note_id) values (3,(select note_id from note where name='blue' and type='BASE'));insert into perfume_note(perfume_id,note_id) values (3,(select note_id from note where name='accord' and type='BASE'));insert into perfume_note(perfume_id,note_id) values (3,(select note_id from note where name='aquaspace' and type='BASE'));insert into perfume_note(perfume_id,note_id) values (3,(select note_id from note where name='geranium' and type='BASE'));insert into perfume_note(perfume_id,note_id) values (3,(select note_id from note where name='coral' and type='BASE'));insert into perfume(perfume_id,concentration,image,name,price,rating,gender,volume,brand_id) values( '4','EDP','perfumes/4.jpg',"Uomo",3000,'4.8',0,'50.0',(select brand_id from brand where name="Roberto Cavalli"));insert into perfume_note(perfume_id,note_id) values( 4,(select note_id from note where name='arabian' and type='TOP'));insert into perfume_note(perfume_id,note_id) values (4,(select note_id from note where name='benzoin' and type='MIDDLE'));insert into perfume_note(perfume_id,note_id) values (4,(select note_id from note where name='tonka bean' and type='MIDDLE'));insert into perfume_note(perfume_id,note_id) values (4,(select note_id from note where name='vanille' and type='MIDDLE'));insert into perfume_note(perfume_id,note_id) values (4,(select note_id from note where name='african orange flower' and type='BASE'));insert into perfume(perfume_id,concentration,image,name,price,rating,gender,volume,brand_id) values( '5','EDP','perfumes/5.jpg',"cavalli",3000,'4.8',0,'50.0',(select brand_id from brand where name="Roberto Cavalli"));insert into perfume_note(perfume_id,note_id) values( 5,(select note_id from note where name='arabian' and type='TOP'));insert into perfume_note(perfume_id,note_id) values (5,(select note_id from note where name='benzoin' and type='MIDDLE'));insert into perfume_note(perfume_id,note_id) values (5,(select note_id from note where name='tonka bean' and type='MIDDLE'));insert into perfume_note(perfume_id,note_id) values (5,(select note_id from note where name='vanille' and type='MIDDLE'));insert into perfume_note(perfume_id,note_id) values (5,(select note_id from note where name='african orange flower' and type='BASE'));insert into perfume(perfume_id,concentration,image,name,price,rating,gender,volume,brand_id) values( '6','EDP','perfumes/6.jpg',"The Scent",3000,'4.0',0,'50.0',(select brand_id from brand where name="HUGO BOSS"));insert into perfume_note(perfume_id,note_id) values( 6,(select note_id from note where name='oriental' and type='TOP'));insert into perfume_note(perfume_id,note_id) values (6,(select note_id from note where name='roasted cocoa' and type='MIDDLE'));insert into perfume_note(perfume_id,note_id) values (6,(select note_id from note where name='lavender' and type='BASE'));insert into perfume_note(perfume_id,note_id) values (6,(select note_id from note where name='osmanthus flower' and type='BASE'));insert into perfume(perfume_id,concentration,image,name,price,rating,gender,volume,brand_id) values( '7','EDT','perfumes/7.jpg',"Gold Secret",3000,'2.9',0,'100.0',(select brand_id from brand where name="DORALL COLLECTION"));insert into perfume_note(perfume_id,note_id) values( 7,(select note_id from note where name='fruity' and type='TOP'));insert into perfume_note(perfume_id,note_id) values (7,(select note_id from note where name='labdanum' and type='MIDDLE'));insert into perfume_note(perfume_id,note_id) values (7,(select note_id from note where name='musk' and type='MIDDLE'));insert into perfume_note(perfume_id,note_id) values (7,(select note_id from note where name='lavender' and type='BASE'));insert into perfume_note(perfume_id,note_id) values (7,(select note_id from note where name='cloves' and type='BASE'));insert into perfume(perfume_id,concentration,image,name,price,rating,gender,volume,brand_id) values( '8','EDP','perfumes/8.jpg',"Bamboo",3000,'4.8',0,'75.0',(select brand_id from brand where name="GUCCI"));insert into perfume_note(perfume_id,note_id) values( 8,(select note_id from note where name='floral' and type='TOP'));insert into perfume_note(perfume_id,note_id) values (8,(select note_id from note where name='sandalwood' and type='MIDDLE'));insert into perfume_note(perfume_id,note_id) values (8,(select note_id from note where name='casablanca' and type='BASE'));insert into perfume_note(perfume_id,note_id) values (8,(select note_id from note where name='ylang' and type='BASE'));insert into perfume_note(perfume_id,note_id) values (8,(select note_id from note where name='lily' and type='BASE'));insert into perfume_note(perfume_id,note_id) values (8,(select note_id from note where name='extracomoros' and type='BASE'));insert into perfume(perfume_id,concentration,image,name,price,rating,gender,volume,brand_id) values( '9','EDT','perfumes/9.jpg',"M7 Oud Absolu",3000,'4.5',0,'80.0',(select brand_id from brand where name="Yves Saint Laurent"));insert into perfume_note(perfume_id,note_id) values( 9,(select note_id from note where name='arabian' and type='TOP'));insert into perfume_note(perfume_id,note_id) values (9,(select note_id from note where name='cistus' and type='MIDDLE'));insert into perfume_note(perfume_id,note_id) values (9,(select note_id from note where name='myrrh' and type='MIDDLE'));insert into perfume_note(perfume_id,note_id) values (9,(select note_id from note where name='oud' and type='MIDDLE'));insert into perfume_note(perfume_id,note_id) values (9,(select note_id from note where name='amber' and type='MIDDLE'));insert into perfume_note(perfume_id,note_id) values (9,(select note_id from note where name='patchouli' and type='BASE'));insert into perfume(perfume_id,concentration,image,name,price,rating,gender,volume,brand_id) values( '10','EDT','perfumes/10.jpg',"1881",3000,'4.3',0,'100.0',(select brand_id from brand where name="CERRUTI 1881"));insert into perfume_note(perfume_id,note_id) values( 10,(select note_id from note where name='fresh' and type='TOP'));insert into perfume_note(perfume_id,note_id) values (10,(select note_id from note where name='pepper' and type='MIDDLE'));insert into perfume_note(perfume_id,note_id) values (10,(select note_id from note where name='pine' and type='MIDDLE'));insert into perfume_note(perfume_id,note_id) values (10,(select note_id from note where name='oak moss' and type='MIDDLE'));insert into perfume_note(perfume_id,note_id) values (10,(select note_id from note where name='cedar' and type='MIDDLE'));insert into perfume_note(perfume_id,note_id) values (10,(select note_id from note where name='sandalwood' and type='MIDDLE'));insert into perfume_note(perfume_id,note_id) values (10,(select note_id from note where name='musk' and type='MIDDLE'));insert into perfume_note(perfume_id,note_id) values (10,(select note_id from note where name='patchouli' and type='MIDDLE'));insert into perfume_note(perfume_id,note_id) values (10,(select note_id from note where name='tree' and type='MIDDLE'));insert into perfume_note(perfume_id,note_id) values (10,(select note_id from note where name='rose' and type='BASE'));insert into perfume_note(perfume_id,note_id) values (10,(select note_id from note where name='vetiver' and type='BASE'));insert into perfume_note(perfume_id,note_id) values (10,(select note_id from note where name='ylangylang' and type='BASE'));insert into perfume_note(perfume_id,note_id) values (10,(select note_id from note where name='cassia' and type='BASE'));insert into perfume_note(perfume_id,note_id) values (10,(select note_id from note where name='lilyofthevalley' and type='BASE'));insert into perfume(perfume_id,concentration,image,name,price,rating,gender,volume,brand_id) values( '11','EDT','perfumes/11.jpg',"IN 2 U MEN",3000,'3.7',0,'100.0',(select brand_id from brand where name="Calvin Klein"));insert into perfume_note(perfume_id,note_id) values( 11,(select note_id from note where name='citrus' and type='TOP'));insert into perfume_note(perfume_id,note_id) values (11,(select note_id from note where name='vetiver' and type='MIDDLE'));insert into perfume_note(perfume_id,note_id) values (11,(select note_id from note where name='cedar' and type='MIDDLE'));insert into perfume_note(perfume_id,note_id) values (11,(select note_id from note where name='white musk' and type='MIDDLE'));insert into perfume_note(perfume_id,note_id) values (11,(select note_id from note where name='cacao pod' and type='BASE'));insert into perfume(perfume_id,concentration,image,name,price,rating,gender,volume,brand_id) values( '12','EDP','perfumes/12.jpg',"Royale Blue",3000,'4.5',0,'75.0',(select brand_id from brand where name="Rasasi"));insert into perfume_note(perfume_id,note_id) values( 12,(select note_id from note where name='fruity' and type='TOP'));insert into perfume_note(perfume_id,note_id) values (12,(select note_id from note where name='delicate musky sensual woods' and type='MIDDLE'));insert into perfume_note(perfume_id,note_id) values (12,(select note_id from note where name='distinct' and type='BASE'));insert into perfume_note(perfume_id,note_id) values (12,(select note_id from note where name='exotic' and type='BASE'));insert into perfume(perfume_id,concentration,image,name,price,rating,gender,volume,brand_id) values( '13','EDP','perfumes/13.jpg',"Black Oud",3000,'3.3',0,'100.0',(select brand_id from brand where name="MONTALE"));insert into perfume_note(perfume_id,note_id) values( 13,(select note_id from note where name='floral' and type='TOP'));insert into perfume_note(perfume_id,note_id) values (13,(select note_id from note where name='agarwood' and type='MIDDLE'));insert into perfume_note(perfume_id,note_id) values (13,(select note_id from note where name='mandarin orange' and type='MIDDLE'));insert into perfume_note(perfume_id,note_id) values (13,(select note_id from note where name='patchouli' and type='BASE'));insert into perfume_note(perfume_id,note_id) values (13,(select note_id from note where name='musk' and type='BASE'));insert into perfume(perfume_id,concentration,image,name,price,rating,gender,volume,brand_id) values( '14','EDT','perfumes/14.jpg',"L'Homme",3000,'3.0',0,'100.0',(select brand_id from brand where name="Yves Saint Laurent"));insert into perfume_note(perfume_id,note_id) values( 14,(select note_id from note where name='woody' and type='TOP'));insert into perfume_note(perfume_id,note_id) values (14,(select note_id from note where name='cedar' and type='MIDDLE'));insert into perfume_note(perfume_id,note_id) values (14,(select note_id from note where name='tahitian vetiver' and type='MIDDLE'));insert into perfume_note(perfume_id,note_id) values (14,(select note_id from note where name='tonka bean' and type='MIDDLE'));insert into perfume_note(perfume_id,note_id) values (14,(select note_id from note where name='white pepper' and type='BASE'));insert into perfume_note(perfume_id,note_id) values (14,(select note_id from note where name='violet leaf' and type='BASE'));insert into perfume_note(perfume_id,note_id) values (14,(select note_id from note where name='basil' and type='BASE'));insert into perfume_note(perfume_id,note_id) values (14,(select note_id from note where name='spices' and type='BASE'));insert into perfume(perfume_id,concentration,image,name,price,rating,gender,volume,brand_id) values( '15','EDP','perfumes/15.jpg',"Love Story",3000,'5.0',0,'75.0',(select brand_id from brand where name="CHLOE"));insert into perfume_note(perfume_id,note_id) values( 15,(select note_id from note where name='floral' and type='TOP'));insert into perfume_note(perfume_id,note_id) values (15,(select note_id from note where name='cedar' and type='MIDDLE'));insert into perfume_note(perfume_id,note_id) values (15,(select note_id from note where name='patchouli' and type='MIDDLE'));insert into perfume_note(perfume_id,note_id) values (15,(select note_id from note where name='musk' and type='MIDDLE'));insert into perfume_note(perfume_id,note_id) values (15,(select note_id from note where name='cashmirwood' and type='MIDDLE'));insert into perfume_note(perfume_id,note_id) values (15,(select note_id from note where name='peach' and type='BASE'));insert into perfume_note(perfume_id,note_id) values (15,(select note_id from note where name='rose' and type='BASE'));insert into perfume_note(perfume_id,note_id) values (15,(select note_id from note where name='black currant' and type='BASE'));insert into perfume_note(perfume_id,note_id) values (15,(select note_id from note where name='orange blossom' and type='BASE'));insert into perfume_note(perfume_id,note_id) values (15,(select note_id from note where name='stephanotis' and type='BASE'));insert into perfume(perfume_id,concentration,image,name,price,rating,gender,volume,brand_id) values( '16','EDP','perfumes/16.jpg',"Narciso Rouge",3000,'4.5',0,'90.0',(select brand_id from brand where name="NARCISO RODRIGUEZ"));insert into perfume_note(perfume_id,note_id) values( 16,(select note_id from note where name='woody' and type='TOP'));insert into perfume_note(perfume_id,note_id) values (16,(select note_id from note where name='vetiver' and type='MIDDLE'));insert into perfume_note(perfume_id,note_id) values (16,(select note_id from note where name='tonka beans' and type='MIDDLE'));insert into perfume_note(perfume_id,note_id) values (16,(select note_id from note where name='cedar wood' and type='MIDDLE'));insert into perfume_note(perfume_id,note_id) values (16,(select note_id from note where name='musk' and type='BASE'));insert into perfume(perfume_id,concentration,image,name,price,rating,gender,volume,brand_id) values( '17','EDT','perfumes/17.jpg',"24 Pure",3000,'4.9',0,'100.0',(select brand_id from brand where name="DORALL COLLECTION"));insert into perfume_note(perfume_id,note_id) values( 17,(select note_id from note where name='fresh' and type='TOP'));insert into perfume_note(perfume_id,note_id) values (17,(select note_id from note where name='amber' and type='MIDDLE'));insert into perfume_note(perfume_id,note_id) values (17,(select note_id from note where name='coumarin' and type='MIDDLE'));insert into perfume_note(perfume_id,note_id) values (17,(select note_id from note where name='sandalwood' and type='MIDDLE'));insert into perfume_note(perfume_id,note_id) values (17,(select note_id from note where name='vanilla' and type='MIDDLE'));insert into perfume_note(perfume_id,note_id) values (17,(select note_id from note where name='musk' and type='MIDDLE'));insert into perfume_note(perfume_id,note_id) values (17,(select note_id from note where name='cinnamon' and type='BASE'));insert into perfume_note(perfume_id,note_id) values (17,(select note_id from note where name='nutmeg' and type='BASE'));insert into perfume_note(perfume_id,note_id) values (17,(select note_id from note where name='pink pepper' and type='BASE'));insert into perfume_note(perfume_id,note_id) values (17,(select note_id from note where name='lily' and type='BASE'));insert into perfume_note(perfume_id,note_id) values (17,(select note_id from note where name='red fruits' and type='BASE'));insert into perfume_note(perfume_id,note_id) values (17,(select note_id from note where name='cumin' and type='BASE'));insert into perfume_note(perfume_id,note_id) values (17,(select note_id from note where name='jasmin' and type='BASE'));insert into perfume_note(perfume_id,note_id) values (17,(select note_id from note where name='cardomon' and type='BASE'));insert into perfume(perfume_id,concentration,image,name,price,rating,gender,volume,brand_id) values( '18','EDP','perfumes/18.jpg',"Romance",3000,'4.5',0,'45.0',(select brand_id from brand where name="Rasasi"));insert into perfume_note(perfume_id,note_id) values( 18,(select note_id from note where name='floral' and type='TOP'));insert into perfume_note(perfume_id,note_id) values (18,(select note_id from note where name='amber' and type='MIDDLE'));insert into perfume_note(perfume_id,note_id) values (18,(select note_id from note where name='cedar' and type='MIDDLE'));insert into perfume_note(perfume_id,note_id) values (18,(select note_id from note where name='sandalwood' and type='MIDDLE'));insert into perfume_note(perfume_id,note_id) values (18,(select note_id from note where name='musk' and type='MIDDLE'));insert into perfume_note(perfume_id,note_id) values (18,(select note_id from note where name='powdery notes' and type='MIDDLE'));insert into perfume_note(perfume_id,note_id) values (18,(select note_id from note where name='rose' and type='BASE'));insert into perfume_note(perfume_id,note_id) values (18,(select note_id from note where name='jasmine' and type='BASE'));insert into perfume(perfume_id,concentration,image,name,price,rating,gender,volume,brand_id) values( '19','EDP','perfumes/19.jpg',"Quatre",3000,'5.0',0,'100.0',(select brand_id from brand where name="BOUCHERON"));insert into perfume_note(perfume_id,note_id) values( 19,(select note_id from note where name='floral' and type='TOP'));insert into perfume_note(perfume_id,note_id) values (19,(select note_id from note where name='golden woods musk' and type='MIDDLE'));insert into perfume_note(perfume_id,note_id) values (19,(select note_id from note where name='sambac jasmine absolute' and type='BASE'));insert into perfume_note(perfume_id,note_id) values (19,(select note_id from note where name='rose absolute' and type='BASE'));insert into perfume(perfume_id,concentration,image,name,price,rating,gender,volume,brand_id) values( '20','EDP','perfumes/20.jpg',"Narciso Rodriguez",3000,'4.6',0,'100.0',(select brand_id from brand where name="NARCISO RODRIGUEZ"));insert into perfume_note(perfume_id,note_id) values( 20,(select note_id from note where name='floral' and type='TOP'));insert into perfume_note(perfume_id,note_id) values (20,(select note_id from note where name='patchouli' and type='MIDDLE'));insert into perfume_note(perfume_id,note_id) values (20,(select note_id from note where name='sandalwood' and type='MIDDLE'));insert into perfume_note(perfume_id,note_id) values (20,(select note_id from note where name='amber' and type='BASE'));insert into perfume_note(perfume_id,note_id) values (20,(select note_id from note where name='musk' and type='BASE'));insert into perfume(perfume_id,concentration,image,name,price,rating,gender,volume,brand_id) values( '21','EDP','perfumes/21.png',"Monsieur Intense Gold",3000,'5.0',0,'100.0',(select brand_id from brand where name="Alina Corel"));insert into perfume_note(perfume_id,note_id) values( 21,(select note_id from note where name='woody' and type='TOP'));insert into perfume_note(perfume_id,note_id) values (21,(select note_id from note where name='rare wood' and type='MIDDLE'));insert into perfume_note(perfume_id,note_id) values (21,(select note_id from note where name='white musk' and type='MIDDLE'));insert into perfume_note(perfume_id,note_id) values (21,(select note_id from note where name='amber fat' and type='MIDDLE'));insert into perfume_note(perfume_id,note_id) values (21,(select note_id from note where name='gaiak wood' and type='BASE'));insert into perfume_note(perfume_id,note_id) values (21,(select note_id from note where name='shepherd' and type='BASE'));insert into perfume_note(perfume_id,note_id) values (21,(select note_id from note where name='teak wood' and type='BASE'));insert into perfume_note(perfume_id,note_id) values (21,(select note_id from note where name='saffron' and type='BASE'));insert into perfume(perfume_id,concentration,image,name,price,rating,gender,volume,brand_id) values( '22','EDT','perfumes/22.jpg',"Charlie Gold",3000,'4.0',0,'100.0',(select brand_id from brand where name="Revlon"));insert into perfume_note(perfume_id,note_id) values( 22,(select note_id from note where name='woody' and type='TOP'));insert into perfume_note(perfume_id,note_id) values (22,(select note_id from note where name='woody accords' and type='MIDDLE'));insert into perfume_note(perfume_id,note_id) values (22,(select note_id from note where name='sandalwood' and type='MIDDLE'));insert into perfume_note(perfume_id,note_id) values (22,(select note_id from note where name='vanilla' and type='MIDDLE'));insert into perfume_note(perfume_id,note_id) values (22,(select note_id from note where name='cedar wood' and type='MIDDLE'));insert into perfume_note(perfume_id,note_id) values (22,(select note_id from note where name='caramel musk' and type='MIDDLE'));insert into perfume_note(perfume_id,note_id) values (22,(select note_id from note where name='cinnamon' and type='BASE'));insert into perfume_note(perfume_id,note_id) values (22,(select note_id from note where name='rose' and type='BASE'));insert into perfume_note(perfume_id,note_id) values (22,(select note_id from note where name='jasmine' and type='BASE'));insert into perfume_note(perfume_id,note_id) values (22,(select note_id from note where name='muget' and type='BASE'));insert into perfume_note(perfume_id,note_id) values (22,(select note_id from note where name='freesia' and type='BASE'));insert into perfume(perfume_id,concentration,image,name,price,rating,gender,volume,brand_id) values( '23','EDT','perfumes/23.jpg',"Pour Homme",3000,'5.0',0,'100.0',(select brand_id from brand where name="TED LAPIDUS"));insert into perfume_note(perfume_id,note_id) values( 23,(select note_id from note where name='woody' and type='TOP'));insert into perfume_note(perfume_id,note_id) values (23,(select note_id from note where name='tobacco' and type='MIDDLE'));insert into perfume_note(perfume_id,note_id) values (23,(select note_id from note where name='amber' and type='MIDDLE'));insert into perfume_note(perfume_id,note_id) values (23,(select note_id from note where name='cedar' and type='MIDDLE'));insert into perfume_note(perfume_id,note_id) values (23,(select note_id from note where name='sandalwood' and type='MIDDLE'));insert into perfume_note(perfume_id,note_id) values (23,(select note_id from note where name='musk' and type='MIDDLE'));insert into perfume_note(perfume_id,note_id) values (23,(select note_id from note where name='patchouli' and type='MIDDLE'));insert into perfume_note(perfume_id,note_id) values (23,(select note_id from note where name='tonka bean' and type='MIDDLE'));insert into perfume_note(perfume_id,note_id) values (23,(select note_id from note where name='oakmoss' and type='MIDDLE'));insert into perfume_note(perfume_id,note_id) values (23,(select note_id from note where name='pine tree' and type='BASE'));insert into perfume_note(perfume_id,note_id) values (23,(select note_id from note where name='incense' and type='BASE'));insert into perfume_note(perfume_id,note_id) values (23,(select note_id from note where name='rose' and type='BASE'));insert into perfume_note(perfume_id,note_id) values (23,(select note_id from note where name='jasmine' and type='BASE'));insert into perfume_note(perfume_id,note_id) values (23,(select note_id from note where name='brazilian rosewood' and type='BASE'));insert into perfume_note(perfume_id,note_id) values (23,(select note_id from note where name='honey' and type='BASE'));insert into perfume_note(perfume_id,note_id) values (23,(select note_id from note where name='orris root' and type='BASE'));insert into perfume_note(perfume_id,note_id) values (23,(select note_id from note where name='petitgrain' and type='BASE'));insert into perfume_note(perfume_id,note_id) values (23,(select note_id from note where name='lilyofthevalley' and type='BASE'));insert into perfume_note(perfume_id,note_id) values (23,(select note_id from note where name='caraway' and type='BASE'));insert into perfume(perfume_id,concentration,image,name,price,rating,gender,volume,brand_id) values( '24','EDP','perfumes/24.jpg',"Fantasy",3000,'5.0',0,'100.0',(select brand_id from brand where name="Britney Spears"));insert into perfume_note(perfume_id,note_id) values( 24,(select note_id from note where name='vanilla' and type='TOP'));insert into perfume_note(perfume_id,note_id) values (24,(select note_id from note where name='luid sandalwood' and type='MIDDLE'));insert into perfume_note(perfume_id,note_id) values (24,(select note_id from note where name='amber' and type='MIDDLE'));insert into perfume_note(perfume_id,note_id) values (24,(select note_id from note where name='jasmine' and type='MIDDLE'));insert into perfume_note(perfume_id,note_id) values (24,(select note_id from note where name='vanilla' and type='MIDDLE'));insert into perfume_note(perfume_id,note_id) values (24,(select note_id from note where name='verbena' and type='BASE'));insert into perfume_note(perfume_id,note_id) values (24,(select note_id from note where name='grapefruit blossom' and type='BASE'));insert into perfume_note(perfume_id,note_id) values (24,(select note_id from note where name='sweet napolitano cake' and type='BASE'));insert into perfume_note(perfume_id,note_id) values (24,(select note_id from note where name='jacaranda wood' and type='BASE'));insert into perfume(perfume_id,concentration,image,name,price,rating,gender,volume,brand_id) values( '25','EDT','perfumes/25.jpg',"Bloom Aqua Di Fiori",3000,'4.7',0,'100.0',(select brand_id from brand where name="GUCCI"));insert into perfume_note(perfume_id,note_id) values( 25,(select note_id from note where name='fruity' and type='TOP'));insert into perfume_note(perfume_id,note_id) values (25,(select note_id from note where name='jasmine' and type='MIDDLE'));insert into perfume_note(perfume_id,note_id) values (25,(select note_id from note where name='tuberose' and type='BASE'));insert into perfume(perfume_id,concentration,image,name,price,rating,gender,volume,brand_id) values( '26','EDT','perfumes/26.jpg',"Body Kouros",3000,'5.0',0,'100.0',(select brand_id from brand where name="Yves Saint Laurent"));insert into perfume_note(perfume_id,note_id) values( 26,(select note_id from note where name='woody' and type='TOP'));insert into perfume_note(perfume_id,note_id) values (26,(select note_id from note where name='benzoin' and type='MIDDLE'));insert into perfume_note(perfume_id,note_id) values (26,(select note_id from note where name='chinese cedar' and type='BASE'));insert into perfume_note(perfume_id,note_id) values (26,(select note_id from note where name='clary sage' and type='BASE'));insert into perfume(perfume_id,concentration,image,name,price,rating,gender,volume,brand_id) values( '27','EDT','perfumes/27.jpg',"First",3000,'5.0',0,'100.0',(select brand_id from brand where name="Van Cleef & Arpels"));insert into perfume_note(perfume_id,note_id) values( 27,(select note_id from note where name='floral' and type='TOP'));insert into perfume_note(perfume_id,note_id) values (27,(select note_id from note where name='amber' and type='MIDDLE'));insert into perfume_note(perfume_id,note_id) values (27,(select note_id from note where name='civet' and type='MIDDLE'));insert into perfume_note(perfume_id,note_id) values (27,(select note_id from note where name='honey' and type='MIDDLE'));insert into perfume_note(perfume_id,note_id) values (27,(select note_id from note where name='vetiver' and type='MIDDLE'));insert into perfume_note(perfume_id,note_id) values (27,(select note_id from note where name='sandalwood' and type='MIDDLE'));insert into perfume_note(perfume_id,note_id) values (27,(select note_id from note where name='vanilla' and type='MIDDLE'));insert into perfume_note(perfume_id,note_id) values (27,(select note_id from note where name='musk' and type='MIDDLE'));insert into perfume_note(perfume_id,note_id) values (27,(select note_id from note where name='tonka bean' and type='MIDDLE'));insert into perfume_note(perfume_id,note_id) values (27,(select note_id from note where name='oakmoss' and type='MIDDLE'));insert into perfume_note(perfume_id,note_id) values (27,(select note_id from note where name='narcissus' and type='BASE'));insert into perfume_note(perfume_id,note_id) values (27,(select note_id from note where name='turkish rose' and type='BASE'));insert into perfume_note(perfume_id,note_id) values (27,(select note_id from note where name='jasmine' and type='BASE'));insert into perfume_note(perfume_id,note_id) values (27,(select note_id from note where name='carnation' and type='BASE'));insert into perfume_note(perfume_id,note_id) values (27,(select note_id from note where name='orchid' and type='BASE'));insert into perfume_note(perfume_id,note_id) values (27,(select note_id from note where name='ylangylang' and type='BASE'));insert into perfume_note(perfume_id,note_id) values (27,(select note_id from note where name='tuberose' and type='BASE'));insert into perfume_note(perfume_id,note_id) values (27,(select note_id from note where name='hiacynth' and type='BASE'));insert into perfume_note(perfume_id,note_id) values (27,(select note_id from note where name='lilyofthevalley' and type='BASE'));insert into perfume_note(perfume_id,note_id) values (27,(select note_id from note where name='orris root' and type='BASE'));insert into perfume(perfume_id,concentration,image,name,price,rating,gender,volume,brand_id) values( '28','EDP','perfumes/28.jpg',"Narciso Rodriguez",3000,'4.0',0,'100.0',(select brand_id from brand where name="NARCISO RODRIGUEZ"));insert into perfume_note(perfume_id,note_id) values( 28,(select note_id from note where name='musk' and type='TOP'));insert into perfume_note(perfume_id,note_id) values (28,(select note_id from note where name='patchouli' and type='MIDDLE'));insert into perfume_note(perfume_id,note_id) values (28,(select note_id from note where name='sandalwood' and type='MIDDLE'));insert into perfume_note(perfume_id,note_id) values (28,(select note_id from note where name='amber' and type='BASE'));insert into perfume_note(perfume_id,note_id) values (28,(select note_id from note where name='musk' and type='BASE'));insert into perfume(perfume_id,concentration,image,name,price,rating,gender,volume,brand_id) values( '29','EDT','perfumes/29.jpg',"S.T. Dupont",3000,'5.0',0,'100.0',(select brand_id from brand where name="S.T.Dupont"));insert into perfume_note(perfume_id,note_id) values( 29,(select note_id from note where name='spicy' and type='TOP'));insert into perfume_note(perfume_id,note_id) values (29,(select note_id from note where name='amber' and type='MIDDLE'));insert into perfume_note(perfume_id,note_id) values (29,(select note_id from note where name='sandalwood' and type='MIDDLE'));insert into perfume_note(perfume_id,note_id) values (29,(select note_id from note where name='musk' and type='MIDDLE'));insert into perfume_note(perfume_id,note_id) values (29,(select note_id from note where name='patchouli' and type='MIDDLE'));insert into perfume_note(perfume_id,note_id) values (29,(select note_id from note where name='coconut' and type='MIDDLE'));insert into perfume_note(perfume_id,note_id) values (29,(select note_id from note where name='cinnamon' and type='BASE'));insert into perfume_note(perfume_id,note_id) values (29,(select note_id from note where name='iris' and type='BASE'));insert into perfume_note(perfume_id,note_id) values (29,(select note_id from note where name='cypress' and type='BASE'));insert into perfume_note(perfume_id,note_id) values (29,(select note_id from note where name='carnation' and type='BASE'));insert into perfume_note(perfume_id,note_id) values (29,(select note_id from note where name='jasmine' and type='BASE'));insert into perfume_note(perfume_id,note_id) values (29,(select note_id from note where name='lavender' and type='BASE'));insert into perfume(perfume_id,concentration,image,name,price,rating,gender,volume,brand_id) values( '30','EDP','perfumes/30.jpg',"Knowing",3000,'5.0',0,'75.0',(select brand_id from brand where name="Estee Lauder"));insert into perfume_note(perfume_id,note_id) values( 30,(select note_id from note where name='woody' and type='TOP'));insert into perfume_note(perfume_id,note_id) values (30,(select note_id from note where name='vetiver' and type='MIDDLE'));insert into perfume_note(perfume_id,note_id) values (30,(select note_id from note where name='sandalwood' and type='MIDDLE'));insert into perfume_note(perfume_id,note_id) values (30,(select note_id from note where name='amber' and type='MIDDLE'));insert into perfume_note(perfume_id,note_id) values (30,(select note_id from note where name='oakmoss' and type='MIDDLE'));insert into perfume_note(perfume_id,note_id) values (30,(select note_id from note where name='patchouli' and type='BASE'));insert into perfume_note(perfume_id,note_id) values (30,(select note_id from note where name='flower' and type='BASE'));insert into perfume_note(perfume_id,note_id) values (30,(select note_id from note where name='jasmine' and type='BASE'));insert into perfume_note(perfume_id,note_id) values (30,(select note_id from note where name='orange' and type='BASE'));insert into perfume(perfume_id,concentration,image,name,price,rating,gender,volume,brand_id) values( '31','EDT','perfumes/31.jpg',"Grey Flannel For Men",3000,'5.0',0,'120.0',(select brand_id from brand where name="Geoffrey Beene"));insert into perfume_note(perfume_id,note_id) values( 31,(select note_id from note where name='woody' and type='TOP'));insert into perfume_note(perfume_id,note_id) values (31,(select note_id from note where name='almond' and type='MIDDLE'));insert into perfume_note(perfume_id,note_id) values (31,(select note_id from note where name='vetiver' and type='MIDDLE'));insert into perfume_note(perfume_id,note_id) values (31,(select note_id from note where name='cedar' and type='MIDDLE'));insert into perfume_note(perfume_id,note_id) values (31,(select note_id from note where name='tonka bean' and type='MIDDLE'));insert into perfume_note(perfume_id,note_id) values (31,(select note_id from note where name='oakmoss' and type='MIDDLE'));insert into perfume_note(perfume_id,note_id) values (31,(select note_id from note where name='narcissus' and type='BASE'));insert into perfume_note(perfume_id,note_id) values (31,(select note_id from note where name='iris' and type='BASE'));insert into perfume_note(perfume_id,note_id) values (31,(select note_id from note where name='mimose' and type='BASE'));insert into perfume_note(perfume_id,note_id) values (31,(select note_id from note where name='rose' and type='BASE'));insert into perfume_note(perfume_id,note_id) values (31,(select note_id from note where name='sage' and type='BASE'));insert into perfume_note(perfume_id,note_id) values (31,(select note_id from note where name='violet' and type='BASE'));insert into perfume_note(perfume_id,note_id) values (31,(select note_id from note where name='geranium' and type='BASE'));insert into perfume(perfume_id,concentration,image,name,price,rating,gender,volume,brand_id) values( '32','EDP','perfumes/32.jpg',"The Only One",3000,'5.0',0,'100.0',(select brand_id from brand where name="Dolce & Gabbana"));insert into perfume_note(perfume_id,note_id) values( 32,(select note_id from note where name='oriental' and type='TOP'));insert into perfume_note(perfume_id,note_id) values (32,(select note_id from note where name='marshmallow' and type='MIDDLE'));insert into perfume_note(perfume_id,note_id) values (32,(select note_id from note where name='sandalwood' and type='MIDDLE'));insert into perfume_note(perfume_id,note_id) values (32,(select note_id from note where name='vanilla' and type='MIDDLE'));insert into perfume_note(perfume_id,note_id) values (32,(select note_id from note where name='heliotrope' and type='MIDDLE'));insert into perfume_note(perfume_id,note_id) values (32,(select note_id from note where name='coffee' and type='BASE'));insert into perfume_note(perfume_id,note_id) values (32,(select note_id from note where name='iris' and type='BASE'));insert into perfume(perfume_id,concentration,image,name,price,rating,gender,volume,brand_id) values( '33','EDP','perfumes/33.jpg',"Al Wisam Day",3000,'4.3',0,'100.0',(select brand_id from brand where name="Rasasi"));insert into perfume_note(perfume_id,note_id) values( 33,(select note_id from note where name='oriental' and type='TOP'));insert into perfume_note(perfume_id,note_id) values (33,(select note_id from note where name='rich' and type='MIDDLE'));insert into perfume_note(perfume_id,note_id) values (33,(select note_id from note where name='musty' and type='MIDDLE'));insert into perfume_note(perfume_id,note_id) values (33,(select note_id from note where name='oud' and type='MIDDLE'));insert into perfume_note(perfume_id,note_id) values (33,(select note_id from note where name='oak moss' and type='MIDDLE'));insert into perfume_note(perfume_id,note_id) values (33,(select note_id from note where name='milky' and type='BASE'));insert into perfume_note(perfume_id,note_id) values (33,(select note_id from note where name='cedarwood' and type='BASE'));insert into perfume_note(perfume_id,note_id) values (33,(select note_id from note where name='amber nuanced clary sage' and type='BASE'));insert into perfume_note(perfume_id,note_id) values (33,(select note_id from note where name='sandalwood' and type='BASE'));insert into perfume_note(perfume_id,note_id) values (33,(select note_id from note where name='soft' and type='BASE'));insert into perfume_note(perfume_id,note_id) values (33,(select note_id from note where name='woody' and type='BASE'));insert into perfume(perfume_id,concentration,image,name,price,rating,gender,volume,brand_id) values( '34','EDP','perfumes/34.jpg',"Black Vanilla",3000,'3.0',0,'120.0',(select brand_id from brand where name="Mancera"));insert into perfume_note(perfume_id,note_id) values( 34,(select note_id from note where name='woody' and type='TOP'));insert into perfume_note(perfume_id,note_id) values (34,(select note_id from note where name='madagascar' and type='MIDDLE'));insert into perfume_note(perfume_id,note_id) values (34,(select note_id from note where name='white' and type='MIDDLE'));insert into perfume_note(perfume_id,note_id) values (34,(select note_id from note where name='vanilla' and type='MIDDLE'));insert into perfume_note(perfume_id,note_id) values (34,(select note_id from note where name='musk' and type='MIDDLE'));insert into perfume_note(perfume_id,note_id) values (34,(select note_id from note where name='from' and type='MIDDLE'));insert into perfume_note(perfume_id,note_id) values (34,(select note_id from note where name='pods' and type='MIDDLE'));insert into perfume_note(perfume_id,note_id) values (34,(select note_id from note where name='jasmine' and type='BASE'));insert into perfume_note(perfume_id,note_id) values (34,(select note_id from note where name='violet' and type='BASE'));insert into perfume_note(perfume_id,note_id) values (34,(select note_id from note where name='delicate bulgarian rose' and type='BASE'));insert into perfume(perfume_id,concentration,image,name,price,rating,gender,volume,brand_id) values( '35','EDP','perfumes/35.jpg',"Addict",3000,'4.5',0,'100.0',(select brand_id from brand where name="Dior"));insert into perfume_note(perfume_id,note_id) values( 35,(select note_id from note where name='floral' and type='TOP'));insert into perfume_note(perfume_id,note_id) values (35,(select note_id from note where name='bean' and type='MIDDLE'));insert into perfume_note(perfume_id,note_id) values (35,(select note_id from note where name='wood' and type='MIDDLE'));insert into perfume_note(perfume_id,note_id) values (35,(select note_id from note where name='bourbon vanilla' and type='MIDDLE'));insert into perfume_note(perfume_id,note_id) values (35,(select note_id from note where name='tonka' and type='MIDDLE'));insert into perfume_note(perfume_id,note_id) values (35,(select note_id from note where name='sandal' and type='MIDDLE'));insert into perfume_note(perfume_id,note_id) values (35,(select note_id from note where name='orange' and type='BASE'));insert into perfume_note(perfume_id,note_id) values (35,(select note_id from note where name='night queen flower' and type='BASE'));insert into perfume_note(perfume_id,note_id) values (35,(select note_id from note where name='rose' and type='BASE'));insert into perfume_note(perfume_id,note_id) values (35,(select note_id from note where name='flower' and type='BASE'));insert into perfume_note(perfume_id,note_id) values (35,(select note_id from note where name='bulgarian' and type='BASE'));insert into perfume(perfume_id,concentration,image,name,price,rating,gender,volume,brand_id) values( '36','EDT','perfumes/36.jpg',"Passenger",3000,'5.0',0,'100.0',(select brand_id from brand where name="S.T.Dupont"));insert into perfume_note(perfume_id,note_id) values( 36,(select note_id from note where name='spicy' and type='TOP'));insert into perfume_note(perfume_id,note_id) values (36,(select note_id from note where name='guaiac wood' and type='MIDDLE'));insert into perfume_note(perfume_id,note_id) values (36,(select note_id from note where name='benzoin' and type='MIDDLE'));insert into perfume_note(perfume_id,note_id) values (36,(select note_id from note where name='pink pepper' and type='BASE'));insert into perfume_note(perfume_id,note_id) values (36,(select note_id from note where name='cardamom' and type='BASE'));insert into perfume_note(perfume_id,note_id) values (36,(select note_id from note where name='ginger' and type='BASE'));insert into perfume_note(perfume_id,note_id) values (36,(select note_id from note where name='lavender' and type='BASE'));insert into perfume(perfume_id,concentration,image,name,price,rating,gender,volume,brand_id) values( '37','EDT','perfumes/37.jpg',"Brit Rhythm Intense",3000,'4.6',0,'90.0',(select brand_id from brand where name="BURBERRY"));insert into perfume_note(perfume_id,note_id) values( 37,(select note_id from note where name='spicy' and type='TOP'));insert into perfume_note(perfume_id,note_id) values (37,(select note_id from note where name='guaiac wood' and type='MIDDLE'));insert into perfume_note(perfume_id,note_id) values (37,(select note_id from note where name='tonka beans' and type='MIDDLE'));insert into perfume_note(perfume_id,note_id) values (37,(select note_id from note where name='cashmere wood' and type='MIDDLE'));insert into perfume_note(perfume_id,note_id) values (37,(select note_id from note where name='coumarin' and type='MIDDLE'));insert into perfume_note(perfume_id,note_id) values (37,(select note_id from note where name='sandalwood' and type='MIDDLE'));insert into perfume_note(perfume_id,note_id) values (37,(select note_id from note where name='vanilla' and type='MIDDLE'));insert into perfume_note(perfume_id,note_id) values (37,(select note_id from note where name='leather' and type='MIDDLE'));insert into perfume_note(perfume_id,note_id) values (37,(select note_id from note where name='amber' and type='BASE'));insert into perfume_note(perfume_id,note_id) values (37,(select note_id from note where name='lavender' and type='BASE'));insert into perfume_note(perfume_id,note_id) values (37,(select note_id from note where name='mint' and type='BASE'));insert into perfume_note(perfume_id,note_id) values (37,(select note_id from note where name='patchouli' and type='BASE'));insert into perfume_note(perfume_id,note_id) values (37,(select note_id from note where name='basil' and type='BASE'));insert into perfume(perfume_id,concentration,image,name,price,rating,gender,volume,brand_id) values( '38','EDT','perfumes/38.jpg',"CK Be",3000,'5.0',0,'200.0',(select brand_id from brand where name="Calvin Klein"));insert into perfume_note(perfume_id,note_id) values( 38,(select note_id from note where name='floral' and type='TOP'));insert into perfume_note(perfume_id,note_id) values (38,(select note_id from note where name='amber' and type='MIDDLE'));insert into perfume_note(perfume_id,note_id) values (38,(select note_id from note where name='cedar' and type='MIDDLE'));insert into perfume_note(perfume_id,note_id) values (38,(select note_id from note where name='sandalwood' and type='MIDDLE'));insert into perfume_note(perfume_id,note_id) values (38,(select note_id from note where name='vanilla' and type='MIDDLE'));insert into perfume_note(perfume_id,note_id) values (38,(select note_id from note where name='musk' and type='MIDDLE'));insert into perfume_note(perfume_id,note_id) values (38,(select note_id from note where name='opoponax' and type='MIDDLE'));insert into perfume_note(perfume_id,note_id) values (38,(select note_id from note where name='peach' and type='BASE'));insert into perfume_note(perfume_id,note_id) values (38,(select note_id from note where name='green grass' and type='BASE'));insert into perfume_note(perfume_id,note_id) values (38,(select note_id from note where name='jasmine' and type='BASE'));insert into perfume_note(perfume_id,note_id) values (38,(select note_id from note where name='orchid' and type='BASE'));insert into perfume_note(perfume_id,note_id) values (38,(select note_id from note where name='magnolia' and type='BASE'));insert into perfume_note(perfume_id,note_id) values (38,(select note_id from note where name='freesia' and type='BASE'));insert into perfume(perfume_id,concentration,image,name,price,rating,gender,volume,brand_id) values( '39','EDT','perfumes/39.jpg',"Guilty",3000,'5.0',0,'75.0',(select brand_id from brand where name="GUCCI"));insert into perfume_note(perfume_id,note_id) values( 39,(select note_id from note where name='floral' and type='TOP'));insert into perfume_note(perfume_id,note_id) values (39,(select note_id from note where name='patchouli' and type='MIDDLE'));insert into perfume_note(perfume_id,note_id) values (39,(select note_id from note where name='amber' and type='MIDDLE'));insert into perfume_note(perfume_id,note_id) values (39,(select note_id from note where name='raspberry vilolet' and type='BASE'));insert into perfume_note(perfume_id,note_id) values (39,(select note_id from note where name='peach' and type='BASE'));insert into perfume_note(perfume_id,note_id) values (39,(select note_id from note where name='lilac' and type='BASE'));insert into perfume(perfume_id,concentration,image,name,price,rating,gender,volume,brand_id) values( '40','EDP','perfumes/40.jpg',"Starlight",3000,'5.0',0,'100.0',(select brand_id from brand where name="AIGNER"));insert into perfume_note(perfume_id,note_id) values( 40,(select note_id from note where name='floral' and type='TOP'));insert into perfume_note(perfume_id,note_id) values (40,(select note_id from note where name='white' and type='MIDDLE'));insert into perfume_note(perfume_id,note_id) values (40,(select note_id from note where name='sandalwood' and type='MIDDLE'));insert into perfume_note(perfume_id,note_id) values (40,(select note_id from note where name='vanilla' and type='MIDDLE'));insert into perfume_note(perfume_id,note_id) values (40,(select note_id from note where name='musk' and type='MIDDLE'));insert into perfume_note(perfume_id,note_id) values (40,(select note_id from note where name='patchouli' and type='MIDDLE'));insert into perfume_note(perfume_id,note_id) values (40,(select note_id from note where name='strawberries' and type='BASE'));insert into perfume_note(perfume_id,note_id) values (40,(select note_id from note where name='jasmine' and type='BASE'));insert into perfume_note(perfume_id,note_id) values (40,(select note_id from note where name='cumin' and type='BASE'));insert into perfume(perfume_id,concentration,image,name,price,rating,gender,volume,brand_id) values( '41','EDT','perfumes/41.jpg',"Azure",3000,'4.6',0,'100.0',(select brand_id from brand where name="BENTLEY"));insert into perfume_note(perfume_id,note_id) values( 41,(select note_id from note where name='citrus' and type='TOP'));insert into perfume_note(perfume_id,note_id) values (41,(select note_id from note where name='orcanox' and type='MIDDLE'));insert into perfume_note(perfume_id,note_id) values (41,(select note_id from note where name='bean' and type='MIDDLE'));insert into perfume_note(perfume_id,note_id) values (41,(select note_id from note where name='cashmere wood' and type='MIDDLE'));insert into perfume_note(perfume_id,note_id) values (41,(select note_id from note where name='tonka' and type='MIDDLE'));insert into perfume_note(perfume_id,note_id) values (41,(select note_id from note where name='tea accord' and type='BASE'));insert into perfume_note(perfume_id,note_id) values (41,(select note_id from note where name='pimento' and type='BASE'));insert into perfume_note(perfume_id,note_id) values (41,(select note_id from note where name='sage' and type='BASE'));insert into perfume_note(perfume_id,note_id) values (41,(select note_id from note where name='clary' and type='BASE'));insert into perfume_note(perfume_id,note_id) values (41,(select note_id from note where name='lavender' and type='BASE'));insert into perfume(perfume_id,concentration,image,name,price,rating,gender,volume,brand_id) values( '42','EDT','perfumes/42.jpg',"Dylan Blue",3000,'4.4',0,'5.0',(select brand_id from brand where name="VERSACE"));insert into perfume_note(perfume_id,note_id) values( 42,(select note_id from note where name='citrus' and type='TOP'));insert into perfume_note(perfume_id,note_id) values (42,(select note_id from note where name='saffron' and type='MIDDLE'));insert into perfume_note(perfume_id,note_id) values (42,(select note_id from note where name='tonka beans' and type='MIDDLE'));insert into perfume_note(perfume_id,note_id) values (42,(select note_id from note where name='frankincense' and type='MIDDLE'));insert into perfume_note(perfume_id,note_id) values (42,(select note_id from note where name='musk' and type='MIDDLE'));insert into perfume_note(perfume_id,note_id) values (42,(select note_id from note where name='black pepper' and type='BASE'));insert into perfume_note(perfume_id,note_id) values (42,(select note_id from note where name='violet leaves' and type='BASE'));insert into perfume_note(perfume_id,note_id) values (42,(select note_id from note where name='ambroxan' and type='BASE'));insert into perfume_note(perfume_id,note_id) values (42,(select note_id from note where name='patchouli' and type='BASE'));insert into perfume_note(perfume_id,note_id) values (42,(select note_id from note where name='papyrus' and type='BASE'));insert into perfume(perfume_id,concentration,image,name,price,rating,gender,volume,brand_id) values( '43','EDP','perfumes/43.jpg',"Modern Muse",3000,'5.0',0,'50.0',(select brand_id from brand where name="Estee Lauder"));insert into perfume_note(perfume_id,note_id) values( 43,(select note_id from note where name='floral' and type='TOP'));insert into perfume_note(perfume_id,note_id) values (43,(select note_id from note where name='patchouli' and type='MIDDLE'));insert into perfume_note(perfume_id,note_id) values (43,(select note_id from note where name='woody notes' and type='MIDDLE'));insert into perfume_note(perfume_id,note_id) values (43,(select note_id from note where name='amber' and type='MIDDLE'));insert into perfume_note(perfume_id,note_id) values (43,(select note_id from note where name='musk' and type='MIDDLE'));insert into perfume_note(perfume_id,note_id) values (43,(select note_id from note where name='lily' and type='BASE'));insert into perfume_note(perfume_id,note_id) values (43,(select note_id from note where name='honey suckle' and type='BASE'));insert into perfume_note(perfume_id,note_id) values (43,(select note_id from note where name='tuberose' and type='BASE'));insert into perfume_note(perfume_id,note_id) values (43,(select note_id from note where name='jasmine sambac' and type='BASE'));insert into perfume(perfume_id,concentration,image,name,price,rating,gender,volume,brand_id) values( '44','EDP','perfumes/44.jpg',"La Nuit De L'Homme L'Intense",3000,'5.0',0,'100.0',(select brand_id from brand where name="Yves Saint Laurent"));insert into perfume_note(perfume_id,note_id) values( 44,(select note_id from note where name='vanilla' and type='TOP'));insert into perfume_note(perfume_id,note_id) values (44,(select note_id from note where name='patchouli' and type='MIDDLE'));insert into perfume_note(perfume_id,note_id) values (44,(select note_id from note where name='tonka bean' and type='MIDDLE'));insert into perfume_note(perfume_id,note_id) values (44,(select note_id from note where name='vanilla' and type='BASE'));insert into perfume_note(perfume_id,note_id) values (44,(select note_id from note where name='sage' and type='BASE'));insert into perfume(perfume_id,concentration,image,name,price,rating,gender,volume,brand_id) values( '45','EDP','perfumes/45.jpg',"Vivi La Juicy Limited Edition",3000,'5.0',0,'100.0',(select brand_id from brand where name="Juicy Couture"));insert into perfume_note(perfume_id,note_id) values( 45,(select note_id from note where name='floral' and type='TOP'));insert into perfume_note(perfume_id,note_id) values (45,(select note_id from note where name='amber' and type='MIDDLE'));insert into perfume_note(perfume_id,note_id) values (45,(select note_id from note where name='caramel' and type='MIDDLE'));insert into perfume_note(perfume_id,note_id) values (45,(select note_id from note where name='pralines' and type='MIDDLE'));insert into perfume_note(perfume_id,note_id) values (45,(select note_id from note where name='sandalwood' and type='MIDDLE'));insert into perfume_note(perfume_id,note_id) values (45,(select note_id from note where name='vanilla' and type='MIDDLE'));insert into perfume_note(perfume_id,note_id) values (45,(select note_id from note where name='honeysuckle' and type='BASE'));insert into perfume_note(perfume_id,note_id) values (45,(select note_id from note where name='jasmine' and type='BASE'));insert into perfume_note(perfume_id,note_id) values (45,(select note_id from note where name='gardenia' and type='BASE'));insert into perfume(perfume_id,concentration,image,name,price,rating,gender,volume,brand_id) values( '46','EDP','perfumes/46.jpg',"Splandid",3000,'5.0',0,'100.0',(select brand_id from brand where name="Laura Mars"));insert into perfume_note(perfume_id,note_id) values( 46,(select note_id from note where name='floral' and type='TOP'));insert into perfume_note(perfume_id,note_id) values (46,(select note_id from note where name='amber' and type='MIDDLE'));insert into perfume_note(perfume_id,note_id) values (46,(select note_id from note where name='vanilla' and type='MIDDLE'));insert into perfume_note(perfume_id,note_id) values (46,(select note_id from note where name='geranium' and type='BASE'));insert into perfume_note(perfume_id,note_id) values (46,(select note_id from note where name='ylangylan' and type='BASE'));insert into perfume_note(perfume_id,note_id) values (46,(select note_id from note where name='jasmine' and type='BASE'));insert into perfume_note(perfume_id,note_id) values (46,(select note_id from note where name='neroli' and type='BASE'));insert into perfume(perfume_id,concentration,image,name,price,rating,gender,volume,brand_id) values( '47','EDT','perfumes/47.jpg',"Stronger With You",3000,'4.5',0,'100.0',(select brand_id from brand where name="GIORGIO ARMANI"));insert into perfume_note(perfume_id,note_id) values( 47,(select note_id from note where name='vanilla' and type='TOP'));insert into perfume_note(perfume_id,note_id) values (47,(select note_id from note where name='guaiac wood' and type='MIDDLE'));insert into perfume_note(perfume_id,note_id) values (47,(select note_id from note where name='chestnut' and type='MIDDLE'));insert into perfume_note(perfume_id,note_id) values (47,(select note_id from note where name='cedar' and type='MIDDLE'));insert into perfume_note(perfume_id,note_id) values (47,(select note_id from note where name='vanilla' and type='MIDDLE'));insert into perfume_note(perfume_id,note_id) values (47,(select note_id from note where name='amber wood' and type='MIDDLE'));insert into perfume_note(perfume_id,note_id) values (47,(select note_id from note where name='cinnamon' and type='BASE'));insert into perfume_note(perfume_id,note_id) values (47,(select note_id from note where name='sage' and type='BASE'));insert into perfume_note(perfume_id,note_id) values (47,(select note_id from note where name='melon' and type='BASE'));insert into perfume_note(perfume_id,note_id) values (47,(select note_id from note where name='pineapple' and type='BASE'));insert into perfume_note(perfume_id,note_id) values (47,(select note_id from note where name='lavender' and type='BASE'));insert into perfume(perfume_id,concentration,image,name,price,rating,gender,volume,brand_id) values( '48','EDP','perfumes/48.jpg',"Chloe",3000,'3.5',0,'75.0',(select brand_id from brand where name="CHLOE"));insert into perfume_note(perfume_id,note_id) values( 48,(select note_id from note where name='floral' and type='TOP'));insert into perfume_note(perfume_id,note_id) values (48,(select note_id from note where name='cedar' and type='MIDDLE'));insert into perfume_note(perfume_id,note_id) values (48,(select note_id from note where name='amber' and type='MIDDLE'));insert into perfume_note(perfume_id,note_id) values (48,(select note_id from note where name='lilyofthevalley' and type='BASE'));insert into perfume_note(perfume_id,note_id) values (48,(select note_id from note where name='rose' and type='BASE'));insert into perfume_note(perfume_id,note_id) values (48,(select note_id from note where name='magnolia' and type='BASE'));insert into perfume(perfume_id,concentration,image,name,price,rating,gender,volume,brand_id) values( '49','EDT','perfumes/49.jpg',"Terre D'Hermes",3000,'5.0',0,'2.0',(select brand_id from brand where name="HERMES"));insert into perfume_note(perfume_id,note_id) values( 49,(select note_id from note where name='citrus' and type='TOP'));insert into perfume_note(perfume_id,note_id) values (49,(select note_id from note where name='patchouli' and type='MIDDLE'));insert into perfume_note(perfume_id,note_id) values (49,(select note_id from note where name='benzoin' and type='MIDDLE'));insert into perfume_note(perfume_id,note_id) values (49,(select note_id from note where name='cedar' and type='MIDDLE'));insert into perfume_note(perfume_id,note_id) values (49,(select note_id from note where name='vetiver' and type='MIDDLE'));insert into perfume_note(perfume_id,note_id) values (49,(select note_id from note where name='pepper' and type='BASE'));insert into perfume_note(perfume_id,note_id) values (49,(select note_id from note where name='pelargonium' and type='BASE'));insert into perfume(perfume_id,concentration,image,name,price,rating,gender,volume,brand_id) values( '50','EDP','perfumes/50.jpg',"5Th Avenue",3000,'3.8',0,'125.0',(select brand_id from brand where name="Elizabeth Arden"));insert into perfume_note(perfume_id,note_id) values( 50,(select note_id from note where name='floral' and type='TOP'));insert into perfume_note(perfume_id,note_id) values (50,(select note_id from note where name='amber' and type='MIDDLE'));insert into perfume_note(perfume_id,note_id) values (50,(select note_id from note where name='iris' and type='MIDDLE'));insert into perfume_note(perfume_id,note_id) values (50,(select note_id from note where name='clove' and type='MIDDLE'));insert into perfume_note(perfume_id,note_id) values (50,(select note_id from note where name='sandalwood' and type='MIDDLE'));insert into perfume_note(perfume_id,note_id) values (50,(select note_id from note where name='vanilla' and type='MIDDLE'));insert into perfume_note(perfume_id,note_id) values (50,(select note_id from note where name='musk' and type='MIDDLE'));insert into perfume_note(perfume_id,note_id) values (50,(select note_id from note where name='peach' and type='BASE'));insert into perfume_note(perfume_id,note_id) values (50,(select note_id from note where name='jasmine' and type='BASE'));insert into perfume_note(perfume_id,note_id) values (50,(select note_id from note where name='carnation' and type='BASE'));insert into perfume_note(perfume_id,note_id) values (50,(select note_id from note where name='nutmeg' and type='BASE'));insert into perfume_note(perfume_id,note_id) values (50,(select note_id from note where name='ylangylang' and type='BASE'));insert into perfume_note(perfume_id,note_id) values (50,(select note_id from note where name='violet' and type='BASE'));insert into perfume_note(perfume_id,note_id) values (50,(select note_id from note where name='tuberose' and type='BASE'));insert into perfume_note(perfume_id,note_id) values (50,(select note_id from note where name='bulgarian rose' and type='BASE'));insert into perfume(perfume_id,concentration,image,name,price,rating,gender,volume,brand_id) values( '51','EDT','perfumes/51.jpg',"Dylan Blue",3000,'4.6',0,'100.0',(select brand_id from brand where name="VERSACE"));insert into perfume_note(perfume_id,note_id) values( 51,(select note_id from note where name='fresh' and type='TOP'));insert into perfume_note(perfume_id,note_id) values (51,(select note_id from note where name='saffron' and type='MIDDLE'));insert into perfume_note(perfume_id,note_id) values (51,(select note_id from note where name='tonka bean' and type='MIDDLE'));insert into perfume_note(perfume_id,note_id) values (51,(select note_id from note where name='incense' and type='MIDDLE'));insert into perfume_note(perfume_id,note_id) values (51,(select note_id from note where name='musk' and type='MIDDLE'));insert into perfume_note(perfume_id,note_id) values (51,(select note_id from note where name='violet leaf' and type='BASE'));insert into perfume_note(perfume_id,note_id) values (51,(select note_id from note where name='ambroxan' and type='BASE'));insert into perfume_note(perfume_id,note_id) values (51,(select note_id from note where name='black pepper' and type='BASE'));insert into perfume_note(perfume_id,note_id) values (51,(select note_id from note where name='patchouli' and type='BASE'));insert into perfume_note(perfume_id,note_id) values (51,(select note_id from note where name='papyrus' and type='BASE'));insert into perfume(perfume_id,concentration,image,name,price,rating,gender,volume,brand_id) values( '52','EDT','perfumes/52.jpg',"Hot Gold",3000,'4.4',0,'100.0',(select brand_id from brand where name="Benetton"));insert into perfume_note(perfume_id,note_id) values( 52,(select note_id from note where name='fresh' and type='TOP'));insert into perfume_note(perfume_id,note_id) values (52,(select note_id from note where name='sandalwood' and type='MIDDLE'));insert into perfume_note(perfume_id,note_id) values (52,(select note_id from note where name='amber' and type='MIDDLE'));insert into perfume_note(perfume_id,note_id) values (52,(select note_id from note where name='musk' and type='MIDDLE'));insert into perfume_note(perfume_id,note_id) values (52,(select note_id from note where name='rose' and type='BASE'));insert into perfume_note(perfume_id,note_id) values (52,(select note_id from note where name='carambola' and type='BASE'));insert into perfume_note(perfume_id,note_id) values (52,(select note_id from note where name='mimosa' and type='BASE'));insert into perfume(perfume_id,concentration,image,name,price,rating,gender,volume,brand_id) values( '53','EDT','perfumes/53.jpg',"Invictus",3000,'4.8',0,'100.0',(select brand_id from brand where name="PACO RABANNE"));insert into perfume_note(perfume_id,note_id) values( 53,(select note_id from note where name='citrus' and type='TOP'));insert into perfume_note(perfume_id,note_id) values (53,(select note_id from note where name='guaiac' and type='MIDDLE'));insert into perfume_note(perfume_id,note_id) values (53,(select note_id from note where name='patchouli' and type='MIDDLE'));insert into perfume_note(perfume_id,note_id) values (53,(select note_id from note where name='heart' and type='MIDDLE'));insert into perfume_note(perfume_id,note_id) values (53,(select note_id from note where name='wood' and type='MIDDLE'));insert into perfume_note(perfume_id,note_id) values (53,(select note_id from note where name='accord' and type='BASE'));insert into perfume_note(perfume_id,note_id) values (53,(select note_id from note where name='zests' and type='BASE'));insert into perfume_note(perfume_id,note_id) values (53,(select note_id from note where name='ambregris' and type='BASE'));insert into perfume_note(perfume_id,note_id) values (53,(select note_id from note where name='grapefruit' and type='BASE'));insert into perfume(perfume_id,concentration,image,name,price,rating,gender,volume,brand_id) values( '54','EDP','perfumes/54.jpg',"Nero Assoluto",3000,'5.0',0,'75.0',(select brand_id from brand where name="Roberto Cavalli"));insert into perfume_note(perfume_id,note_id) values( 54,(select note_id from note where name='arabian' and type='TOP'));insert into perfume_note(perfume_id,note_id) values (54,(select note_id from note where name='woodsy notes' and type='MIDDLE'));insert into perfume_note(perfume_id,note_id) values (54,(select note_id from note where name='ebony' and type='MIDDLE'));insert into perfume_note(perfume_id,note_id) values (54,(select note_id from note where name='vanilla' and type='BASE'));insert into perfume(perfume_id,concentration,image,name,price,rating,gender,volume,brand_id) values( '55','EDT','perfumes/55.jpg',"Scholar",3000,'5.0',0,'100.0',(select brand_id from brand where name="DORALL COLLECTION"));insert into perfume_note(perfume_id,note_id) values( 55,(select note_id from note where name='floral' and type='TOP'));insert into perfume_note(perfume_id,note_id) values (55,(select note_id from note where name='woodyamber' and type='MIDDLE'));insert into perfume_note(perfume_id,note_id) values (55,(select note_id from note where name='sandalwood' and type='MIDDLE'));insert into perfume_note(perfume_id,note_id) values (55,(select note_id from note where name='moss' and type='MIDDLE'));insert into perfume_note(perfume_id,note_id) values (55,(select note_id from note where name='dry woods.' and type='MIDDLE'));insert into perfume_note(perfume_id,note_id) values (55,(select note_id from note where name='musk' and type='MIDDLE'));insert into perfume_note(perfume_id,note_id) values (55,(select note_id from note where name='patchouli' and type='MIDDLE'));insert into perfume_note(perfume_id,note_id) values (55,(select note_id from note where name='peach' and type='BASE'));insert into perfume_note(perfume_id,note_id) values (55,(select note_id from note where name='green notes' and type='BASE'));insert into perfume_note(perfume_id,note_id) values (55,(select note_id from note where name='apple' and type='BASE'));insert into perfume_note(perfume_id,note_id) values (55,(select note_id from note where name='jasmine' and type='BASE'));insert into perfume_note(perfume_id,note_id) values (55,(select note_id from note where name='lavender' and type='BASE'));insert into perfume_note(perfume_id,note_id) values (55,(select note_id from note where name='muguet' and type='BASE'));insert into perfume_note(perfume_id,note_id) values (55,(select note_id from note where name='dried fruits.' and type='BASE'));insert into perfume(perfume_id,concentration,image,name,price,rating,gender,volume,brand_id) values( '56','EDT','perfumes/56.jpg',"Eternity",3000,'4.0',0,'100.0',(select brand_id from brand where name="Calvin Klein"));insert into perfume_note(perfume_id,note_id) values( 56,(select note_id from note where name='floral' and type='TOP'));insert into perfume_note(perfume_id,note_id) values (56,(select note_id from note where name='amber' and type='MIDDLE'));insert into perfume_note(perfume_id,note_id) values (56,(select note_id from note where name='brazilian' and type='MIDDLE'));insert into perfume_note(perfume_id,note_id) values (56,(select note_id from note where name='vetiver' and type='MIDDLE'));insert into perfume_note(perfume_id,note_id) values (56,(select note_id from note where name='sandalwood' and type='MIDDLE'));insert into perfume_note(perfume_id,note_id) values (56,(select note_id from note where name='rosewood' and type='MIDDLE'));insert into perfume_note(perfume_id,note_id) values (56,(select note_id from note where name='musk' and type='MIDDLE'));insert into perfume_note(perfume_id,note_id) values (56,(select note_id from note where name='coriander' and type='BASE'));insert into perfume_note(perfume_id,note_id) values (56,(select note_id from note where name='jasmine' and type='BASE'));insert into perfume_note(perfume_id,note_id) values (56,(select note_id from note where name='sage' and type='BASE'));insert into perfume_note(perfume_id,note_id) values (56,(select note_id from note where name='lily' and type='BASE'));insert into perfume_note(perfume_id,note_id) values (56,(select note_id from note where name='geranium' and type='BASE'));insert into perfume_note(perfume_id,note_id) values (56,(select note_id from note where name='orange blossom' and type='BASE'));insert into perfume_note(perfume_id,note_id) values (56,(select note_id from note where name='lilyofthevalley' and type='BASE'));insert into perfume_note(perfume_id,note_id) values (56,(select note_id from note where name='basil' and type='BASE'));insert into perfume_note(perfume_id,note_id) values (56,(select note_id from note where name='juniper berries' and type='BASE'));insert into perfume(perfume_id,concentration,image,name,price,rating,gender,volume,brand_id) values( '57','EDP','perfumes/57.jpg',"Viva La Juicy Noir",3000,'4.9',0,'100.0',(select brand_id from brand where name="Juicy Couture"));insert into perfume_note(perfume_id,note_id) values( 57,(select note_id from note where name='fruity' and type='TOP'));insert into perfume_note(perfume_id,note_id) values (57,(select note_id from note where name='sandalwood' and type='MIDDLE'));insert into perfume_note(perfume_id,note_id) values (57,(select note_id from note where name='amber' and type='MIDDLE'));insert into perfume_note(perfume_id,note_id) values (57,(select note_id from note where name='vanilla' and type='MIDDLE'));insert into perfume_note(perfume_id,note_id) values (57,(select note_id from note where name='caramel' and type='MIDDLE'));insert into perfume_note(perfume_id,note_id) values (57,(select note_id from note where name='honeysuckle' and type='BASE'));insert into perfume_note(perfume_id,note_id) values (57,(select note_id from note where name='jasmine' and type='BASE'));insert into perfume_note(perfume_id,note_id) values (57,(select note_id from note where name='gardenia' and type='BASE'));insert into perfume(perfume_id,concentration,image,name,price,rating,gender,volume,brand_id) values( '58','EDP','perfumes/58.jpg',"Lady Million",3000,'4.7',0,'80.0',(select brand_id from brand where name="PACO RABANNE"));insert into perfume_note(perfume_id,note_id) values( 58,(select note_id from note where name='floral' and type='TOP'));insert into perfume_note(perfume_id,note_id) values (58,(select note_id from note where name='gardenia' and type='MIDDLE'));insert into perfume_note(perfume_id,note_id) values (58,(select note_id from note where name='orange' and type='BASE'));insert into perfume_note(perfume_id,note_id) values (58,(select note_id from note where name='flower' and type='BASE'));insert into perfume_note(perfume_id,note_id) values (58,(select note_id from note where name='jasmine' and type='BASE'));insert into perfume_note(perfume_id,note_id) values (58,(select note_id from note where name='african' and type='BASE'));insert into perfume_note(perfume_id,note_id) values (58,(select note_id from note where name='arabic' and type='BASE'));insert into perfume(perfume_id,concentration,image,name,price,rating,gender,volume,brand_id) values( '59','EDT','perfumes/59.jpg',"giorgio",3000,'5.0',0,'90.0',(select brand_id from brand where name="Giorgio Beverly Hills"));insert into perfume_note(perfume_id,note_id) values( 59,(select note_id from note where name='floral' and type='TOP'));insert into perfume_note(perfume_id,note_id) values (59,(select note_id from note where name='amber' and type='MIDDLE'));insert into perfume_note(perfume_id,note_id) values (59,(select note_id from note where name='cedar' and type='MIDDLE'));insert into perfume_note(perfume_id,note_id) values (59,(select note_id from note where name='sandalwood' and type='MIDDLE'));insert into perfume_note(perfume_id,note_id) values (59,(select note_id from note where name='vanilla' and type='MIDDLE'));insert into perfume_note(perfume_id,note_id) values (59,(select note_id from note where name='musk' and type='MIDDLE'));insert into perfume_note(perfume_id,note_id) values (59,(select note_id from note where name='patchouli' and type='MIDDLE'));insert into perfume_note(perfume_id,note_id) values (59,(select note_id from note where name='oakmoss' and type='MIDDLE'));insert into perfume_note(perfume_id,note_id) values (59,(select note_id from note where name='gardenia' and type='BASE'));insert into perfume_note(perfume_id,note_id) values (59,(select note_id from note where name='rose' and type='BASE'));insert into perfume_note(perfume_id,note_id) values (59,(select note_id from note where name='jasmine' and type='BASE'));insert into perfume_note(perfume_id,note_id) values (59,(select note_id from note where name='seductive tuberose' and type='BASE'));insert into perfume_note(perfume_id,note_id) values (59,(select note_id from note where name='orchid' and type='BASE'));insert into perfume_note(perfume_id,note_id) values (59,(select note_id from note where name='ylangylang' and type='BASE'));insert into perfume(perfume_id,concentration,image,name,price,rating,gender,volume,brand_id) values( '60','EDP','perfumes/60.jpg',"Idylle",3000,'4.3',0,'100.0',(select brand_id from brand where name="Guerlain"));insert into perfume_note(perfume_id,note_id) values( 60,(select note_id from note where name='floral' and type='TOP'));insert into perfume_note(perfume_id,note_id) values (60,(select note_id from note where name='sandalwood' and type='MIDDLE'));insert into perfume_note(perfume_id,note_id) values (60,(select note_id from note where name='amber' and type='MIDDLE'));insert into perfume_note(perfume_id,note_id) values (60,(select note_id from note where name='accord' and type='MIDDLE'));insert into perfume_note(perfume_id,note_id) values (60,(select note_id from note where name='jasmine' and type='BASE'));insert into perfume_note(perfume_id,note_id) values (60,(select note_id from note where name='ylang' and type='BASE'));insert into perfume_note(perfume_id,note_id) values (60,(select note_id from note where name='magnolia' and type='BASE'));insert into perfume(perfume_id,concentration,image,name,price,rating,gender,volume,brand_id) values( '61','EDP','perfumes/61.jpg',"Libre",3000,'4.9',0,'90.0',(select brand_id from brand where name="Yves Saint Laurent"));insert into perfume_note(perfume_id,note_id) values( 61,(select note_id from note where name='floral' and type='TOP'));insert into perfume_note(perfume_id,note_id) values (61,(select note_id from note where name='amber' and type='MIDDLE'));insert into perfume_note(perfume_id,note_id) values (61,(select note_id from note where name='vanilla' and type='MIDDLE'));insert into perfume_note(perfume_id,note_id) values (61,(select note_id from note where name='ambergris' and type='MIDDLE'));insert into perfume_note(perfume_id,note_id) values (61,(select note_id from note where name='musk' and type='MIDDLE'));insert into perfume_note(perfume_id,note_id) values (61,(select note_id from note where name='lavender' and type='BASE'));insert into perfume_note(perfume_id,note_id) values (61,(select note_id from note where name='orange blossom' and type='BASE'));insert into perfume_note(perfume_id,note_id) values (61,(select note_id from note where name='jasmine' and type='BASE'));insert into perfume(perfume_id,concentration,image,name,price,rating,gender,volume,brand_id) values( '62','EDP','perfumes/62.jpg',"Scandal",3000,'5.0',0,'50.0',(select brand_id from brand where name="Jean Paul GAULTIER"));insert into perfume_note(perfume_id,note_id) values( 62,(select note_id from note where name='floral' and type='TOP'));insert into perfume_note(perfume_id,note_id) values (62,(select note_id from note where name='patchouli' and type='MIDDLE'));insert into perfume_note(perfume_id,note_id) values (62,(select note_id from note where name='caramel' and type='MIDDLE'));insert into perfume_note(perfume_id,note_id) values (62,(select note_id from note where name='licorice' and type='MIDDLE'));insert into perfume_note(perfume_id,note_id) values (62,(select note_id from note where name='beeswax' and type='MIDDLE'));insert into perfume_note(perfume_id,note_id) values (62,(select note_id from note where name='peach' and type='BASE'));insert into perfume_note(perfume_id,note_id) values (62,(select note_id from note where name='gardenia' and type='BASE'));insert into perfume_note(perfume_id,note_id) values (62,(select note_id from note where name='jasmine' and type='BASE'));insert into perfume_note(perfume_id,note_id) values (62,(select note_id from note where name='honey' and type='BASE'));insert into perfume_note(perfume_id,note_id) values (62,(select note_id from note where name='orange blossom' and type='BASE'));insert into perfume(perfume_id,concentration,image,name,price,rating,gender,volume,brand_id) values( '63','EDP','perfumes/63.jpg',"Mr. Burberry",3000,'4.5',0,'100.0',(select brand_id from brand where name="BURBERRY"));insert into perfume_note(perfume_id,note_id) values( 63,(select note_id from note where name='woody' and type='TOP'));insert into perfume_note(perfume_id,note_id) values (63,(select note_id from note where name='amber' and type='MIDDLE'));insert into perfume_note(perfume_id,note_id) values (63,(select note_id from note where name='cinnamon' and type='MIDDLE'));insert into perfume_note(perfume_id,note_id) values (63,(select note_id from note where name='vetiver' and type='MIDDLE'));insert into perfume_note(perfume_id,note_id) values (63,(select note_id from note where name='benzoin' and type='MIDDLE'));insert into perfume_note(perfume_id,note_id) values (63,(select note_id from note where name='sandalwood' and type='MIDDLE'));insert into perfume_note(perfume_id,note_id) values (63,(select note_id from note where name='patchouli' and type='MIDDLE'));insert into perfume_note(perfume_id,note_id) values (63,(select note_id from note where name='cedar' and type='BASE'));insert into perfume_note(perfume_id,note_id) values (63,(select note_id from note where name='lavender' and type='BASE'));insert into perfume_note(perfume_id,note_id) values (63,(select note_id from note where name='nutmeg' and type='BASE'));insert into perfume(perfume_id,concentration,image,name,price,rating,gender,volume,brand_id) values( '64','EDP','perfumes/64.jpg',"Raindrops",3000,'4.7',0,'50.0',(select brand_id from brand where name="Ajmal"));insert into perfume_note(perfume_id,note_id) values( 64,(select note_id from note where name='fruity' and type='TOP'));insert into perfume_note(perfume_id,note_id) values (64,(select note_id from note where name='floral ambery woody' and type='MIDDLE'));insert into perfume_note(perfume_id,note_id) values (64,(select note_id from note where name='animalistic floral' and type='BASE'));insert into perfume(perfume_id,concentration,image,name,price,rating,gender,volume,brand_id) values( '65','EDP','perfumes/65.jpg',"Guilty Absolute",3000,'4.2',0,'90.0',(select brand_id from brand where name="GUCCI"));insert into perfume_note(perfume_id,note_id) values( 65,(select note_id from note where name='spicy' and type='TOP'));insert into perfume_note(perfume_id,note_id) values (65,(select note_id from note where name='patchouli' and type='MIDDLE'));insert into perfume_note(perfume_id,note_id) values (65,(select note_id from note where name='amber' and type='MIDDLE'));insert into perfume_note(perfume_id,note_id) values (65,(select note_id from note where name='vetiver' and type='BASE'));insert into perfume_note(perfume_id,note_id) values (65,(select note_id from note where name='woody notes' and type='BASE'));insert into perfume_note(perfume_id,note_id) values (65,(select note_id from note where name='cypress' and type='BASE'));insert into perfume_note(perfume_id,note_id) values (65,(select note_id from note where name='bulgarian rose' and type='BASE'));insert into perfume(perfume_id,concentration,image,name,price,rating,gender,volume,brand_id) values( '66','EDP','perfumes/66.jpg',"Mr. Burberry",3000,'5.0',0,'100.0',(select brand_id from brand where name="BURBERRY"));insert into perfume_note(perfume_id,note_id) values( 66,(select note_id from note where name='woody' and type='TOP'));insert into perfume_note(perfume_id,note_id) values (66,(select note_id from note where name='amber' and type='MIDDLE'));insert into perfume_note(perfume_id,note_id) values (66,(select note_id from note where name='vetiver' and type='MIDDLE'));insert into perfume_note(perfume_id,note_id) values (66,(select note_id from note where name='sandalwood' and type='MIDDLE'));insert into perfume_note(perfume_id,note_id) values (66,(select note_id from note where name='patchouli' and type='MIDDLE'));insert into perfume_note(perfume_id,note_id) values (66,(select note_id from note where name='benzoin cinnamon' and type='MIDDLE'));insert into perfume_note(perfume_id,note_id) values (66,(select note_id from note where name='cedar' and type='BASE'));insert into perfume_note(perfume_id,note_id) values (66,(select note_id from note where name='lavender' and type='BASE'));insert into perfume_note(perfume_id,note_id) values (66,(select note_id from note where name='nutmeg' and type='BASE'));insert into perfume(perfume_id,concentration,image,name,price,rating,gender,volume,brand_id) values( '67','EDT','perfumes/67.jpg',"Dylan Blue",3000,'4.4',0,'5.0',(select brand_id from brand where name="VERSACE"));insert into perfume_note(perfume_id,note_id) values( 67,(select note_id from note where name='citrus' and type='TOP'));insert into perfume_note(perfume_id,note_id) values (67,(select note_id from note where name='saffron' and type='MIDDLE'));insert into perfume_note(perfume_id,note_id) values (67,(select note_id from note where name='tonka beans' and type='MIDDLE'));insert into perfume_note(perfume_id,note_id) values (67,(select note_id from note where name='frankincense' and type='MIDDLE'));insert into perfume_note(perfume_id,note_id) values (67,(select note_id from note where name='musk' and type='MIDDLE'));insert into perfume_note(perfume_id,note_id) values (67,(select note_id from note where name='black pepper' and type='BASE'));insert into perfume_note(perfume_id,note_id) values (67,(select note_id from note where name='violet leaves' and type='BASE'));insert into perfume_note(perfume_id,note_id) values (67,(select note_id from note where name='ambroxan' and type='BASE'));insert into perfume_note(perfume_id,note_id) values (67,(select note_id from note where name='patchouli' and type='BASE'));insert into perfume_note(perfume_id,note_id) values (67,(select note_id from note where name='papyrus' and type='BASE'));insert into perfume(perfume_id,concentration,image,name,price,rating,gender,volume,brand_id) values( '68','EDT','perfumes/68.jpg',"ICQ",3000,'5.0',0,'100.0',(select brand_id from brand where name="J.CASANOVA"));insert into perfume_note(perfume_id,note_id) values( 68,(select note_id from note where name='fresh' and type='TOP'));insert into perfume_note(perfume_id,note_id) values (68,(select note_id from note where name='sandalwood' and type='MIDDLE'));insert into perfume_note(perfume_id,note_id) values (68,(select note_id from note where name='wood' and type='MIDDLE'));insert into perfume_note(perfume_id,note_id) values (68,(select note_id from note where name='cedar wood' and type='MIDDLE'));insert into perfume_note(perfume_id,note_id) values (68,(select note_id from note where name='animal' and type='MIDDLE'));insert into perfume_note(perfume_id,note_id) values (68,(select note_id from note where name='patchouli' and type='MIDDLE'));insert into perfume_note(perfume_id,note_id) values (68,(select note_id from note where name='cyclamen' and type='BASE'));insert into perfume_note(perfume_id,note_id) values (68,(select note_id from note where name='ylangylang' and type='BASE'));insert into perfume_note(perfume_id,note_id) values (68,(select note_id from note where name='rosewood' and type='BASE'));insert into perfume_note(perfume_id,note_id) values (68,(select note_id from note where name='jasmin' and type='BASE'));insert into perfume_note(perfume_id,note_id) values (68,(select note_id from note where name='floral' and type='BASE'));insert into perfume(perfume_id,concentration,image,name,price,rating,gender,volume,brand_id) values( '69','EDT','perfumes/69.jpg',"Cold",3000,'4.0',0,'100.0',(select brand_id from brand where name="UNITED COLORS OF BENETTON"));insert into perfume_note(perfume_id,note_id) values( 69,(select note_id from note where name='spicy' and type='TOP'));insert into perfume_note(perfume_id,note_id) values (69,(select note_id from note where name='amber' and type='MIDDLE'));insert into perfume_note(perfume_id,note_id) values (69,(select note_id from note where name='vetiver' and type='MIDDLE'));insert into perfume_note(perfume_id,note_id) values (69,(select note_id from note where name='vanilla' and type='MIDDLE'));insert into perfume_note(perfume_id,note_id) values (69,(select note_id from note where name='musk' and type='MIDDLE'));insert into perfume_note(perfume_id,note_id) values (69,(select note_id from note where name='patchouli' and type='MIDDLE'));insert into perfume_note(perfume_id,note_id) values (69,(select note_id from note where name='frankincense' and type='MIDDLE'));insert into perfume_note(perfume_id,note_id) values (69,(select note_id from note where name='pimiento' and type='BASE'));insert into perfume_note(perfume_id,note_id) values (69,(select note_id from note where name='coriander' and type='BASE'));insert into perfume_note(perfume_id,note_id) values (69,(select note_id from note where name='cumin' and type='BASE'));insert into perfume(perfume_id,concentration,image,name,price,rating,gender,volume,brand_id) values( '70','EDP','perfumes/70.jpg',"Supreme Bouquet",3000,'5.0',0,'75.0',(select brand_id from brand where name="YSL"));insert into perfume_note(perfume_id,note_id) values( 70,(select note_id from note where name='woody' and type='TOP'));insert into perfume_note(perfume_id,note_id) values (70,(select note_id from note where name='patchouli' and type='MIDDLE'));insert into perfume_note(perfume_id,note_id) values (70,(select note_id from note where name='amber' and type='MIDDLE'));insert into perfume_note(perfume_id,note_id) values (70,(select note_id from note where name='musk' and type='MIDDLE'));insert into perfume_note(perfume_id,note_id) values (70,(select note_id from note where name='ylangylang' and type='BASE'));insert into perfume_note(perfume_id,note_id) values (70,(select note_id from note where name='jasmine' and type='BASE'));insert into perfume_note(perfume_id,note_id) values (70,(select note_id from note where name='tuberose' and type='BASE'));insert into perfume(perfume_id,concentration,image,name,price,rating,gender,volume,brand_id) values( '71','EDT','perfumes/71.jpg',"Tommy",3000,'4.4',0,'100.0',(select brand_id from brand where name="TOMMY HILFIGER"));insert into perfume_note(perfume_id,note_id) values( 71,(select note_id from note where name='spicy' and type='TOP'));insert into perfume_note(perfume_id,note_id) values (71,(select note_id from note where name='cotton' and type='MIDDLE'));insert into perfume_note(perfume_id,note_id) values (71,(select note_id from note where name='amber' and type='MIDDLE'));insert into perfume_note(perfume_id,note_id) values (71,(select note_id from note where name='cactus' and type='MIDDLE'));insert into perfume_note(perfume_id,note_id) values (71,(select note_id from note where name='apple' and type='BASE'));insert into perfume_note(perfume_id,note_id) values (71,(select note_id from note where name='rose' and type='BASE'));insert into perfume_note(perfume_id,note_id) values (71,(select note_id from note where name='cranberry' and type='BASE'));insert into perfume(perfume_id,concentration,image,name,price,rating,gender,volume,brand_id) values( '72','EDT','perfumes/72.jpg',"Safari",3000,'3.5',0,'125.0',(select brand_id from brand where name="RALPH LAUREN"));insert into perfume_note(perfume_id,note_id) values( 72,(select note_id from note where name='woody' and type='TOP'));insert into perfume_note(perfume_id,note_id) values (72,(select note_id from note where name='amber' and type='MIDDLE'));insert into perfume_note(perfume_id,note_id) values (72,(select note_id from note where name='cedar' and type='MIDDLE'));insert into perfume_note(perfume_id,note_id) values (72,(select note_id from note where name='sandalwood' and type='MIDDLE'));insert into perfume_note(perfume_id,note_id) values (72,(select note_id from note where name='musk' and type='MIDDLE'));insert into perfume_note(perfume_id,note_id) values (72,(select note_id from note where name='patchouli' and type='MIDDLE'));insert into perfume_note(perfume_id,note_id) values (72,(select note_id from note where name='leather' and type='MIDDLE'));insert into perfume_note(perfume_id,note_id) values (72,(select note_id from note where name='oakmoss' and type='MIDDLE'));insert into perfume_note(perfume_id,note_id) values (72,(select note_id from note where name='cinnamon' and type='BASE'));insert into perfume_note(perfume_id,note_id) values (72,(select note_id from note where name='tarragon' and type='BASE'));insert into perfume_note(perfume_id,note_id) values (72,(select note_id from note where name='rose' and type='BASE'));insert into perfume_note(perfume_id,note_id) values (72,(select note_id from note where name='jasmine' and type='BASE'));insert into perfume_note(perfume_id,note_id) values (72,(select note_id from note where name='carnation' and type='BASE'));insert into perfume_note(perfume_id,note_id) values (72,(select note_id from note where name='cyclamen' and type='BASE'));insert into perfume(perfume_id,concentration,image,name,price,rating,gender,volume,brand_id) values( '73','EDT','perfumes/73.jpg',"Stronger With You",3000,'4.5',0,'100.0',(select brand_id from brand where name="EMPORIO ARMANI"));insert into perfume_note(perfume_id,note_id) values( 73,(select note_id from note where name='floral' and type='TOP'));insert into perfume_note(perfume_id,note_id) values (73,(select note_id from note where name='amberwood' and type='MIDDLE'));insert into perfume_note(perfume_id,note_id) values (73,(select note_id from note where name='vanilla' and type='MIDDLE'));insert into perfume_note(perfume_id,note_id) values (73,(select note_id from note where name='cedar' and type='MIDDLE'));insert into perfume_note(perfume_id,note_id) values (73,(select note_id from note where name='chestnut' and type='MIDDLE'));insert into perfume_note(perfume_id,note_id) values (73,(select note_id from note where name='melon' and type='BASE'));insert into perfume_note(perfume_id,note_id) values (73,(select note_id from note where name='sage' and type='BASE'));insert into perfume_note(perfume_id,note_id) values (73,(select note_id from note where name='pineapple' and type='BASE'));insert into perfume(perfume_id,concentration,image,name,price,rating,gender,volume,brand_id) values( '74','EDT','perfumes/74.jpg',"Rumba Passion Ted Lapidus",3000,'5.0',0,'100.0',(select brand_id from brand where name="TED LAPIDUS"));insert into perfume_note(perfume_id,note_id) values( 74,(select note_id from note where name='floral' and type='TOP'));insert into perfume_note(perfume_id,note_id) values (74,(select note_id from note where name='patchouli' and type='MIDDLE'));insert into perfume_note(perfume_id,note_id) values (74,(select note_id from note where name='vanilla' and type='MIDDLE'));insert into perfume_note(perfume_id,note_id) values (74,(select note_id from note where name='honey' and type='MIDDLE'));insert into perfume_note(perfume_id,note_id) values (74,(select note_id from note where name='rose' and type='BASE'));insert into perfume_note(perfume_id,note_id) values (74,(select note_id from note where name='jasmine' and type='BASE'));insert into perfume(perfume_id,concentration,image,name,price,rating,gender,volume,brand_id) values( '75','EDT','perfumes/75.jpg',"Dark Blue",3000,'4.5',0,'75.0',(select brand_id from brand where name="HUGO BOSS"));insert into perfume_note(perfume_id,note_id) values( 75,(select note_id from note where name='citrus' and type='TOP'));insert into perfume_note(perfume_id,note_id) values (75,(select note_id from note where name='patchouli' and type='MIDDLE'));insert into perfume_note(perfume_id,note_id) values (75,(select note_id from note where name='benzoin' and type='MIDDLE'));insert into perfume_note(perfume_id,note_id) values (75,(select note_id from note where name='suede' and type='MIDDLE'));insert into perfume_note(perfume_id,note_id) values (75,(select note_id from note where name='olibanum' and type='MIDDLE'));insert into perfume_note(perfume_id,note_id) values (75,(select note_id from note where name='cypress' and type='BASE'));insert into perfume_note(perfume_id,note_id) values (75,(select note_id from note where name='pelargonium' and type='BASE'));insert into perfume_note(perfume_id,note_id) values (75,(select note_id from note where name='sage' and type='BASE'));insert into perfume(perfume_id,concentration,image,name,price,rating,gender,volume,brand_id) values( '76','EDT','perfumes/76.jpg',"Dylan Blue",3000,'4.6',0,'100.0',(select brand_id from brand where name="VERSACE"));insert into perfume_note(perfume_id,note_id) values( 76,(select note_id from note where name='fresh' and type='TOP'));insert into perfume_note(perfume_id,note_id) values (76,(select note_id from note where name='saffron' and type='MIDDLE'));insert into perfume_note(perfume_id,note_id) values (76,(select note_id from note where name='tonka bean' and type='MIDDLE'));insert into perfume_note(perfume_id,note_id) values (76,(select note_id from note where name='incense' and type='MIDDLE'));insert into perfume_note(perfume_id,note_id) values (76,(select note_id from note where name='musk' and type='MIDDLE'));insert into perfume_note(perfume_id,note_id) values (76,(select note_id from note where name='violet leaf' and type='BASE'));insert into perfume_note(perfume_id,note_id) values (76,(select note_id from note where name='ambroxan' and type='BASE'));insert into perfume_note(perfume_id,note_id) values (76,(select note_id from note where name='black pepper' and type='BASE'));insert into perfume_note(perfume_id,note_id) values (76,(select note_id from note where name='patchouli' and type='BASE'));insert into perfume_note(perfume_id,note_id) values (76,(select note_id from note where name='papyrus' and type='BASE'));insert into perfume(perfume_id,concentration,image,name,price,rating,gender,volume,brand_id) values( '77','EDP','perfumes/77.jpg',"Quatre",3000,'4.9',0,'100.0',(select brand_id from brand where name="BOUCHERON"));insert into perfume_note(perfume_id,note_id) values( 77,(select note_id from note where name='floral' and type='TOP'));insert into perfume_note(perfume_id,note_id) values (77,(select note_id from note where name='cashmere' and type='MIDDLE'));insert into perfume_note(perfume_id,note_id) values (77,(select note_id from note where name='vanilla' and type='MIDDLE'));insert into perfume_note(perfume_id,note_id) values (77,(select note_id from note where name='caramel' and type='MIDDLE'));insert into perfume_note(perfume_id,note_id) values (77,(select note_id from note where name='white musk' and type='MIDDLE'));insert into perfume_note(perfume_id,note_id) values (77,(select note_id from note where name='apple' and type='BASE'));insert into perfume_note(perfume_id,note_id) values (77,(select note_id from note where name='rose' and type='BASE'));insert into perfume_note(perfume_id,note_id) values (77,(select note_id from note where name='jasmine' and type='BASE'));insert into perfume_note(perfume_id,note_id) values (77,(select note_id from note where name='fishing' and type='BASE'));insert into perfume(perfume_id,concentration,image,name,price,rating,gender,volume,brand_id) values( '78','EDT','perfumes/78.jpg',"Molto Carina",3000,'4.0',0,'100.0',(select brand_id from brand where name="DORALL COLLECTION"));insert into perfume_note(perfume_id,note_id) values( 78,(select note_id from note where name='woody' and type='TOP'));insert into perfume_note(perfume_id,note_id) values (78,(select note_id from note where name='lactone' and type='MIDDLE'));insert into perfume_note(perfume_id,note_id) values (78,(select note_id from note where name='musk' and type='MIDDLE'));insert into perfume_note(perfume_id,note_id) values (78,(select note_id from note where name='woody amber' and type='MIDDLE'));insert into perfume_note(perfume_id,note_id) values (78,(select note_id from note where name='tropical fruits' and type='BASE'));insert into perfume_note(perfume_id,note_id) values (78,(select note_id from note where name='peach' and type='BASE'));insert into perfume_note(perfume_id,note_id) values (78,(select note_id from note where name='jasmin' and type='BASE'));insert into perfume_note(perfume_id,note_id) values (78,(select note_id from note where name='water' and type='BASE'));insert into perfume(perfume_id,concentration,image,name,price,rating,gender,volume,brand_id) values( '79','EDP','perfumes/79.jpg',"Stronger With You Intensely",3000,'4.8',0,'100.0',(select brand_id from brand where name="armani"));insert into perfume_note(perfume_id,note_id) values( 79,(select note_id from note where name='aromatic' and type='TOP'));insert into perfume_note(perfume_id,note_id) values (79,(select note_id from note where name='ambery woods' and type='MIDDLE'));insert into perfume_note(perfume_id,note_id) values (79,(select note_id from note where name='vanilla' and type='BASE'));insert into perfume(perfume_id,concentration,image,name,price,rating,gender,volume,brand_id) values( '80','EDT','perfumes/80.jpg',"1 Million",3000,'3.8',0,'100.0',(select brand_id from brand where name="PACO RABANNE"));insert into perfume_note(perfume_id,note_id) values( 80,(select note_id from note where name='woody' and type='TOP'));insert into perfume_note(perfume_id,note_id) values (80,(select note_id from note where name='indian patchouli' and type='MIDDLE'));insert into perfume_note(perfume_id,note_id) values (80,(select note_id from note where name='amber' and type='MIDDLE'));insert into perfume_note(perfume_id,note_id) values (80,(select note_id from note where name='notes' and type='MIDDLE'));insert into perfume_note(perfume_id,note_id) values (80,(select note_id from note where name='leather' and type='MIDDLE'));insert into perfume_note(perfume_id,note_id) values (80,(select note_id from note where name='woody' and type='MIDDLE'));insert into perfume_note(perfume_id,note_id) values (80,(select note_id from note where name='bark' and type='BASE'));insert into perfume_note(perfume_id,note_id) values (80,(select note_id from note where name='rose absolute' and type='BASE'));insert into perfume_note(perfume_id,note_id) values (80,(select note_id from note where name='musk' and type='BASE'));insert into perfume_note(perfume_id,note_id) values (80,(select note_id from note where name='cinnamon' and type='BASE'));insert into perfume(perfume_id,concentration,image,name,price,rating,gender,volume,brand_id) values( '81','EDP','perfumes/81.jpg',"Valentina",3000,'5.0',0,'80.0',(select brand_id from brand where name="VALENTINO"));insert into perfume_note(perfume_id,note_id) values( 81,(select note_id from note where name='floral' and type='TOP'));insert into perfume_note(perfume_id,note_id) values (81,(select note_id from note where name='virginia cedar' and type='MIDDLE'));insert into perfume_note(perfume_id,note_id) values (81,(select note_id from note where name='vanilla' and type='MIDDLE'));insert into perfume_note(perfume_id,note_id) values (81,(select note_id from note where name='amber' and type='MIDDLE'));insert into perfume_note(perfume_id,note_id) values (81,(select note_id from note where name='african orange flower' and type='BASE'));insert into perfume_note(perfume_id,note_id) values (81,(select note_id from note where name='jasmine' and type='BASE'));insert into perfume_note(perfume_id,note_id) values (81,(select note_id from note where name='strawberry' and type='BASE'));insert into perfume_note(perfume_id,note_id) values (81,(select note_id from note where name='tuberose' and type='BASE'));insert into perfume(perfume_id,concentration,image,name,price,rating,gender,volume,brand_id) values( '82','EDP','perfumes/82.jpg',"Oud 24 Hours",3000,'4.0',0,'100.0',(select brand_id from brand where name="Ard Al Zaafaran"));insert into perfume_note(perfume_id,note_id) values( 82,(select note_id from note where name='fresh' and type='TOP'));insert into perfume_note(perfume_id,note_id) values (82,(select note_id from note where name='amber' and type='MIDDLE'));insert into perfume_note(perfume_id,note_id) values (82,(select note_id from note where name='incense' and type='MIDDLE'));insert into perfume_note(perfume_id,note_id) values (82,(select note_id from note where name='sandalwood' and type='MIDDLE'));insert into perfume_note(perfume_id,note_id) values (82,(select note_id from note where name='agarwood' and type='MIDDLE'));insert into perfume_note(perfume_id,note_id) values (82,(select note_id from note where name='oud' and type='MIDDLE'));insert into perfume_note(perfume_id,note_id) values (82,(select note_id from note where name='patchouli' and type='MIDDLE'));insert into perfume_note(perfume_id,note_id) values (82,(select note_id from note where name='gardenia' and type='BASE'));insert into perfume_note(perfume_id,note_id) values (82,(select note_id from note where name='spicy notes' and type='BASE'));insert into perfume_note(perfume_id,note_id) values (82,(select note_id from note where name='jasmine' and type='BASE'));insert into perfume_note(perfume_id,note_id) values (82,(select note_id from note where name='fruity notes' and type='BASE'));insert into perfume_note(perfume_id,note_id) values (82,(select note_id from note where name='ylangylang' and type='BASE'));insert into perfume(perfume_id,concentration,image,name,price,rating,gender,volume,brand_id) values( '83','EDP','perfumes/83.jpg',"Be Delicious",3000,'4.8',0,'100.0',(select brand_id from brand where name="DKNY"));insert into perfume_note(perfume_id,note_id) values( 83,(select note_id from note where name='floral' and type='TOP'));insert into perfume_note(perfume_id,note_id) values (83,(select note_id from note where name='white' and type='MIDDLE'));insert into perfume_note(perfume_id,note_id) values (83,(select note_id from note where name='amber' and type='MIDDLE'));insert into perfume_note(perfume_id,note_id) values (83,(select note_id from note where name='woods' and type='MIDDLE'));insert into perfume_note(perfume_id,note_id) values (83,(select note_id from note where name='apple' and type='BASE'));insert into perfume_note(perfume_id,note_id) values (83,(select note_id from note where name='rose' and type='BASE'));insert into perfume_note(perfume_id,note_id) values (83,(select note_id from note where name='violet' and type='BASE'));insert into perfume_note(perfume_id,note_id) values (83,(select note_id from note where name='tuberose' and type='BASE'));insert into perfume_note(perfume_id,note_id) values (83,(select note_id from note where name='white muguet' and type='BASE'));insert into perfume(perfume_id,concentration,image,name,price,rating,gender,volume,brand_id) values( '84','EDP','perfumes/84.jpg',"Modern Muse",3000,'4.5',0,'100.0',(select brand_id from brand where name="Estee Lauder"));insert into perfume_note(perfume_id,note_id) values( 84,(select note_id from note where name='floral' and type='TOP'));insert into perfume_note(perfume_id,note_id) values (84,(select note_id from note where name='amber' and type='MIDDLE'));insert into perfume_note(perfume_id,note_id) values (84,(select note_id from note where name='woodsy note' and type='MIDDLE'));insert into perfume_note(perfume_id,note_id) values (84,(select note_id from note where name='vanilla' and type='MIDDLE'));insert into perfume_note(perfume_id,note_id) values (84,(select note_id from note where name='musk' and type='MIDDLE'));insert into perfume_note(perfume_id,note_id) values (84,(select note_id from note where name='patchouli' and type='MIDDLE'));insert into perfume_note(perfume_id,note_id) values (84,(select note_id from note where name='chinee jasmine' and type='BASE'));insert into perfume_note(perfume_id,note_id) values (84,(select note_id from note where name='honeysuckles' and type='BASE'));insert into perfume_note(perfume_id,note_id) values (84,(select note_id from note where name='jasmine sambac' and type='BASE'));insert into perfume_note(perfume_id,note_id) values (84,(select note_id from note where name='lily' and type='BASE'));insert into perfume_note(perfume_id,note_id) values (84,(select note_id from note where name='flower petals' and type='BASE'));insert into perfume_note(perfume_id,note_id) values (84,(select note_id from note where name='tuberose' and type='BASE'));insert into perfume(perfume_id,concentration,image,name,price,rating,gender,volume,brand_id) values( '85','EDP','perfumes/85.jpg',"Good Girl",3000,'4.8',0,'80.0',(select brand_id from brand where name="CAROLINA HERRERA"));insert into perfume_note(perfume_id,note_id) values( 85,(select note_id from note where name='arabian' and type='TOP'));insert into perfume_note(perfume_id,note_id) values (85,(select note_id from note where name='cashmere wood' and type='MIDDLE'));insert into perfume_note(perfume_id,note_id) values (85,(select note_id from note where name='praline' and type='MIDDLE'));insert into perfume_note(perfume_id,note_id) values (85,(select note_id from note where name='cinnamon' and type='MIDDLE'));insert into perfume_note(perfume_id,note_id) values (85,(select note_id from note where name='cocoa' and type='MIDDLE'));insert into perfume_note(perfume_id,note_id) values (85,(select note_id from note where name='cedar' and type='MIDDLE'));insert into perfume_note(perfume_id,note_id) values (85,(select note_id from note where name='sandalwood' and type='MIDDLE'));insert into perfume_note(perfume_id,note_id) values (85,(select note_id from note where name='tonka bean' and type='MIDDLE'));insert into perfume_note(perfume_id,note_id) values (85,(select note_id from note where name='orris' and type='BASE'));insert into perfume_note(perfume_id,note_id) values (85,(select note_id from note where name='jasmine sambac' and type='BASE'));insert into perfume_note(perfume_id,note_id) values (85,(select note_id from note where name='tuberose' and type='BASE'));insert into perfume_note(perfume_id,note_id) values (85,(select note_id from note where name='orange blossom' and type='BASE'));insert into perfume_note(perfume_id,note_id) values (85,(select note_id from note where name='bulgarian rose' and type='BASE'));insert into perfume(perfume_id,concentration,image,name,price,rating,gender,volume,brand_id) values( '86','EDP','perfumes/86.jpg',"Mr.Burberry",3000,'4.6',0,'100.0',(select brand_id from brand where name="BURBERRY"));insert into perfume_note(perfume_id,note_id) values( 86,(select note_id from note where name='woody' and type='TOP'));insert into perfume_note(perfume_id,note_id) values (86,(select note_id from note where name='vetiver' and type='MIDDLE'));insert into perfume_note(perfume_id,note_id) values (86,(select note_id from note where name='guaiac wood' and type='MIDDLE'));insert into perfume_note(perfume_id,note_id) values (86,(select note_id from note where name='sandalwood' and type='MIDDLE'));insert into perfume_note(perfume_id,note_id) values (86,(select note_id from note where name='cedar' and type='BASE'));insert into perfume_note(perfume_id,note_id) values (86,(select note_id from note where name='birch leaf' and type='BASE'));insert into perfume_note(perfume_id,note_id) values (86,(select note_id from note where name='nutmeg oil' and type='BASE'));insert into perfume(perfume_id,concentration,image,name,price,rating,gender,volume,brand_id) values( '87','EDP','perfumes/87.jpg',"Ideal",3000,'4.8',0,'100.0',(select brand_id from brand where name="Guerlain"));insert into perfume_note(perfume_id,note_id) values( 87,(select note_id from note where name='fruity' and type='TOP'));insert into perfume_note(perfume_id,note_id) values (87,(select note_id from note where name='leather' and type='MIDDLE'));insert into perfume_note(perfume_id,note_id) values (87,(select note_id from note where name='sandalwood' and type='MIDDLE'));insert into perfume_note(perfume_id,note_id) values (87,(select note_id from note where name='tonka beans' and type='MIDDLE'));insert into perfume_note(perfume_id,note_id) values (87,(select note_id from note where name='cherry' and type='BASE'));insert into perfume_note(perfume_id,note_id) values (87,(select note_id from note where name='vanilla' and type='BASE'));insert into perfume_note(perfume_id,note_id) values (87,(select note_id from note where name='incense' and type='BASE'));insert into perfume_note(perfume_id,note_id) values (87,(select note_id from note where name='bulgarian rose' and type='BASE'));insert into perfume(perfume_id,concentration,image,name,price,rating,gender,volume,brand_id) values( '88','EDT','perfumes/88.jpg',"Acqua Di Gio",3000,'3.7',0,'200.0',(select brand_id from brand where name="GIORGIO ARMANI"));insert into perfume_note(perfume_id,note_id) values( 88,(select note_id from note where name='citrus' and type='TOP'));insert into perfume_note(perfume_id,note_id) values (88,(select note_id from note where name='cedar' and type='MIDDLE'));insert into perfume_note(perfume_id,note_id) values (88,(select note_id from note where name='amber' and type='MIDDLE'));insert into perfume_note(perfume_id,note_id) values (88,(select note_id from note where name='oak moss' and type='MIDDLE'));insert into perfume_note(perfume_id,note_id) values (88,(select note_id from note where name='musk' and type='MIDDLE'));insert into perfume_note(perfume_id,note_id) values (88,(select note_id from note where name='love' and type='BASE'));insert into perfume_note(perfume_id,note_id) values (88,(select note_id from note where name='coriander' and type='BASE'));insert into perfume_note(perfume_id,note_id) values (88,(select note_id from note where name='small coconut' and type='BASE'));insert into perfume_note(perfume_id,note_id) values (88,(select note_id from note where name='peach' and type='BASE'));insert into perfume_note(perfume_id,note_id) values (88,(select note_id from note where name='rose' and type='BASE'));insert into perfume_note(perfume_id,note_id) values (88,(select note_id from note where name='flower' and type='BASE'));insert into perfume_note(perfume_id,note_id) values (88,(select note_id from note where name='sea notes' and type='BASE'));insert into perfume_note(perfume_id,note_id) values (88,(select note_id from note where name='violet' and type='BASE'));insert into perfume_note(perfume_id,note_id) values (88,(select note_id from note where name='freesia' and type='BASE'));insert into perfume(perfume_id,concentration,image,name,price,rating,gender,volume,brand_id) values( '89','EDP','perfumes/89.jpg',"Girl of Now Shine",3000,'5.0',0,'91.0',(select brand_id from brand where name="ELIE SAAB"));insert into perfume_note(perfume_id,note_id) values( 89,(select note_id from note where name='arabian' and type='TOP'));insert into perfume_note(perfume_id,note_id) values (89,(select note_id from note where name='iris' and type='MIDDLE'));insert into perfume_note(perfume_id,note_id) values (89,(select note_id from note where name='jasmine' and type='MIDDLE'));insert into perfume_note(perfume_id,note_id) values (89,(select note_id from note where name='sweet' and type='MIDDLE'));insert into perfume_note(perfume_id,note_id) values (89,(select note_id from note where name='vanilla' and type='MIDDLE'));insert into perfume_note(perfume_id,note_id) values (89,(select note_id from note where name='patchouli' and type='MIDDLE'));insert into perfume_note(perfume_id,note_id) values (89,(select note_id from note where name='ylangylang' and type='BASE'));insert into perfume_note(perfume_id,note_id) values (89,(select note_id from note where name='roasted' and type='BASE'));insert into perfume_note(perfume_id,note_id) values (89,(select note_id from note where name='almonds' and type='BASE'));insert into perfume(perfume_id,concentration,image,name,price,rating,gender,volume,brand_id) values( '90','EDP','perfumes/90.jpg',"Narciso Rodriguez",3000,'4.3',0,'50.0',(select brand_id from brand where name="NARCISO RODRIGUEZ"));insert into perfume_note(perfume_id,note_id) values( 90,(select note_id from note where name='spicy' and type='TOP'));insert into perfume_note(perfume_id,note_id) values (90,(select note_id from note where name='patchouli' and type='MIDDLE'));insert into perfume_note(perfume_id,note_id) values (90,(select note_id from note where name='sandalwood' and type='MIDDLE'));insert into perfume_note(perfume_id,note_id) values (90,(select note_id from note where name='amber' and type='BASE'));insert into perfume_note(perfume_id,note_id) values (90,(select note_id from note where name='musk' and type='BASE'));insert into perfume(perfume_id,concentration,image,name,price,rating,gender,volume,brand_id) values( '91','EDP','perfumes/91.jpg',"Raindrops",3000,'4.7',0,'50.0',(select brand_id from brand where name="Ajmal"));insert into perfume_note(perfume_id,note_id) values( 91,(select note_id from note where name='fruity' and type='TOP'));insert into perfume_note(perfume_id,note_id) values (91,(select note_id from note where name='floral ambery woody' and type='MIDDLE'));insert into perfume_note(perfume_id,note_id) values (91,(select note_id from note where name='animalistic floral' and type='BASE'));insert into perfume(perfume_id,concentration,image,name,price,rating,gender,volume,brand_id) values( '92','EDT','perfumes/92.jpg',"Uomo",3000,'5.0',0,'100.0',(select brand_id from brand where name="Roberto Cavalli"));insert into perfume_note(perfume_id,note_id) values( 92,(select note_id from note where name='floral' and type='TOP'));insert into perfume_note(perfume_id,note_id) values (92,(select note_id from note where name='cedar' and type='MIDDLE'));insert into perfume_note(perfume_id,note_id) values (92,(select note_id from note where name='honey' and type='BASE'));insert into perfume_note(perfume_id,note_id) values (92,(select note_id from note where name='lavender' and type='BASE'));insert into perfume(perfume_id,concentration,image,name,price,rating,gender,volume,brand_id) values( '93','EDT','perfumes/93.jpg',"Emblem Absolu",3000,'4.7',0,'100.0',(select brand_id from brand where name="MONTBLANC"));insert into perfume_note(perfume_id,note_id) values( 93,(select note_id from note where name='spicy' and type='TOP'));insert into perfume_note(perfume_id,note_id) values (93,(select note_id from note where name='patchouli' and type='MIDDLE'));insert into perfume_note(perfume_id,note_id) values (93,(select note_id from note where name='moss' and type='MIDDLE'));insert into perfume_note(perfume_id,note_id) values (93,(select note_id from note where name='vetiver' and type='MIDDLE'));insert into perfume_note(perfume_id,note_id) values (93,(select note_id from note where name='pink pepper' and type='BASE'));insert into perfume_note(perfume_id,note_id) values (93,(select note_id from note where name='lavender' and type='BASE'));insert into perfume_note(perfume_id,note_id) values (93,(select note_id from note where name='fruits' and type='BASE'));insert into perfume_note(perfume_id,note_id) values (93,(select note_id from note where name='honey' and type='BASE'));insert into perfume(perfume_id,concentration,image,name,price,rating,gender,volume,brand_id) values( '94','EDT','perfumes/94.jpg',"Eau de Lacoste L. 12.12 Noir",3000,'4.8',0,'100.0',(select brand_id from brand where name="LACOSTE"));insert into perfume_note(perfume_id,note_id) values( 94,(select note_id from note where name='spicy' and type='TOP'));insert into perfume_note(perfume_id,note_id) values (94,(select note_id from note where name='coumarin' and type='MIDDLE'));insert into perfume_note(perfume_id,note_id) values (94,(select note_id from note where name='cashmeran' and type='MIDDLE'));insert into perfume_note(perfume_id,note_id) values (94,(select note_id from note where name='patchouli' and type='MIDDLE'));insert into perfume_note(perfume_id,note_id) values (94,(select note_id from note where name='dark chocolate' and type='MIDDLE'));insert into perfume_note(perfume_id,note_id) values (94,(select note_id from note where name='verbena' and type='BASE'));insert into perfume_note(perfume_id,note_id) values (94,(select note_id from note where name='lavender' and type='BASE'));insert into perfume_note(perfume_id,note_id) values (94,(select note_id from note where name='basil' and type='BASE'));insert into perfume(perfume_id,concentration,image,name,price,rating,gender,volume,brand_id) values( '95','EDT','perfumes/95.jpg',"CKIN2U",3000,'5.0',0,'100.0',(select brand_id from brand where name="Calvin Klein"));insert into perfume_note(perfume_id,note_id) values( 95,(select note_id from note where name='citrus' and type='TOP'));insert into perfume_note(perfume_id,note_id) values (95,(select note_id from note where name='vetiver' and type='MIDDLE'));insert into perfume_note(perfume_id,note_id) values (95,(select note_id from note where name='white' and type='MIDDLE'));insert into perfume_note(perfume_id,note_id) values (95,(select note_id from note where name='cedar' and type='MIDDLE'));insert into perfume_note(perfume_id,note_id) values (95,(select note_id from note where name='musk' and type='MIDDLE'));insert into perfume_note(perfume_id,note_id) values (95,(select note_id from note where name='cacao pod' and type='BASE'));insert into perfume(perfume_id,concentration,image,name,price,rating,gender,volume,brand_id) values( '96','EDP','perfumes/96.jpg',"Florence",3000,'4.6',0,'75.0',(select brand_id from brand where name="Roberto Cavalli"));insert into perfume_note(perfume_id,note_id) values( 96,(select note_id from note where name='floral' and type='TOP'));insert into perfume_note(perfume_id,note_id) values (96,(select note_id from note where name='patchouli' and type='MIDDLE'));insert into perfume_note(perfume_id,note_id) values (96,(select note_id from note where name='amber' and type='MIDDLE'));insert into perfume_note(perfume_id,note_id) values (96,(select note_id from note where name='musk' and type='MIDDLE'));insert into perfume_note(perfume_id,note_id) values (96,(select note_id from note where name='hibiscus seed' and type='BASE'));insert into perfume_note(perfume_id,note_id) values (96,(select note_id from note where name='orange blossom' and type='BASE'));insert into perfume_note(perfume_id,note_id) values (96,(select note_id from note where name='grapefruit blossom' and type='BASE'));insert into perfume(perfume_id,concentration,image,name,price,rating,gender,volume,brand_id) values( '97','EDT','perfumes/97.jpg',"Tommy Hilfiger",3000,'4.1',0,'100.0',(select brand_id from brand where name="TOMMY HILFIGER"));insert into perfume_note(perfume_id,note_id) values( 97,(select note_id from note where name='spicy' and type='TOP'));insert into perfume_note(perfume_id,note_id) values (97,(select note_id from note where name='cotton' and type='MIDDLE'));insert into perfume_note(perfume_id,note_id) values (97,(select note_id from note where name='amber' and type='MIDDLE'));insert into perfume_note(perfume_id,note_id) values (97,(select note_id from note where name='cactus' and type='MIDDLE'));insert into perfume_note(perfume_id,note_id) values (97,(select note_id from note where name='flower' and type='MIDDLE'));insert into perfume_note(perfume_id,note_id) values (97,(select note_id from note where name='cranberry' and type='BASE'));insert into perfume_note(perfume_id,note_id) values (97,(select note_id from note where name='granny' and type='BASE'));insert into perfume_note(perfume_id,note_id) values (97,(select note_id from note where name='apple' and type='BASE'));insert into perfume_note(perfume_id,note_id) values (97,(select note_id from note where name='rose' and type='BASE'));insert into perfume_note(perfume_id,note_id) values (97,(select note_id from note where name='smith' and type='BASE'));insert into perfume(perfume_id,concentration,image,name,price,rating,gender,volume,brand_id) values( '98','EDT','perfumes/98.jpg',"Atelier Intense",3000,'5.0',0,'80.0',(select brand_id from brand where name="LE CHAMEAU"));insert into perfume_note(perfume_id,note_id) values( 98,(select note_id from note where name='arabian' and type='TOP'));insert into perfume_note(perfume_id,note_id) values (98,(select note_id from note where name='amber' and type='MIDDLE'));insert into perfume_note(perfume_id,note_id) values (98,(select note_id from note where name='musk' and type='MIDDLE'));insert into perfume_note(perfume_id,note_id) values (98,(select note_id from note where name='oakmoss' and type='MIDDLE'));insert into perfume_note(perfume_id,note_id) values (98,(select note_id from note where name='vetyver' and type='MIDDLE'));insert into perfume_note(perfume_id,note_id) values (98,(select note_id from note where name='ceadarwood' and type='BASE'));insert into perfume_note(perfume_id,note_id) values (98,(select note_id from note where name='sandalwood' and type='BASE'));insert into perfume_note(perfume_id,note_id) values (98,(select note_id from note where name='spicy' and type='BASE'));insert into perfume_note(perfume_id,note_id) values (98,(select note_id from note where name='tonka' and type='BASE'));insert into perfume(perfume_id,concentration,image,name,price,rating,gender,volume,brand_id) values( '99','EDT','perfumes/99.jpg',"Genesis Oud Malaki",3000,'2.0',0,'99.0',(select brand_id from brand where name="LE CHAMEAU"));insert into perfume_note(perfume_id,note_id) values( 99,(select note_id from note where name='arabian' and type='TOP'));insert into perfume_note(perfume_id,note_id) values (99,(select note_id from note where name='vetiver' and type='MIDDLE'));insert into perfume_note(perfume_id,note_id) values (99,(select note_id from note where name='musk' and type='MIDDLE'));insert into perfume_note(perfume_id,note_id) values (99,(select note_id from note where name='apple' and type='BASE'));insert into perfume_note(perfume_id,note_id) values (99,(select note_id from note where name='patchouli' and type='BASE'));insert into perfume_note(perfume_id,note_id) values (99,(select note_id from note where name='agarwood' and type='BASE'));insert into perfume_note(perfume_id,note_id) values (99,(select note_id from note where name='amber' and type='BASE'));insert into perfume(perfume_id,concentration,image,name,price,rating,gender,volume,brand_id) values( '100','EDP','perfumes/100.jpg',"Tomorrow",3000,'4.5',0,'50.0',(select brand_id from brand where name="AVON"));insert into perfume_note(perfume_id,note_id) values( 100,(select note_id from note where name='floral' and type='TOP'));insert into perfume_note(perfume_id,note_id) values (100,(select note_id from note where name='rose' and type='MIDDLE'));insert into perfume_note(perfume_id,note_id) values (100,(select note_id from note where name='balsamic' and type='MIDDLE'));insert into perfume_note(perfume_id,note_id) values (100,(select note_id from note where name='floral' and type='MIDDLE'));insert into perfume_note(perfume_id,note_id) values (100,(select note_id from note where name='powdery' and type='MIDDLE'));insert into perfume_note(perfume_id,note_id) values (100,(select note_id from note where name='woody' and type='MIDDLE'));insert into perfume_note(perfume_id,note_id) values (100,(select note_id from note where name='musk' and type='BASE'));insert into perfume(perfume_id,concentration,image,name,price,rating,gender,volume,brand_id) values( '101','EDT','perfumes/101.jpg',"Invictus",3000,'4.8',0,'100.0',(select brand_id from brand where name="PACO RABANNE"));insert into perfume_note(perfume_id,note_id) values( 101,(select note_id from note where name='citrus' and type='TOP'));insert into perfume_note(perfume_id,note_id) values (101,(select note_id from note where name='guaiac' and type='MIDDLE'));insert into perfume_note(perfume_id,note_id) values (101,(select note_id from note where name='patchouli' and type='MIDDLE'));insert into perfume_note(perfume_id,note_id) values (101,(select note_id from note where name='heart' and type='MIDDLE'));insert into perfume_note(perfume_id,note_id) values (101,(select note_id from note where name='wood' and type='MIDDLE'));insert into perfume_note(perfume_id,note_id) values (101,(select note_id from note where name='accord' and type='BASE'));insert into perfume_note(perfume_id,note_id) values (101,(select note_id from note where name='zests' and type='BASE'));insert into perfume_note(perfume_id,note_id) values (101,(select note_id from note where name='ambregris' and type='BASE'));insert into perfume_note(perfume_id,note_id) values (101,(select note_id from note where name='grapefruit' and type='BASE'));insert into perfume(perfume_id,concentration,image,name,price,rating,gender,volume,brand_id) values( '102','EDP','perfumes/102.jpg',"Signorina Eleganza",3000,'5.0',0,'100.0',(select brand_id from brand where name="Salvatore Ferragamo"));insert into perfume_note(perfume_id,note_id) values( 102,(select note_id from note where name='fruity' and type='TOP'));insert into perfume_note(perfume_id,note_id) values (102,(select note_id from note where name='patchouli' and type='MIDDLE'));insert into perfume_note(perfume_id,note_id) values (102,(select note_id from note where name='leather' and type='MIDDLE'));insert into perfume_note(perfume_id,note_id) values (102,(select note_id from note where name='white' and type='MIDDLE'));insert into perfume_note(perfume_id,note_id) values (102,(select note_id from note where name='petals' and type='BASE'));insert into perfume_note(perfume_id,note_id) values (102,(select note_id from note where name='golden' and type='BASE'));insert into perfume_note(perfume_id,note_id) values (102,(select note_id from note where name='almond' and type='BASE'));insert into perfume_note(perfume_id,note_id) values (102,(select note_id from note where name='powder' and type='BASE'));insert into perfume_note(perfume_id,note_id) values (102,(select note_id from note where name='osmanthus' and type='BASE'));insert into perfume(perfume_id,concentration,image,name,price,rating,gender,volume,brand_id) values( '103','EDT','perfumes/103.jpg',"Pour Homme",3000,'5.0',0,'100.0',(select brand_id from brand where name="Carrera"));insert into perfume_note(perfume_id,note_id) values( 103,(select note_id from note where name='woody' and type='TOP'));insert into perfume_note(perfume_id,note_id) values (103,(select note_id from note where name='cedar' and type='MIDDLE'));insert into perfume_note(perfume_id,note_id) values (103,(select note_id from note where name='sandalwood' and type='MIDDLE'));insert into perfume_note(perfume_id,note_id) values (103,(select note_id from note where name='musk' and type='MIDDLE'));insert into perfume_note(perfume_id,note_id) values (103,(select note_id from note where name='leather' and type='MIDDLE'));insert into perfume_note(perfume_id,note_id) values (103,(select note_id from note where name='tonka bean' and type='MIDDLE'));insert into perfume_note(perfume_id,note_id) values (103,(select note_id from note where name='oakmoss' and type='MIDDLE'));insert into perfume_note(perfume_id,note_id) values (103,(select note_id from note where name='anise' and type='BASE'));insert into perfume_note(perfume_id,note_id) values (103,(select note_id from note where name='cloves' and type='BASE'));insert into perfume_note(perfume_id,note_id) values (103,(select note_id from note where name='jasmine' and type='BASE'));insert into perfume_note(perfume_id,note_id) values (103,(select note_id from note where name='ginger' and type='BASE'));insert into perfume(perfume_id,concentration,image,name,price,rating,gender,volume,brand_id) values( '104','EDT','perfumes/104.jpg',"Nashwa",3000,'5.0',0,'100.0',(select brand_id from brand where name="DORALL COLLECTION"));insert into perfume_note(perfume_id,note_id) values( 104,(select note_id from note where name='woody' and type='TOP'));insert into perfume_note(perfume_id,note_id) values (104,(select note_id from note where name='amber' and type='MIDDLE'));insert into perfume_note(perfume_id,note_id) values (104,(select note_id from note where name='sandalwood' and type='MIDDLE'));insert into perfume_note(perfume_id,note_id) values (104,(select note_id from note where name='vanilla' and type='MIDDLE'));insert into perfume_note(perfume_id,note_id) values (104,(select note_id from note where name='musk' and type='MIDDLE'));insert into perfume_note(perfume_id,note_id) values (104,(select note_id from note where name='patchouli' and type='MIDDLE'));insert into perfume_note(perfume_id,note_id) values (104,(select note_id from note where name='valley' and type='BASE'));insert into perfume_note(perfume_id,note_id) values (104,(select note_id from note where name='gardenia' and type='BASE'));insert into perfume_note(perfume_id,note_id) values (104,(select note_id from note where name='the' and type='BASE'));insert into perfume_note(perfume_id,note_id) values (104,(select note_id from note where name='jasmine' and type='BASE'));insert into perfume_note(perfume_id,note_id) values (104,(select note_id from note where name='lily' and type='BASE'));insert into perfume_note(perfume_id,note_id) values (104,(select note_id from note where name='magnolia' and type='BASE'));insert into perfume_note(perfume_id,note_id) values (104,(select note_id from note where name='freesia' and type='BASE'));insert into perfume(perfume_id,concentration,image,name,price,rating,gender,volume,brand_id) values( '105','EDT','perfumes/105.jpg',"Euphoria",3000,'4.7',0,'100.0',(select brand_id from brand where name="Calvin Klein"));insert into perfume_note(perfume_id,note_id) values( 105,(select note_id from note where name='woody' and type='TOP'));insert into perfume_note(perfume_id,note_id) values (105,(select note_id from note where name='amber' and type='MIDDLE'));insert into perfume_note(perfume_id,note_id) values (105,(select note_id from note where name='brazilian' and type='MIDDLE'));insert into perfume_note(perfume_id,note_id) values (105,(select note_id from note where name='redwood' and type='MIDDLE'));insert into perfume_note(perfume_id,note_id) values (105,(select note_id from note where name='suede' and type='MIDDLE'));insert into perfume_note(perfume_id,note_id) values (105,(select note_id from note where name='patchouli' and type='MIDDLE'));insert into perfume_note(perfume_id,note_id) values (105,(select note_id from note where name='black basil' and type='BASE'));insert into perfume_note(perfume_id,note_id) values (105,(select note_id from note where name='sage' and type='BASE'));insert into perfume_note(perfume_id,note_id) values (105,(select note_id from note where name='cedar' and type='BASE'));insert into perfume(perfume_id,concentration,image,name,price,rating,gender,volume,brand_id) values( '106','EDT','perfumes/106.jpg',"XX",3000,'4.5',0,'100.0',(select brand_id from brand where name="HUGO BOSS"));insert into perfume_note(perfume_id,note_id) values( 106,(select note_id from note where name='fruity' and type='TOP'));insert into perfume_note(perfume_id,note_id) values (106,(select note_id from note where name='sandalwood' and type='MIDDLE'));insert into perfume_note(perfume_id,note_id) values (106,(select note_id from note where name='amber' and type='MIDDLE'));insert into perfume_note(perfume_id,note_id) values (106,(select note_id from note where name='musk' and type='MIDDLE'));insert into perfume_note(perfume_id,note_id) values (106,(select note_id from note where name='rose' and type='BASE'));insert into perfume_note(perfume_id,note_id) values (106,(select note_id from note where name='jasmine' and type='BASE'));insert into perfume_note(perfume_id,note_id) values (106,(select note_id from note where name='rice' and type='BASE'));insert into perfume(perfume_id,concentration,image,name,price,rating,gender,volume,brand_id) values( '107','EDP','perfumes/107.jpg',"Moon Light",3000,'5.0',0,'100.0',(select brand_id from brand where name="Sedr Al-Khaleej Perfumes"));insert into perfume_note(perfume_id,note_id) values( 107,(select note_id from note where name='citrus' and type='TOP'));insert into perfume_note(perfume_id,note_id) values (107,(select note_id from note where name='cashmere wood' and type='MIDDLE'));insert into perfume_note(perfume_id,note_id) values (107,(select note_id from note where name='praline' and type='MIDDLE'));insert into perfume_note(perfume_id,note_id) values (107,(select note_id from note where name='cinnamon' and type='MIDDLE'));insert into perfume_note(perfume_id,note_id) values (107,(select note_id from note where name='cocoa' and type='MIDDLE'));insert into perfume_note(perfume_id,note_id) values (107,(select note_id from note where name='cedar' and type='MIDDLE'));insert into perfume_note(perfume_id,note_id) values (107,(select note_id from note where name='sandalwood' and type='MIDDLE'));insert into perfume_note(perfume_id,note_id) values (107,(select note_id from note where name='tonka bean' and type='MIDDLE'));insert into perfume_note(perfume_id,note_id) values (107,(select note_id from note where name='orris' and type='BASE'));insert into perfume_note(perfume_id,note_id) values (107,(select note_id from note where name='jasmine sambac' and type='BASE'));insert into perfume_note(perfume_id,note_id) values (107,(select note_id from note where name='tuberose' and type='BASE'));insert into perfume_note(perfume_id,note_id) values (107,(select note_id from note where name='orange blossom' and type='BASE'));insert into perfume_note(perfume_id,note_id) values (107,(select note_id from note where name='bulgarian rose' and type='BASE'));insert into perfume(perfume_id,concentration,image,name,price,rating,gender,volume,brand_id) values( '108','EDT','perfumes/108.jpg',"Desire",3000,'4.2',0,'100.0',(select brand_id from brand where name="Dunhill"));insert into perfume_note(perfume_id,note_id) values( 108,(select note_id from note where name='fresh' and type='TOP'));insert into perfume_note(perfume_id,note_id) values (108,(select note_id from note where name='labdanum' and type='MIDDLE'));insert into perfume_note(perfume_id,note_id) values (108,(select note_id from note where name='vanilla' and type='MIDDLE'));insert into perfume_note(perfume_id,note_id) values (108,(select note_id from note where name='musk' and type='MIDDLE'));insert into perfume_note(perfume_id,note_id) values (108,(select note_id from note where name='patchouli' and type='BASE'));insert into perfume_note(perfume_id,note_id) values (108,(select note_id from note where name='rose' and type='BASE'));insert into perfume_note(perfume_id,note_id) values (108,(select note_id from note where name='teakwood' and type='BASE'));insert into perfume(perfume_id,concentration,image,name,price,rating,gender,volume,brand_id) values( '109','EDT','perfumes/109.jpg',"Sauvage",3000,'3.8',0,'100.0',(select brand_id from brand where name="Dior"));insert into perfume_note(perfume_id,note_id) values( 109,(select note_id from note where name='fresh' and type='TOP'));insert into perfume_note(perfume_id,note_id) values (109,(select note_id from note where name='cedar' and type='MIDDLE'));insert into perfume_note(perfume_id,note_id) values (109,(select note_id from note where name='labdanum' and type='MIDDLE'));insert into perfume_note(perfume_id,note_id) values (109,(select note_id from note where name='ambroxan' and type='MIDDLE'));insert into perfume_note(perfume_id,note_id) values (109,(select note_id from note where name='pepper' and type='BASE'));insert into perfume_note(perfume_id,note_id) values (109,(select note_id from note where name='patchouli' and type='BASE'));insert into perfume_note(perfume_id,note_id) values (109,(select note_id from note where name='elemi' and type='BASE'));insert into perfume_note(perfume_id,note_id) values (109,(select note_id from note where name='pink pepper' and type='BASE'));insert into perfume_note(perfume_id,note_id) values (109,(select note_id from note where name='lavender' and type='BASE'));insert into perfume_note(perfume_id,note_id) values (109,(select note_id from note where name='vetiver' and type='BASE'));insert into perfume_note(perfume_id,note_id) values (109,(select note_id from note where name='geranium' and type='BASE'));insert into perfume_note(perfume_id,note_id) values (109,(select note_id from note where name='sichuan' and type='BASE'));insert into perfume(perfume_id,concentration,image,name,price,rating,gender,volume,brand_id) values( '110','EDT','perfumes/110.jpg',"My Land",3000,'4.5',0,'100.0',(select brand_id from brand where name="TRUSSARDI"));insert into perfume_note(perfume_id,note_id) values( 110,(select note_id from note where name='woody' and type='TOP'));insert into perfume_note(perfume_id,note_id) values (110,(select note_id from note where name='vetiver' and type='MIDDLE'));insert into perfume_note(perfume_id,note_id) values (110,(select note_id from note where name='leather' and type='MIDDLE'));insert into perfume_note(perfume_id,note_id) values (110,(select note_id from note where name='bean' and type='MIDDLE'));insert into perfume_note(perfume_id,note_id) values (110,(select note_id from note where name='tonka' and type='MIDDLE'));insert into perfume_note(perfume_id,note_id) values (110,(select note_id from note where name='lavender' and type='BASE'));insert into perfume_note(perfume_id,note_id) values (110,(select note_id from note where name='violet' and type='BASE'));insert into perfume_note(perfume_id,note_id) values (110,(select note_id from note where name='calone' and type='BASE'));insert into perfume(perfume_id,concentration,image,name,price,rating,gender,volume,brand_id) values( '111','EDT','perfumes/111.jpg',"Passenger",3000,'4.5',0,'100.0',(select brand_id from brand where name="Dupont"));insert into perfume_note(perfume_id,note_id) values( 111,(select note_id from note where name='woody' and type='TOP'));insert into perfume_note(perfume_id,note_id) values (111,(select note_id from note where name='guaiac wood' and type='MIDDLE'));insert into perfume_note(perfume_id,note_id) values (111,(select note_id from note where name='benzoin' and type='MIDDLE'));insert into perfume_note(perfume_id,note_id) values (111,(select note_id from note where name='pepper' and type='BASE'));insert into perfume_note(perfume_id,note_id) values (111,(select note_id from note where name='cardamom' and type='BASE'));insert into perfume_note(perfume_id,note_id) values (111,(select note_id from note where name='lavender' and type='BASE'));insert into perfume_note(perfume_id,note_id) values (111,(select note_id from note where name='pink' and type='BASE'));insert into perfume_note(perfume_id,note_id) values (111,(select note_id from note where name='ginger' and type='BASE'));insert into perfume(perfume_id,concentration,image,name,price,rating,gender,volume,brand_id) values( '112','EDP','perfumes/112.jpg',"Essential",3000,'4.6',0,'100.0',(select brand_id from brand where name="ANGEL SCHLESSER"));insert into perfume_note(perfume_id,note_id) values( 112,(select note_id from note where name='oriental' and type='TOP'));insert into perfume_note(perfume_id,note_id) values (112,(select note_id from note where name='vetiver' and type='MIDDLE'));insert into perfume_note(perfume_id,note_id) values (112,(select note_id from note where name='sandal wood' and type='MIDDLE'));insert into perfume_note(perfume_id,note_id) values (112,(select note_id from note where name='musk' and type='MIDDLE'));insert into perfume_note(perfume_id,note_id) values (112,(select note_id from note where name='peony' and type='BASE'));insert into perfume_note(perfume_id,note_id) values (112,(select note_id from note where name='rose' and type='BASE'));insert into perfume_note(perfume_id,note_id) values (112,(select note_id from note where name='violet' and type='BASE'));insert into perfume_note(perfume_id,note_id) values (112,(select note_id from note where name='bulgarian' and type='BASE'));insert into perfume_note(perfume_id,note_id) values (112,(select note_id from note where name='freesia' and type='BASE'));insert into perfume(perfume_id,concentration,image,name,price,rating,gender,volume,brand_id) values( '113','EDT','perfumes/113.jpg',"Euphoria",3000,'5.0',0,'100.0',(select brand_id from brand where name="Calvin Klein"));insert into perfume_note(perfume_id,note_id) values( 113,(select note_id from note where name='woody' and type='TOP'));insert into perfume_note(perfume_id,note_id) values (113,(select note_id from note where name='patchouli' and type='MIDDLE'));insert into perfume_note(perfume_id,note_id) values (113,(select note_id from note where name='amber' and type='MIDDLE'));insert into perfume_note(perfume_id,note_id) values (113,(select note_id from note where name='brazilian redwood' and type='MIDDLE'));insert into perfume_note(perfume_id,note_id) values (113,(select note_id from note where name='suede' and type='MIDDLE'));insert into perfume_note(perfume_id,note_id) values (113,(select note_id from note where name='black basil' and type='BASE'));insert into perfume_note(perfume_id,note_id) values (113,(select note_id from note where name='sage' and type='BASE'));insert into perfume_note(perfume_id,note_id) values (113,(select note_id from note where name='cedar' and type='BASE'));insert into perfume(perfume_id,concentration,image,name,price,rating,gender,volume,brand_id) values( '114','EDT','perfumes/114.jpg',"Pour Homme",3000,'4.5',0,'100.0',(select brand_id from brand where name="PACO RABANNE"));insert into perfume_note(perfume_id,note_id) values( 114,(select note_id from note where name='woody' and type='TOP'));insert into perfume_note(perfume_id,note_id) values (114,(select note_id from note where name='honey' and type='MIDDLE'));insert into perfume_note(perfume_id,note_id) values (114,(select note_id from note where name='amber' and type='MIDDLE'));insert into perfume_note(perfume_id,note_id) values (114,(select note_id from note where name='musk' and type='MIDDLE'));insert into perfume_note(perfume_id,note_id) values (114,(select note_id from note where name='oakmoss' and type='MIDDLE'));insert into perfume_note(perfume_id,note_id) values (114,(select note_id from note where name='geranium' and type='BASE'));insert into perfume_note(perfume_id,note_id) values (114,(select note_id from note where name='lavender' and type='BASE'));insert into perfume_note(perfume_id,note_id) values (114,(select note_id from note where name='tonka bean' and type='BASE'));insert into perfume(perfume_id,concentration,image,name,price,rating,gender,volume,brand_id) values( '115','EDT','perfumes/115.jpg',"Starwalker",3000,'5.0',0,'75.0',(select brand_id from brand where name="MONTBLANC"));insert into perfume_note(perfume_id,note_id) values( 115,(select note_id from note where name='woody' and type='TOP'));insert into perfume_note(perfume_id,note_id) values (115,(select note_id from note where name='nutmeg' and type='MIDDLE'));insert into perfume_note(perfume_id,note_id) values (115,(select note_id from note where name='fir resin' and type='MIDDLE'));insert into perfume_note(perfume_id,note_id) values (115,(select note_id from note where name='amber' and type='MIDDLE'));insert into perfume_note(perfume_id,note_id) values (115,(select note_id from note where name='ginger' and type='MIDDLE'));insert into perfume_note(perfume_id,note_id) values (115,(select note_id from note where name='cedar' and type='BASE'));insert into perfume_note(perfume_id,note_id) values (115,(select note_id from note where name='sandalwood' and type='BASE'));insert into perfume_note(perfume_id,note_id) values (115,(select note_id from note where name='white musk' and type='BASE'));insert into perfume(perfume_id,concentration,image,name,price,rating,gender,volume,brand_id) values( '116','EDT','perfumes/116.jpg',"Classic Black",3000,'4.0',0,'100.0',(select brand_id from brand where name="DORALL COLLECTION"));insert into perfume_note(perfume_id,note_id) values( 116,(select note_id from note where name='fresh' and type='TOP'));insert into perfume_note(perfume_id,note_id) values (116,(select note_id from note where name='patchouli' and type='MIDDLE'));insert into perfume_note(perfume_id,note_id) values (116,(select note_id from note where name='cashmere wood' and type='MIDDLE'));insert into perfume_note(perfume_id,note_id) values (116,(select note_id from note where name='chocolate' and type='MIDDLE'));insert into perfume_note(perfume_id,note_id) values (116,(select note_id from note where name='tonka bean' and type='MIDDLE'));insert into perfume_note(perfume_id,note_id) values (116,(select note_id from note where name='verbena' and type='BASE'));insert into perfume_note(perfume_id,note_id) values (116,(select note_id from note where name='lavender' and type='BASE'));insert into perfume_note(perfume_id,note_id) values (116,(select note_id from note where name='basil' and type='BASE'));insert into perfume(perfume_id,concentration,image,name,price,rating,gender,volume,brand_id) values( '117','EDT','perfumes/117.jpg',"Essence Pure",3000,'4.4',0,'100.0',(select brand_id from brand where name="S.T.Dupont"));insert into perfume_note(perfume_id,note_id) values( 117,(select note_id from note where name='citrus' and type='TOP'));insert into perfume_note(perfume_id,note_id) values (117,(select note_id from note where name='patchouli' and type='MIDDLE'));insert into perfume_note(perfume_id,note_id) values (117,(select note_id from note where name='amber' and type='MIDDLE'));insert into perfume_note(perfume_id,note_id) values (117,(select note_id from note where name='vanilla' and type='MIDDLE'));insert into perfume_note(perfume_id,note_id) values (117,(select note_id from note where name='cedar' and type='MIDDLE'));insert into perfume_note(perfume_id,note_id) values (117,(select note_id from note where name='rose' and type='BASE'));insert into perfume_note(perfume_id,note_id) values (117,(select note_id from note where name='jasmine' and type='BASE'));insert into perfume(perfume_id,concentration,image,name,price,rating,gender,volume,brand_id) values( '118','EDP','perfumes/118.jpg',"Passenger Spray",3000,'5.0',0,'100.0',(select brand_id from brand where name="S.T.Dupont"));insert into perfume_note(perfume_id,note_id) values( 118,(select note_id from note where name='fruity' and type='TOP'));insert into perfume_note(perfume_id,note_id) values (118,(select note_id from note where name='sandalwood' and type='MIDDLE'));insert into perfume_note(perfume_id,note_id) values (118,(select note_id from note where name='musk' and type='MIDDLE'));insert into perfume_note(perfume_id,note_id) values (118,(select note_id from note where name='gardenia' and type='BASE'));insert into perfume_note(perfume_id,note_id) values (118,(select note_id from note where name='iris' and type='BASE'));insert into perfume_note(perfume_id,note_id) values (118,(select note_id from note where name='rose' and type='BASE'));insert into perfume_note(perfume_id,note_id) values (118,(select note_id from note where name='redolent' and type='BASE'));insert into perfume_note(perfume_id,note_id) values (118,(select note_id from note where name='cyclamen' and type='BASE'));insert into perfume(perfume_id,concentration,image,name,price,rating,gender,volume,brand_id) values( '119','EDT','perfumes/119.jpg',"Zino",3000,'3.4',0,'125.0',(select brand_id from brand where name="DAVIDOFF"));insert into perfume_note(perfume_id,note_id) values( 119,(select note_id from note where name='woody' and type='TOP'));insert into perfume_note(perfume_id,note_id) values (119,(select note_id from note where name='amber' and type='MIDDLE'));insert into perfume_note(perfume_id,note_id) values (119,(select note_id from note where name='cedar' and type='MIDDLE'));insert into perfume_note(perfume_id,note_id) values (119,(select note_id from note where name='vanilla' and type='MIDDLE'));insert into perfume_note(perfume_id,note_id) values (119,(select note_id from note where name='tonka' and type='MIDDLE'));insert into perfume_note(perfume_id,note_id) values (119,(select note_id from note where name='patchouli' and type='MIDDLE'));insert into perfume_note(perfume_id,note_id) values (119,(select note_id from note where name='sandal' and type='MIDDLE'));insert into perfume_note(perfume_id,note_id) values (119,(select note_id from note where name='geranium' and type='BASE'));insert into perfume_note(perfume_id,note_id) values (119,(select note_id from note where name='rose' and type='BASE'));insert into perfume_note(perfume_id,note_id) values (119,(select note_id from note where name='muguet' and type='BASE'));insert into perfume_note(perfume_id,note_id) values (119,(select note_id from note where name='jasmine' and type='BASE'));insert into perfume(perfume_id,concentration,image,name,price,rating,gender,volume,brand_id) values( '120','EDP','perfumes/120.jpg',"Evoke",3000,'5.0',0,'75.0',(select brand_id from brand where name="Ajmal"));insert into perfume_note(perfume_id,note_id) values( 120,(select note_id from note where name='floral' and type='TOP'));insert into perfume_note(perfume_id,note_id) values (120,(select note_id from note where name='patchouli' and type='MIDDLE'));insert into perfume_note(perfume_id,note_id) values (120,(select note_id from note where name='moss' and type='MIDDLE'));insert into perfume_note(perfume_id,note_id) values (120,(select note_id from note where name='vanilla' and type='MIDDLE'));insert into perfume_note(perfume_id,note_id) values (120,(select note_id from note where name='rose' and type='BASE'));insert into perfume_note(perfume_id,note_id) values (120,(select note_id from note where name='jasmine' and type='BASE'));insert into perfume_note(perfume_id,note_id) values (120,(select note_id from note where name='orris' and type='BASE'));insert into perfume(perfume_id,concentration,image,name,price,rating,gender,volume,brand_id) values( '121','EDP','perfumes/121.jpg',"Idylle",3000,'5.0',0,'100.0',(select brand_id from brand where name="Guerlain"));insert into perfume_note(perfume_id,note_id) values( 121,(select note_id from note where name='floral' and type='TOP'));insert into perfume_note(perfume_id,note_id) values (121,(select note_id from note where name='patchouli' and type='MIDDLE'));insert into perfume_note(perfume_id,note_id) values (121,(select note_id from note where name='musk' and type='MIDDLE'));insert into perfume_note(perfume_id,note_id) values (121,(select note_id from note where name='valley' and type='BASE'));insert into perfume_note(perfume_id,note_id) values (121,(select note_id from note where name='the' and type='BASE'));insert into perfume_note(perfume_id,note_id) values (121,(select note_id from note where name='peony' and type='BASE'));insert into perfume_note(perfume_id,note_id) values (121,(select note_id from note where name='jasmine' and type='BASE'));insert into perfume_note(perfume_id,note_id) values (121,(select note_id from note where name='lily' and type='BASE'));insert into perfume_note(perfume_id,note_id) values (121,(select note_id from note where name='lilac' and type='BASE'));insert into perfume(perfume_id,concentration,image,name,price,rating,gender,volume,brand_id) values( '122','EDP','perfumes/122.jpg',"Wish",3000,'4.8',0,'75.0',(select brand_id from brand where name="CHOPARD"));insert into perfume_note(perfume_id,note_id) values( 122,(select note_id from note where name='oriental' and type='TOP'));insert into perfume_note(perfume_id,note_id) values (122,(select note_id from note where name='amber' and type='MIDDLE'));insert into perfume_note(perfume_id,note_id) values (122,(select note_id from note where name='caramel' and type='MIDDLE'));insert into perfume_note(perfume_id,note_id) values (122,(select note_id from note where name='sandalwood' and type='MIDDLE'));insert into perfume_note(perfume_id,note_id) values (122,(select note_id from note where name='vanilla' and type='MIDDLE'));insert into perfume_note(perfume_id,note_id) values (122,(select note_id from note where name='patchouli' and type='MIDDLE'));insert into perfume_note(perfume_id,note_id) values (122,(select note_id from note where name='valley' and type='BASE'));insert into perfume_note(perfume_id,note_id) values (122,(select note_id from note where name='the' and type='BASE'));insert into perfume_note(perfume_id,note_id) values (122,(select note_id from note where name='jasmine' and type='BASE'));insert into perfume_note(perfume_id,note_id) values (122,(select note_id from note where name='milk' and type='BASE'));insert into perfume_note(perfume_id,note_id) values (122,(select note_id from note where name='orchid' and type='BASE'));insert into perfume_note(perfume_id,note_id) values (122,(select note_id from note where name='honey' and type='BASE'));insert into perfume_note(perfume_id,note_id) values (122,(select note_id from note where name='lily' and type='BASE'));insert into perfume_note(perfume_id,note_id) values (122,(select note_id from note where name='osmanthus' and type='BASE'));insert into perfume_note(perfume_id,note_id) values (122,(select note_id from note where name='violet' and type='BASE'));insert into perfume_note(perfume_id,note_id) values (122,(select note_id from note where name='heliotrope' and type='BASE'));insert into perfume_note(perfume_id,note_id) values (122,(select note_id from note where name='magnolia' and type='BASE'));insert into perfume(perfume_id,concentration,image,name,price,rating,gender,volume,brand_id) values( '123','EDP','perfumes/123.jpg',"Olympêa",3000,'4.5',0,'80.0',(select brand_id from brand where name="PACO RABANNE"));insert into perfume_note(perfume_id,note_id) values( 123,(select note_id from note where name='floral' and type='TOP'));insert into perfume_note(perfume_id,note_id) values (123,(select note_id from note where name='cashmere' and type='MIDDLE'));insert into perfume_note(perfume_id,note_id) values (123,(select note_id from note where name='sandalwood' and type='MIDDLE'));insert into perfume_note(perfume_id,note_id) values (123,(select note_id from note where name='ambergris' and type='MIDDLE'));insert into perfume_note(perfume_id,note_id) values (123,(select note_id from note where name='vanilla' and type='BASE'));insert into perfume(perfume_id,concentration,image,name,price,rating,gender,volume,brand_id) values( '124','EDP','perfumes/124.jpg',"Happy Spirit",3000,'4.4',0,'75.0',(select brand_id from brand where name="CHOPARD"));insert into perfume_note(perfume_id,note_id) values( 124,(select note_id from note where name='floral' and type='TOP'));insert into perfume_note(perfume_id,note_id) values (124,(select note_id from note where name='amber' and type='MIDDLE'));insert into perfume_note(perfume_id,note_id) values (124,(select note_id from note where name='cashmere wood' and type='MIDDLE'));insert into perfume_note(perfume_id,note_id) values (124,(select note_id from note where name='musk' and type='MIDDLE'));insert into perfume_note(perfume_id,note_id) values (124,(select note_id from note where name='honeysuckle' and type='BASE'));insert into perfume_note(perfume_id,note_id) values (124,(select note_id from note where name='osmanthus' and type='BASE'));insert into perfume(perfume_id,concentration,image,name,price,rating,gender,volume,brand_id) values( '125','EDT','perfumes/125.jpg',"Pasha de Cartier",3000,'4.3',0,'100.0',(select brand_id from brand where name="CARTIER"));insert into perfume_note(perfume_id,note_id) values( 125,(select note_id from note where name='aromatic' and type='TOP'));insert into perfume_note(perfume_id,note_id) values (125,(select note_id from note where name='patchouli' and type='MIDDLE'));insert into perfume_note(perfume_id,note_id) values (125,(select note_id from note where name='sandalwood' and type='MIDDLE'));insert into perfume_note(perfume_id,note_id) values (125,(select note_id from note where name='labdanum' and type='MIDDLE'));insert into perfume_note(perfume_id,note_id) values (125,(select note_id from note where name='oakmoss' and type='MIDDLE'));insert into perfume_note(perfume_id,note_id) values (125,(select note_id from note where name='coriander' and type='BASE'));insert into perfume_note(perfume_id,note_id) values (125,(select note_id from note where name='brazilian rosewood' and type='BASE'));insert into perfume(perfume_id,concentration,image,name,price,rating,gender,volume,brand_id) values( '126','EDP','perfumes/126.jpg',"Olympea",3000,'4.0',0,'80.0',(select brand_id from brand where name="PACO RABANNE"));insert into perfume_note(perfume_id,note_id) values( 126,(select note_id from note where name='floral' and type='TOP'));insert into perfume_note(perfume_id,note_id) values (126,(select note_id from note where name='cashmere' and type='MIDDLE'));insert into perfume_note(perfume_id,note_id) values (126,(select note_id from note where name='sandalwood' and type='MIDDLE'));insert into perfume_note(perfume_id,note_id) values (126,(select note_id from note where name='ambergris' and type='MIDDLE'));insert into perfume_note(perfume_id,note_id) values (126,(select note_id from note where name='salted vanilla' and type='BASE'));insert into perfume(perfume_id,concentration,image,name,price,rating,gender,volume,brand_id) values( '127','EDP','perfumes/127.jpg',"Live",3000,'5.0',0,'100.0',(select brand_id from brand where name="jennifer lopez"));insert into perfume_note(perfume_id,note_id) values( 127,(select note_id from note where name='fruity' and type='TOP'));insert into perfume_note(perfume_id,note_id) values (127,(select note_id from note where name='creamy buttery lactonic caramel' and type='MIDDLE'));insert into perfume_note(perfume_id,note_id) values (127,(select note_id from note where name='rich' and type='MIDDLE'));insert into perfume_note(perfume_id,note_id) values (127,(select note_id from note where name='tonka bean' and type='MIDDLE'));insert into perfume_note(perfume_id,note_id) values (127,(select note_id from note where name='sensual' and type='MIDDLE'));insert into perfume_note(perfume_id,note_id) values (127,(select note_id from note where name='violet' and type='BASE'));insert into perfume_note(perfume_id,note_id) values (127,(select note_id from note where name='uity red currant blossoms' and type='BASE'));insert into perfume(perfume_id,concentration,image,name,price,rating,gender,volume,brand_id) values( '128','EDP','perfumes/128.jpg',"Black Opium Nuit Blanche",3000,'4.5',0,'90.0',(select brand_id from brand where name="Yves Saint Laurent"));insert into perfume_note(perfume_id,note_id) values( 128,(select note_id from note where name='spicy' and type='TOP'));insert into perfume_note(perfume_id,note_id) values (128,(select note_id from note where name='sandalwood' and type='MIDDLE'));insert into perfume_note(perfume_id,note_id) values (128,(select note_id from note where name='white musk' and type='MIDDLE'));insert into perfume_note(perfume_id,note_id) values (128,(select note_id from note where name='vanilla absolute' and type='MIDDLE'));insert into perfume_note(perfume_id,note_id) values (128,(select note_id from note where name='black opium coffee' and type='BASE'));insert into perfume_note(perfume_id,note_id) values (128,(select note_id from note where name='orange blossom absolute' and type='BASE'));insert into perfume(perfume_id,concentration,image,name,price,rating,gender,volume,brand_id) values( '129','EDT','perfumes/129.jpg',"Eau de Lacoste L. 12.12 Noir",3000,'4.8',0,'100.0',(select brand_id from brand where name="LACOSTE"));insert into perfume_note(perfume_id,note_id) values( 129,(select note_id from note where name='spicy' and type='TOP'));insert into perfume_note(perfume_id,note_id) values (129,(select note_id from note where name='coumarin' and type='MIDDLE'));insert into perfume_note(perfume_id,note_id) values (129,(select note_id from note where name='cashmeran' and type='MIDDLE'));insert into perfume_note(perfume_id,note_id) values (129,(select note_id from note where name='patchouli' and type='MIDDLE'));insert into perfume_note(perfume_id,note_id) values (129,(select note_id from note where name='dark chocolate' and type='MIDDLE'));insert into perfume_note(perfume_id,note_id) values (129,(select note_id from note where name='verbena' and type='BASE'));insert into perfume_note(perfume_id,note_id) values (129,(select note_id from note where name='lavender' and type='BASE'));insert into perfume_note(perfume_id,note_id) values (129,(select note_id from note where name='basil' and type='BASE'));insert into perfume(perfume_id,concentration,image,name,price,rating,gender,volume,brand_id) values( '130','EDT','perfumes/130.jpg',"Euphoria Intense",3000,'4.2',0,'100.0',(select brand_id from brand where name="Calvin Klein"));insert into perfume_note(perfume_id,note_id) values( 130,(select note_id from note where name='spicy' and type='TOP'));insert into perfume_note(perfume_id,note_id) values (130,(select note_id from note where name='cashmere woods' and type='MIDDLE'));insert into perfume_note(perfume_id,note_id) values (130,(select note_id from note where name='amber' and type='MIDDLE'));insert into perfume_note(perfume_id,note_id) values (130,(select note_id from note where name='burnt' and type='MIDDLE'));insert into perfume_note(perfume_id,note_id) values (130,(select note_id from note where name='australian' and type='MIDDLE'));insert into perfume_note(perfume_id,note_id) values (130,(select note_id from note where name='sandalwood' and type='MIDDLE'));insert into perfume_note(perfume_id,note_id) values (130,(select note_id from note where name='madagascar vanilla' and type='MIDDLE'));insert into perfume_note(perfume_id,note_id) values (130,(select note_id from note where name='black basil' and type='BASE'));insert into perfume_note(perfume_id,note_id) values (130,(select note_id from note where name='sage' and type='BASE'));insert into perfume_note(perfume_id,note_id) values (130,(select note_id from note where name='cedar' and type='BASE'));insert into perfume_note(perfume_id,note_id) values (130,(select note_id from note where name='vetiver' and type='BASE'));insert into perfume(perfume_id,concentration,image,name,price,rating,gender,volume,brand_id) values( '131','EDT','perfumes/131.jpg',"Paco Rabanne",3000,'4.4',0,'100.0',(select brand_id from brand where name="PACO RABANNE"));insert into perfume_note(perfume_id,note_id) values( 131,(select note_id from note where name='woody' and type='TOP'));insert into perfume_note(perfume_id,note_id) values (131,(select note_id from note where name='tobacco' and type='MIDDLE'));insert into perfume_note(perfume_id,note_id) values (131,(select note_id from note where name='musk' and type='MIDDLE'));insert into perfume_note(perfume_id,note_id) values (131,(select note_id from note where name='oakmoss' and type='MIDDLE'));insert into perfume_note(perfume_id,note_id) values (131,(select note_id from note where name='lavender' and type='BASE'));insert into perfume_note(perfume_id,note_id) values (131,(select note_id from note where name='thyme' and type='BASE'));insert into perfume_note(perfume_id,note_id) values (131,(select note_id from note where name='tarragon' and type='BASE'));insert into perfume(perfume_id,concentration,image,name,price,rating,gender,volume,brand_id) values( '132','EDP','perfumes/132.jpg',"Sacrifice",3000,'4.5',0,'50.0',(select brand_id from brand where name="Ajmal"));insert into perfume_note(perfume_id,note_id) values( 132,(select note_id from note where name='floral' and type='TOP'));insert into perfume_note(perfume_id,note_id) values (132,(select note_id from note where name='oriental' and type='MIDDLE'));insert into perfume_note(perfume_id,note_id) values (132,(select note_id from note where name='musky' and type='MIDDLE'));insert into perfume_note(perfume_id,note_id) values (132,(select note_id from note where name='woody' and type='MIDDLE'));insert into perfume_note(perfume_id,note_id) values (132,(select note_id from note where name='musky' and type='BASE'));insert into perfume_note(perfume_id,note_id) values (132,(select note_id from note where name='floral' and type='BASE'));insert into perfume(perfume_id,concentration,image,name,price,rating,gender,volume,brand_id) values( '133','EDT','perfumes/133.jpg',"Petits Et Mamans",3000,'4.8',0,'100.0',(select brand_id from brand where name="BVLGARI"));insert into perfume_note(perfume_id,note_id) values( 133,(select note_id from note where name='floral' and type='TOP'));insert into perfume_note(perfume_id,note_id) values (133,(select note_id from note where name='vanilla' and type='MIDDLE'));insert into perfume_note(perfume_id,note_id) values (133,(select note_id from note where name='iris' and type='MIDDLE'));insert into perfume_note(perfume_id,note_id) values (133,(select note_id from note where name='white peach' and type='BASE'));insert into perfume(perfume_id,concentration,image,name,price,rating,gender,volume,brand_id) values( '134','EDT','perfumes/134.jpg',"Scuderia Black",3000,'4.0',0,'125.0',(select brand_id from brand where name="Ferrari"));insert into perfume_note(perfume_id,note_id) values( 134,(select note_id from note where name='fruity' and type='TOP'));insert into perfume_note(perfume_id,note_id) values (134,(select note_id from note where name='cedar' and type='MIDDLE'));insert into perfume_note(perfume_id,note_id) values (134,(select note_id from note where name='amber' and type='MIDDLE'));insert into perfume_note(perfume_id,note_id) values (134,(select note_id from note where name='vanilla' and type='MIDDLE'));insert into perfume_note(perfume_id,note_id) values (134,(select note_id from note where name='musk' and type='MIDDLE'));insert into perfume_note(perfume_id,note_id) values (134,(select note_id from note where name='cardamom' and type='BASE'));insert into perfume_note(perfume_id,note_id) values (134,(select note_id from note where name='rose' and type='BASE'));insert into perfume_note(perfume_id,note_id) values (134,(select note_id from note where name='jasmine' and type='BASE'));insert into perfume_note(perfume_id,note_id) values (134,(select note_id from note where name='cinnamon' and type='BASE'));insert into perfume(perfume_id,concentration,image,name,price,rating,gender,volume,brand_id) values( '135','EDP','perfumes/135.jpg',"My Name",3000,'4.6',0,'50.0',(select brand_id from brand where name="TRUSSARDI"));insert into perfume_note(perfume_id,note_id) values( 135,(select note_id from note where name='floral' and type='TOP'));insert into perfume_note(perfume_id,note_id) values (135,(select note_id from note where name='vanilla' and type='MIDDLE'));insert into perfume_note(perfume_id,note_id) values (135,(select note_id from note where name='dry amber' and type='MIDDLE'));insert into perfume_note(perfume_id,note_id) values (135,(select note_id from note where name='musk' and type='BASE'));insert into perfume_note(perfume_id,note_id) values (135,(select note_id from note where name='lilac' and type='BASE'));insert into perfume(perfume_id,concentration,image,name,price,rating,gender,volume,brand_id) values( '136','EDT','perfumes/136.jpg',"Crystal Noir",3000,'3.9',0,'50.0',(select brand_id from brand where name="VERSACE"));insert into perfume_note(perfume_id,note_id) values( 136,(select note_id from note where name='arabian' and type='TOP'));insert into perfume_note(perfume_id,note_id) values (136,(select note_id from note where name='sandalwood' and type='MIDDLE'));insert into perfume_note(perfume_id,note_id) values (136,(select note_id from note where name='musk' and type='MIDDLE'));insert into perfume_note(perfume_id,note_id) values (136,(select note_id from note where name='amber' and type='MIDDLE'));insert into perfume_note(perfume_id,note_id) values (136,(select note_id from note where name='orange blossom' and type='BASE'));insert into perfume_note(perfume_id,note_id) values (136,(select note_id from note where name='gardenia' and type='BASE'));insert into perfume_note(perfume_id,note_id) values (136,(select note_id from note where name='peony' and type='BASE'));insert into perfume_note(perfume_id,note_id) values (136,(select note_id from note where name='coconut' and type='BASE'));insert into perfume(perfume_id,concentration,image,name,price,rating,gender,volume,brand_id) values( '137','EDT','perfumes/137.jpg',"Intense Euphoria",3000,'4.4',0,'100.0',(select brand_id from brand where name="Calvin Klein"));insert into perfume_note(perfume_id,note_id) values( 137,(select note_id from note where name='spicy' and type='TOP'));insert into perfume_note(perfume_id,note_id) values (137,(select note_id from note where name='amber' and type='MIDDLE'));insert into perfume_note(perfume_id,note_id) values (137,(select note_id from note where name='labdanum' and type='MIDDLE'));insert into perfume_note(perfume_id,note_id) values (137,(select note_id from note where name='agarwood' and type='MIDDLE'));insert into perfume_note(perfume_id,note_id) values (137,(select note_id from note where name='patchouli' and type='MIDDLE'));insert into perfume_note(perfume_id,note_id) values (137,(select note_id from note where name='myrrh' and type='MIDDLE'));insert into perfume_note(perfume_id,note_id) values (137,(select note_id from note where name='black basil' and type='BASE'));insert into perfume_note(perfume_id,note_id) values (137,(select note_id from note where name='sage' and type='BASE'));insert into perfume_note(perfume_id,note_id) values (137,(select note_id from note where name='cedar' and type='BASE'));insert into perfume_note(perfume_id,note_id) values (137,(select note_id from note where name='vetiver' and type='BASE'));insert into perfume(perfume_id,concentration,image,name,price,rating,gender,volume,brand_id) values( '138','EDT','perfumes/138.jpg',"One Million Lucky",3000,'4.7',0,'100.0',(select brand_id from brand where name="PACO RABANNE"));insert into perfume_note(perfume_id,note_id) values( 138,(select note_id from note where name='woody' and type='TOP'));insert into perfume_note(perfume_id,note_id) values (138,(select note_id from note where name='patchouli' and type='MIDDLE'));insert into perfume_note(perfume_id,note_id) values (138,(select note_id from note where name='white cedar' and type='MIDDLE'));insert into perfume_note(perfume_id,note_id) values (138,(select note_id from note where name='vanilla' and type='MIDDLE'));insert into perfume_note(perfume_id,note_id) values (138,(select note_id from note where name='amber wood' and type='MIDDLE'));insert into perfume_note(perfume_id,note_id) values (138,(select note_id from note where name='cedar' and type='BASE'));insert into perfume_note(perfume_id,note_id) values (138,(select note_id from note where name='hazelnut' and type='BASE'));insert into perfume_note(perfume_id,note_id) values (138,(select note_id from note where name='jasmine' and type='BASE'));insert into perfume(perfume_id,concentration,image,name,price,rating,gender,volume,brand_id) values( '139','EDT','perfumes/139.jpg',"Terre D' Hermes",3000,'3.9',0,'100.0',(select brand_id from brand where name="HERMES"));insert into perfume_note(perfume_id,note_id) values( 139,(select note_id from note where name='citrus' and type='TOP'));insert into perfume_note(perfume_id,note_id) values (139,(select note_id from note where name='patchouli' and type='MIDDLE'));insert into perfume_note(perfume_id,note_id) values (139,(select note_id from note where name='woody notes' and type='MIDDLE'));insert into perfume_note(perfume_id,note_id) values (139,(select note_id from note where name='cedar' and type='MIDDLE'));insert into perfume_note(perfume_id,note_id) values (139,(select note_id from note where name='geranium' and type='BASE'));insert into perfume(perfume_id,concentration,image,name,price,rating,gender,volume,brand_id) values( '140','EDP','perfumes/140.jpg',"Anfas Aloud",3000,'5.0',0,'60.0',(select brand_id from brand where name="Alrehab"));insert into perfume_note(perfume_id,note_id) values( 140,(select note_id from note where name='arabian' and type='TOP'));insert into perfume_note(perfume_id,note_id) values (140,(select note_id from note where name='oud' and type='MIDDLE'));insert into perfume_note(perfume_id,note_id) values (140,(select note_id from note where name='bergamot' and type='BASE'));insert into perfume(perfume_id,concentration,image,name,price,rating,gender,volume,brand_id) values( '141','EDP','perfumes/141.jpg',"Because It's You",3000,'4.9',0,'100.0',(select brand_id from brand where name="EMPORIO ARMANI"));insert into perfume_note(perfume_id,note_id) values( 141,(select note_id from note where name='floral' and type='TOP'));insert into perfume_note(perfume_id,note_id) values (141,(select note_id from note where name='amberwood' and type='MIDDLE'));insert into perfume_note(perfume_id,note_id) values (141,(select note_id from note where name='vanilla' and type='MIDDLE'));insert into perfume_note(perfume_id,note_id) values (141,(select note_id from note where name='musk' and type='MIDDLE'));insert into perfume_note(perfume_id,note_id) values (141,(select note_id from note where name='rose' and type='BASE'));insert into perfume(perfume_id,concentration,image,name,price,rating,gender,volume,brand_id) values( '142','EDP','perfumes/142.jpg',"London Burberry",3000,'4.7',0,'25.0',(select brand_id from brand where name="Genie"));insert into perfume_note(perfume_id,note_id) values( 142,(select note_id from note where name='floral' and type='TOP'));insert into perfume_note(perfume_id,note_id) values (142,(select note_id from note where name='wood' and type='MIDDLE'));insert into perfume_note(perfume_id,note_id) values (142,(select note_id from note where name='musk' and type='MIDDLE'));insert into perfume_note(perfume_id,note_id) values (142,(select note_id from note where name='tiare' and type='BASE'));insert into perfume_note(perfume_id,note_id) values (142,(select note_id from note where name='peony' and type='BASE'));insert into perfume_note(perfume_id,note_id) values (142,(select note_id from note where name='flower' and type='BASE'));insert into perfume_note(perfume_id,note_id) values (142,(select note_id from note where name='jasmine' and type='BASE'));insert into perfume_note(perfume_id,note_id) values (142,(select note_id from note where name='soft' and type='BASE'));insert into perfume(perfume_id,concentration,image,name,price,rating,gender,volume,brand_id) values( '143','EDP','perfumes/143.png',"Women",3000,'5.0',0,'75.0',(select brand_id from brand where name="Roberto Cavalli"));insert into perfume_note(perfume_id,note_id) values( 143,(select note_id from note where name='arabian' and type='TOP'));insert into perfume_note(perfume_id,note_id) values (143,(select note_id from note where name='benzoin' and type='MIDDLE'));insert into perfume_note(perfume_id,note_id) values (143,(select note_id from note where name='tonka beans' and type='MIDDLE'));insert into perfume_note(perfume_id,note_id) values (143,(select note_id from note where name='vanilla' and type='MIDDLE'));insert into perfume_note(perfume_id,note_id) values (143,(select note_id from note where name='orange tree blossom' and type='BASE'));insert into perfume(perfume_id,concentration,image,name,price,rating,gender,volume,brand_id) values( '144','EDP','perfumes/144.jpg',"Lalique",3000,'4.4',0,'100.0',(select brand_id from brand where name="LALIQUE"));insert into perfume_note(perfume_id,note_id) values( 144,(select note_id from note where name='woody' and type='TOP'));insert into perfume_note(perfume_id,note_id) values (144,(select note_id from note where name='sandalwood' and type='MIDDLE'));insert into perfume_note(perfume_id,note_id) values (144,(select note_id from note where name='vanilla' and type='MIDDLE'));insert into perfume_note(perfume_id,note_id) values (144,(select note_id from note where name='white musk' and type='MIDDLE'));insert into perfume_note(perfume_id,note_id) values (144,(select note_id from note where name='pear' and type='BASE'));insert into perfume_note(perfume_id,note_id) values (144,(select note_id from note where name='blackberry' and type='BASE'));insert into perfume_note(perfume_id,note_id) values (144,(select note_id from note where name='cassis' and type='BASE'));insert into perfume(perfume_id,concentration,image,name,price,rating,gender,volume,brand_id) values( '145','EDP','perfumes/145.jpg',"Oud Touch",3000,'5.0',0,'100.0',(select brand_id from brand where name="Franck Olivier"));insert into perfume_note(perfume_id,note_id) values( 145,(select note_id from note where name='woody' and type='TOP'));insert into perfume_note(perfume_id,note_id) values (145,(select note_id from note where name='amber' and type='MIDDLE'));insert into perfume_note(perfume_id,note_id) values (145,(select note_id from note where name='vanilla' and type='MIDDLE'));insert into perfume_note(perfume_id,note_id) values (145,(select note_id from note where name='musk' and type='MIDDLE'));insert into perfume_note(perfume_id,note_id) values (145,(select note_id from note where name='rose' and type='BASE'));insert into perfume_note(perfume_id,note_id) values (145,(select note_id from note where name='jasmine' and type='BASE'));insert into perfume_note(perfume_id,note_id) values (145,(select note_id from note where name='olibanum' and type='BASE'));insert into perfume_note(perfume_id,note_id) values (145,(select note_id from note where name='violet' and type='BASE'));insert into perfume_note(perfume_id,note_id) values (145,(select note_id from note where name='patchouli' and type='BASE'));insert into perfume(perfume_id,concentration,image,name,price,rating,gender,volume,brand_id) values( '146','EDT','perfumes/146.jpg',"Tommy",3000,'5.0',0,'100.0',(select brand_id from brand where name="TOMMY HILFIGER"));insert into perfume_note(perfume_id,note_id) values( 146,(select note_id from note where name='spicy' and type='TOP'));insert into perfume_note(perfume_id,note_id) values (146,(select note_id from note where name='amber' and type='MIDDLE'));insert into perfume_note(perfume_id,note_id) values (146,(select note_id from note where name='cactus' and type='MIDDLE'));insert into perfume_note(perfume_id,note_id) values (146,(select note_id from note where name='cotton plant blossom' and type='MIDDLE'));insert into perfume_note(perfume_id,note_id) values (146,(select note_id from note where name='apple' and type='BASE'));insert into perfume_note(perfume_id,note_id) values (146,(select note_id from note where name='rose' and type='BASE'));insert into perfume_note(perfume_id,note_id) values (146,(select note_id from note where name='cranberries' and type='BASE'));insert into perfume(perfume_id,concentration,image,name,price,rating,gender,volume,brand_id) values( '147','EDP','perfumes/147.jpg',"5th Avenue",3000,'4.0',0,'75.0',(select brand_id from brand where name="Elizabeth Arden"));insert into perfume_note(perfume_id,note_id) values( 147,(select note_id from note where name='floral' and type='TOP'));insert into perfume_note(perfume_id,note_id) values (147,(select note_id from note where name='amber' and type='MIDDLE'));insert into perfume_note(perfume_id,note_id) values (147,(select note_id from note where name='iris' and type='MIDDLE'));insert into perfume_note(perfume_id,note_id) values (147,(select note_id from note where name='sandalwood' and type='MIDDLE'));insert into perfume_note(perfume_id,note_id) values (147,(select note_id from note where name='tibetan musk' and type='MIDDLE'));insert into perfume_note(perfume_id,note_id) values (147,(select note_id from note where name='vanilla' and type='MIDDLE'));insert into perfume_note(perfume_id,note_id) values (147,(select note_id from note where name='peach' and type='BASE'));insert into perfume_note(perfume_id,note_id) values (147,(select note_id from note where name='bulgarian pink violet' and type='BASE'));insert into perfume_note(perfume_id,note_id) values (147,(select note_id from note where name='indian tuberose' and type='BASE'));insert into perfume_note(perfume_id,note_id) values (147,(select note_id from note where name='jasmine' and type='BASE'));insert into perfume_note(perfume_id,note_id) values (147,(select note_id from note where name='carnation' and type='BASE'));insert into perfume_note(perfume_id,note_id) values (147,(select note_id from note where name='nutmeg' and type='BASE'));insert into perfume_note(perfume_id,note_id) values (147,(select note_id from note where name='ylangylang' and type='BASE'));insert into perfume(perfume_id,concentration,image,name,price,rating,gender,volume,brand_id) values( '148','EDP','perfumes/148.jpg',"Girl Of Now",3000,'4.5',0,'90.0',(select brand_id from brand where name="ELIE SAAB"));insert into perfume_note(perfume_id,note_id) values( 148,(select note_id from note where name='floral' and type='TOP'));insert into perfume_note(perfume_id,note_id) values (148,(select note_id from note where name='patchouli' and type='MIDDLE'));insert into perfume_note(perfume_id,note_id) values (148,(select note_id from note where name='cashmeran' and type='MIDDLE'));insert into perfume_note(perfume_id,note_id) values (148,(select note_id from note where name='tonka bean' and type='MIDDLE'));insert into perfume_note(perfume_id,note_id) values (148,(select note_id from note where name='almod milk' and type='MIDDLE'));insert into perfume_note(perfume_id,note_id) values (148,(select note_id from note where name='magnoli' and type='BASE'));insert into perfume_note(perfume_id,note_id) values (148,(select note_id from note where name='orange blossom' and type='BASE'));insert into perfume_note(perfume_id,note_id) values (148,(select note_id from note where name='almond' and type='BASE'));insert into perfume(perfume_id,concentration,image,name,price,rating,gender,volume,brand_id) values( '149','EDT','perfumes/149.jpg',"One Million",3000,'5.0',0,'200.0',(select brand_id from brand where name="PACO RABANNE"));insert into perfume_note(perfume_id,note_id) values( 149,(select note_id from note where name='woody' and type='TOP'));insert into perfume_note(perfume_id,note_id) values (149,(select note_id from note where name='blonde leather patchouli white woods amber' and type='MIDDLE'));insert into perfume_note(perfume_id,note_id) values (149,(select note_id from note where name='rose' and type='BASE'));insert into perfume_note(perfume_id,note_id) values (149,(select note_id from note where name='absolute' and type='BASE'));insert into perfume_note(perfume_id,note_id) values (149,(select note_id from note where name='spices' and type='BASE'));insert into perfume_note(perfume_id,note_id) values (149,(select note_id from note where name='cinnamon' and type='BASE'));insert into perfume(perfume_id,concentration,image,name,price,rating,gender,volume,brand_id) values( '150','EDT','perfumes/150.jpg',"Euphoria",3000,'4.7',0,'100.0',(select brand_id from brand where name="Calvin Klein"));insert into perfume_note(perfume_id,note_id) values( 150,(select note_id from note where name='woody' and type='TOP'));insert into perfume_note(perfume_id,note_id) values (150,(select note_id from note where name='amber' and type='MIDDLE'));insert into perfume_note(perfume_id,note_id) values (150,(select note_id from note where name='brazilian' and type='MIDDLE'));insert into perfume_note(perfume_id,note_id) values (150,(select note_id from note where name='redwood' and type='MIDDLE'));insert into perfume_note(perfume_id,note_id) values (150,(select note_id from note where name='suede' and type='MIDDLE'));insert into perfume_note(perfume_id,note_id) values (150,(select note_id from note where name='patchouli' and type='MIDDLE'));insert into perfume_note(perfume_id,note_id) values (150,(select note_id from note where name='black basil' and type='BASE'));insert into perfume_note(perfume_id,note_id) values (150,(select note_id from note where name='sage' and type='BASE'));insert into perfume_note(perfume_id,note_id) values (150,(select note_id from note where name='cedar' and type='BASE'));insert into perfume(perfume_id,concentration,image,name,price,rating,gender,volume,brand_id) values( '151','EDT','perfumes/151.jpg',"Noa",3000,'4.5',0,'100.0',(select brand_id from brand where name="cacharel"));insert into perfume_note(perfume_id,note_id) values( 151,(select note_id from note where name='fresh' and type='TOP'));insert into perfume_note(perfume_id,note_id) values (151,(select note_id from note where name='transparent' and type='MIDDLE'));insert into perfume_note(perfume_id,note_id) values (151,(select note_id from note where name='coffee' and type='MIDDLE'));insert into perfume_note(perfume_id,note_id) values (151,(select note_id from note where name='incense touches' and type='MIDDLE'));insert into perfume_note(perfume_id,note_id) values (151,(select note_id from note where name='woodsy' and type='MIDDLE'));insert into perfume_note(perfume_id,note_id) values (151,(select note_id from note where name='ylangylang' and type='BASE'));insert into perfume_note(perfume_id,note_id) values (151,(select note_id from note where name='rose' and type='BASE'));insert into perfume_note(perfume_id,note_id) values (151,(select note_id from note where name='white flowers' and type='BASE'));insert into perfume(perfume_id,concentration,image,name,price,rating,gender,volume,brand_id) values( '152','EDT','perfumes/152.jpg',"Seductive Homme",3000,'4.5',0,'100.0',(select brand_id from brand where name="GUESS"));insert into perfume_note(perfume_id,note_id) values( 152,(select note_id from note where name='spicy' and type='TOP'));insert into perfume_note(perfume_id,note_id) values (152,(select note_id from note where name='patchouli' and type='MIDDLE'));insert into perfume_note(perfume_id,note_id) values (152,(select note_id from note where name='sandalwood' and type='MIDDLE'));insert into perfume_note(perfume_id,note_id) values (152,(select note_id from note where name='musk' and type='MIDDLE'));insert into perfume_note(perfume_id,note_id) values (152,(select note_id from note where name='amber' and type='MIDDLE'));insert into perfume_note(perfume_id,note_id) values (152,(select note_id from note where name='vetiver' and type='BASE'));insert into perfume_note(perfume_id,note_id) values (152,(select note_id from note where name='violet leaf' and type='BASE'));insert into perfume_note(perfume_id,note_id) values (152,(select note_id from note where name='orchid' and type='BASE'));insert into perfume(perfume_id,concentration,image,name,price,rating,gender,volume,brand_id) values( '153','EDP','perfumes/153.jpg',"Ameer Al Oud Khususi",3000,'4.1',0,'100.0',(select brand_id from brand where name="Al Fakhr"));insert into perfume_note(perfume_id,note_id) values( 153,(select note_id from note where name='woody' and type='TOP'));insert into perfume_note(perfume_id,note_id) values (153,(select note_id from note where name='cedarwood' and type='MIDDLE'));insert into perfume_note(perfume_id,note_id) values (153,(select note_id from note where name='sandalwood' and type='MIDDLE'));insert into perfume_note(perfume_id,note_id) values (153,(select note_id from note where name='cardamom' and type='BASE'));insert into perfume_note(perfume_id,note_id) values (153,(select note_id from note where name='black pepper' and type='BASE'));insert into perfume(perfume_id,concentration,image,name,price,rating,gender,volume,brand_id) values( '154','EDP','perfumes/154.jpg',"Anfas Aloud",3000,'5.0',0,'60.0',(select brand_id from brand where name="Alrehab"));insert into perfume_note(perfume_id,note_id) values( 154,(select note_id from note where name='arabian' and type='TOP'));insert into perfume_note(perfume_id,note_id) values (154,(select note_id from note where name='oud' and type='MIDDLE'));insert into perfume_note(perfume_id,note_id) values (154,(select note_id from note where name='bergamot' and type='BASE'));insert into perfume(perfume_id,concentration,image,name,price,rating,gender,volume,brand_id) values( '155','EDT','perfumes/155.jpg',"Pour Homme",3000,'4.4',0,'100.0',(select brand_id from brand where name="Givenchy"));insert into perfume_note(perfume_id,note_id) values( 155,(select note_id from note where name='spicy' and type='TOP'));insert into perfume_note(perfume_id,note_id) values (155,(select note_id from note where name='ceder' and type='MIDDLE'));insert into perfume_note(perfume_id,note_id) values (155,(select note_id from note where name='labdanum' and type='MIDDLE'));insert into perfume_note(perfume_id,note_id) values (155,(select note_id from note where name='vetiver' and type='BASE'));insert into perfume_note(perfume_id,note_id) values (155,(select note_id from note where name='lavender' and type='BASE'));insert into perfume(perfume_id,concentration,image,name,price,rating,gender,volume,brand_id) values( '156','EDT','perfumes/156.jpg',"Blue",3000,'5.0',0,'100.0',(select brand_id from brand where name="Rasasi"));insert into perfume_note(perfume_id,note_id) values( 156,(select note_id from note where name='spicy' and type='TOP'));insert into perfume_note(perfume_id,note_id) values (156,(select note_id from note where name='amber' and type='MIDDLE'));insert into perfume_note(perfume_id,note_id) values (156,(select note_id from note where name='woody' and type='MIDDLE'));insert into perfume_note(perfume_id,note_id) values (156,(select note_id from note where name='pepper' and type='BASE'));insert into perfume_note(perfume_id,note_id) values (156,(select note_id from note where name='coriander' and type='BASE'));insert into perfume_note(perfume_id,note_id) values (156,(select note_id from note where name='rose' and type='BASE'));insert into perfume_note(perfume_id,note_id) values (156,(select note_id from note where name='jasmine' and type='BASE'));insert into perfume_note(perfume_id,note_id) values (156,(select note_id from note where name='geranium' and type='BASE'));insert into perfume(perfume_id,concentration,image,name,price,rating,gender,volume,brand_id) values( '157','EDT','perfumes/157.jpg',"Eau Pour Homme Reno 2013",3000,'4.7',0,'50.0',(select brand_id from brand where name="GIORGIO ARMANI"));insert into perfume_note(perfume_id,note_id) values( 157,(select note_id from note where name='citrus' and type='TOP'));insert into perfume_note(perfume_id,note_id) values (157,(select note_id from note where name='patchouli' and type='MIDDLE'));insert into perfume_note(perfume_id,note_id) values (157,(select note_id from note where name='sandalwood' and type='MIDDLE'));insert into perfume_note(perfume_id,note_id) values (157,(select note_id from note where name='oakmoss' and type='MIDDLE'));insert into perfume_note(perfume_id,note_id) values (157,(select note_id from note where name='lily' and type='BASE'));insert into perfume_note(perfume_id,note_id) values (157,(select note_id from note where name='cloves' and type='BASE'));insert into perfume_note(perfume_id,note_id) values (157,(select note_id from note where name='nutmeg' and type='BASE'));insert into perfume(perfume_id,concentration,image,name,price,rating,gender,volume,brand_id) values( '158','EDT','perfumes/158.jpg',"Touch Of Pink",3000,'4.6',0,'50.0',(select brand_id from brand where name="LACOSTE"));insert into perfume_note(perfume_id,note_id) values( 158,(select note_id from note where name='floral' and type='TOP'));insert into perfume_note(perfume_id,note_id) values (158,(select note_id from note where name='vanilla' and type='MIDDLE'));insert into perfume_note(perfume_id,note_id) values (158,(select note_id from note where name='woodsymusk base' and type='MIDDLE'));insert into perfume_note(perfume_id,note_id) values (158,(select note_id from note where name='spicy' and type='BASE'));insert into perfume_note(perfume_id,note_id) values (158,(select note_id from note where name='jasmine' and type='BASE'));insert into perfume_note(perfume_id,note_id) values (158,(select note_id from note where name='unexpected carrot' and type='BASE'));insert into perfume_note(perfume_id,note_id) values (158,(select note_id from note where name='coriander' and type='BASE'));insert into perfume(perfume_id,concentration,image,name,price,rating,gender,volume,brand_id) values( '159','EDP','perfumes/159.jpg',"Gold",3000,'4.9',0,'75.0',(select brand_id from brand where name="GUESS"));insert into perfume_note(perfume_id,note_id) values( 159,(select note_id from note where name='floral' and type='TOP'));insert into perfume_note(perfume_id,note_id) values (159,(select note_id from note where name='amber' and type='MIDDLE'));insert into perfume_note(perfume_id,note_id) values (159,(select note_id from note where name='vetiver' and type='MIDDLE'));insert into perfume_note(perfume_id,note_id) values (159,(select note_id from note where name='sandalwood' and type='MIDDLE'));insert into perfume_note(perfume_id,note_id) values (159,(select note_id from note where name='sensual' and type='MIDDLE'));insert into perfume_note(perfume_id,note_id) values (159,(select note_id from note where name='musk' and type='MIDDLE'));insert into perfume_note(perfume_id,note_id) values (159,(select note_id from note where name='patchouli' and type='MIDDLE'));insert into perfume_note(perfume_id,note_id) values (159,(select note_id from note where name='rose' and type='BASE'));insert into perfume_note(perfume_id,note_id) values (159,(select note_id from note where name='jasmine' and type='BASE'));insert into perfume_note(perfume_id,note_id) values (159,(select note_id from note where name='intoxicating' and type='BASE'));insert into perfume_note(perfume_id,note_id) values (159,(select note_id from note where name='lotus' and type='BASE'));insert into perfume_note(perfume_id,note_id) values (159,(select note_id from note where name='seductress' and type='BASE'));insert into perfume(perfume_id,concentration,image,name,price,rating,gender,volume,brand_id) values( '160','EDP','perfumes/160.jpg',"Goldea The Roman Night",3000,'4.7',0,'75.0',(select brand_id from brand where name="BVLGARI"));insert into perfume_note(perfume_id,note_id) values( 160,(select note_id from note where name='floral' and type='TOP'));insert into perfume_note(perfume_id,note_id) values (160,(select note_id from note where name='patchouli' and type='MIDDLE'));insert into perfume_note(perfume_id,note_id) values (160,(select note_id from note where name='moss' and type='MIDDLE'));insert into perfume_note(perfume_id,note_id) values (160,(select note_id from note where name='black musk' and type='MIDDLE'));insert into perfume_note(perfume_id,note_id) values (160,(select note_id from note where name='vetiver' and type='MIDDLE'));insert into perfume_note(perfume_id,note_id) values (160,(select note_id from note where name='rose' and type='BASE'));insert into perfume_note(perfume_id,note_id) values (160,(select note_id from note where name='black peony' and type='BASE'));insert into perfume_note(perfume_id,note_id) values (160,(select note_id from note where name='nightblooming jasmine' and type='BASE'));insert into perfume_note(perfume_id,note_id) values (160,(select note_id from note where name='tuberose' and type='BASE'));insert into perfume(perfume_id,concentration,image,name,price,rating,gender,volume,brand_id) values( '161','EDT','perfumes/161.jpg',"Lacoste",3000,'4.6',0,'100.0',(select brand_id from brand where name="LACOSTE"));insert into perfume_note(perfume_id,note_id) values( 161,(select note_id from note where name='citrus' and type='TOP'));insert into perfume_note(perfume_id,note_id) values (161,(select note_id from note where name='amber' and type='MIDDLE'));insert into perfume_note(perfume_id,note_id) values (161,(select note_id from note where name='woody notes' and type='MIDDLE'));insert into perfume_note(perfume_id,note_id) values (161,(select note_id from note where name='cedar' and type='MIDDLE'));insert into perfume_note(perfume_id,note_id) values (161,(select note_id from note where name='vanilla' and type='MIDDLE'));insert into perfume_note(perfume_id,note_id) values (161,(select note_id from note where name='musk' and type='MIDDLE'));insert into perfume_note(perfume_id,note_id) values (161,(select note_id from note where name='almond' and type='BASE'));insert into perfume_note(perfume_id,note_id) values (161,(select note_id from note where name='jasmine' and type='BASE'));insert into perfume_note(perfume_id,note_id) values (161,(select note_id from note where name='ginger' and type='BASE'));insert into perfume_note(perfume_id,note_id) values (161,(select note_id from note where name='black pepper' and type='BASE'));insert into perfume(perfume_id,concentration,image,name,price,rating,gender,volume,brand_id) values( '162','EDP','perfumes/162.jpg',"Samsara",3000,'4.7',0,'100.0',(select brand_id from brand where name="Guerlain"));insert into perfume_note(perfume_id,note_id) values( 162,(select note_id from note where name='arabian' and type='TOP'));insert into perfume_note(perfume_id,note_id) values (162,(select note_id from note where name='amber' and type='MIDDLE'));insert into perfume_note(perfume_id,note_id) values (162,(select note_id from note where name='sandal wood' and type='MIDDLE'));insert into perfume_note(perfume_id,note_id) values (162,(select note_id from note where name='vanilla' and type='MIDDLE'));insert into perfume_note(perfume_id,note_id) values (162,(select note_id from note where name='musk' and type='MIDDLE'));insert into perfume_note(perfume_id,note_id) values (162,(select note_id from note where name='tonka bean' and type='MIDDLE'));insert into perfume_note(perfume_id,note_id) values (162,(select note_id from note where name='luscious narcissus' and type='BASE'));insert into perfume_note(perfume_id,note_id) values (162,(select note_id from note where name='cold woodsy iris' and type='BASE'));insert into perfume_note(perfume_id,note_id) values (162,(select note_id from note where name='rose' and type='BASE'));insert into perfume_note(perfume_id,note_id) values (162,(select note_id from note where name='jasmine' and type='BASE'));insert into perfume_note(perfume_id,note_id) values (162,(select note_id from note where name='violet' and type='BASE'));insert into perfume(perfume_id,concentration,image,name,price,rating,gender,volume,brand_id) values( '163','EDP','perfumes/163.jpg',"The Scent",3000,'4.5',0,'100.0',(select brand_id from brand where name="HUGO BOSS"));insert into perfume_note(perfume_id,note_id) values( 163,(select note_id from note where name='fruity' and type='TOP'));insert into perfume_note(perfume_id,note_id) values (163,(select note_id from note where name='cacao' and type='MIDDLE'));insert into perfume_note(perfume_id,note_id) values (163,(select note_id from note where name='osmanthus' and type='BASE'));insert into perfume(perfume_id,concentration,image,name,price,rating,gender,volume,brand_id) values( '164','EDT','perfumes/164.jpg',"Classic Gold",3000,'4.7',0,'100.0',(select brand_id from brand where name="JAGUAR"));insert into perfume_note(perfume_id,note_id) values( 164,(select note_id from note where name='woody' and type='TOP'));insert into perfume_note(perfume_id,note_id) values (164,(select note_id from note where name='patchouli' and type='MIDDLE'));insert into perfume_note(perfume_id,note_id) values (164,(select note_id from note where name='vanilla' and type='MIDDLE'));insert into perfume_note(perfume_id,note_id) values (164,(select note_id from note where name='musk' and type='MIDDLE'));insert into perfume_note(perfume_id,note_id) values (164,(select note_id from note where name='orange blossom' and type='BASE'));insert into perfume_note(perfume_id,note_id) values (164,(select note_id from note where name='teak wood' and type='BASE'));insert into perfume(perfume_id,concentration,image,name,price,rating,gender,volume,brand_id) values( '165','EDP','perfumes/165.jpg',"Frank Olivier",3000,'4.7',0,'75.0',(select brand_id from brand where name="Franck Olivier"));insert into perfume_note(perfume_id,note_id) values( 165,(select note_id from note where name='musk' and type='TOP'));insert into perfume_note(perfume_id,note_id) values (165,(select note_id from note where name='sandalwood' and type='MIDDLE'));insert into perfume_note(perfume_id,note_id) values (165,(select note_id from note where name='vanilla' and type='MIDDLE'));insert into perfume_note(perfume_id,note_id) values (165,(select note_id from note where name='musk' and type='MIDDLE'));insert into perfume_note(perfume_id,note_id) values (165,(select note_id from note where name='ylangylang' and type='BASE'));insert into perfume_note(perfume_id,note_id) values (165,(select note_id from note where name='rose' and type='BASE'));insert into perfume_note(perfume_id,note_id) values (165,(select note_id from note where name='jasmine' and type='BASE'));insert into perfume_note(perfume_id,note_id) values (165,(select note_id from note where name='heliotrope' and type='BASE'));insert into perfume(perfume_id,concentration,image,name,price,rating,gender,volume,brand_id) values( '166','EDP','perfumes/166.jpg',"Happy Spirit Forever",3000,'4.9',0,'75.0',(select brand_id from brand where name="CHOPARD"));insert into perfume_note(perfume_id,note_id) values( 166,(select note_id from note where name='oriental' and type='TOP'));insert into perfume_note(perfume_id,note_id) values (166,(select note_id from note where name='patchouli' and type='MIDDLE'));insert into perfume_note(perfume_id,note_id) values (166,(select note_id from note where name='amber' and type='MIDDLE'));insert into perfume_note(perfume_id,note_id) values (166,(select note_id from note where name='blossom' and type='BASE'));insert into perfume_note(perfume_id,note_id) values (166,(select note_id from note where name='rosemary' and type='BASE'));insert into perfume_note(perfume_id,note_id) values (166,(select note_id from note where name='jasmine' and type='BASE'));insert into perfume_note(perfume_id,note_id) values (166,(select note_id from note where name='orange' and type='BASE'));insert into perfume(perfume_id,concentration,image,name,price,rating,gender,volume,brand_id) values( '167','EDP','perfumes/167.jpg',"Million",3000,'5.0',0,'50.0',(select brand_id from brand where name="PACO RABANNE"));insert into perfume_note(perfume_id,note_id) values( 167,(select note_id from note where name='fresh' and type='TOP'));insert into perfume_note(perfume_id,note_id) values (167,(select note_id from note where name='honey' and type='MIDDLE'));insert into perfume_note(perfume_id,note_id) values (167,(select note_id from note where name='patchouli' and type='MIDDLE'));insert into perfume_note(perfume_id,note_id) values (167,(select note_id from note where name='flower' and type='BASE'));insert into perfume_note(perfume_id,note_id) values (167,(select note_id from note where name='jasmine' and type='BASE'));insert into perfume_note(perfume_id,note_id) values (167,(select note_id from note where name='absolute' and type='BASE'));insert into perfume_note(perfume_id,note_id) values (167,(select note_id from note where name='orange' and type='BASE'));insert into perfume(perfume_id,concentration,image,name,price,rating,gender,volume,brand_id) values( '168','EDT','perfumes/168.png',"Pino Silvester Original",3000,'5.0',0,'125.0',(select brand_id from brand where name="Pino Silvestre"));insert into perfume_note(perfume_id,note_id) values( 168,(select note_id from note where name='woody' and type='TOP'));insert into perfume_note(perfume_id,note_id) values (168,(select note_id from note where name='amber' and type='MIDDLE'));insert into perfume_note(perfume_id,note_id) values (168,(select note_id from note where name='cedar' and type='MIDDLE'));insert into perfume_note(perfume_id,note_id) values (168,(select note_id from note where name='beans' and type='MIDDLE'));insert into perfume_note(perfume_id,note_id) values (168,(select note_id from note where name='moss' and type='MIDDLE'));insert into perfume_note(perfume_id,note_id) values (168,(select note_id from note where name='musk' and type='MIDDLE'));insert into perfume_note(perfume_id,note_id) values (168,(select note_id from note where name='tonka' and type='MIDDLE'));insert into perfume_note(perfume_id,note_id) values (168,(select note_id from note where name='nutmeg' and type='BASE'));insert into perfume_note(perfume_id,note_id) values (168,(select note_id from note where name='carnation' and type='BASE'));insert into perfume_note(perfume_id,note_id) values (168,(select note_id from note where name='spicy' and type='BASE'));insert into perfume_note(perfume_id,note_id) values (168,(select note_id from note where name='notes' and type='BASE'));insert into perfume_note(perfume_id,note_id) values (168,(select note_id from note where name='thyme' and type='BASE'));insert into perfume_note(perfume_id,note_id) values (168,(select note_id from note where name='geranium' and type='BASE'));insert into perfume_note(perfume_id,note_id) values (168,(select note_id from note where name='fir' and type='BASE'));insert into perfume_note(perfume_id,note_id) values (168,(select note_id from note where name='tree' and type='BASE'));insert into perfume(perfume_id,concentration,image,name,price,rating,gender,volume,brand_id) values( '169','EDP','perfumes/169.jpg',"Roses Musk",3000,'5.0',0,'100.0',(select brand_id from brand where name="MONTALE"));insert into perfume_note(perfume_id,note_id) values( 169,(select note_id from note where name='floral' and type='TOP'));insert into perfume_note(perfume_id,note_id) values (169,(select note_id from note where name='musk' and type='MIDDLE'));insert into perfume_note(perfume_id,note_id) values (169,(select note_id from note where name='jasmine' and type='BASE'));insert into perfume(perfume_id,concentration,image,name,price,rating,gender,volume,brand_id) values( '170','EDT','perfumes/170.jpg',"Black",3000,'4.5',0,'100.0',(select brand_id from brand where name="Kenneth Cole"));insert into perfume_note(perfume_id,note_id) values( 170,(select note_id from note where name='floral' and type='TOP'));insert into perfume_note(perfume_id,note_id) values (170,(select note_id from note where name='amber' and type='MIDDLE'));insert into perfume_note(perfume_id,note_id) values (170,(select note_id from note where name='leaf' and type='MIDDLE'));insert into perfume_note(perfume_id,note_id) values (170,(select note_id from note where name='suede' and type='MIDDLE'));insert into perfume_note(perfume_id,note_id) values (170,(select note_id from note where name='musk' and type='MIDDLE'));insert into perfume_note(perfume_id,note_id) values (170,(select note_id from note where name='violet' and type='MIDDLE'));insert into perfume_note(perfume_id,note_id) values (170,(select note_id from note where name='incense' and type='BASE'));insert into perfume_note(perfume_id,note_id) values (170,(select note_id from note where name='woods' and type='BASE'));insert into perfume_note(perfume_id,note_id) values (170,(select note_id from note where name='nutmeg' and type='BASE'));insert into perfume_note(perfume_id,note_id) values (170,(select note_id from note where name='cedar' and type='BASE'));insert into perfume_note(perfume_id,note_id) values (170,(select note_id from note where name='exotic' and type='BASE'));insert into perfume_note(perfume_id,note_id) values (170,(select note_id from note where name='lotus' and type='BASE'));insert into perfume(perfume_id,concentration,image,name,price,rating,gender,volume,brand_id) values( '171','EDT','perfumes/171.jpg',"Intense Euphoria",3000,'4.4',0,'100.0',(select brand_id from brand where name="Calvin Klein"));insert into perfume_note(perfume_id,note_id) values( 171,(select note_id from note where name='spicy' and type='TOP'));insert into perfume_note(perfume_id,note_id) values (171,(select note_id from note where name='amber' and type='MIDDLE'));insert into perfume_note(perfume_id,note_id) values (171,(select note_id from note where name='labdanum' and type='MIDDLE'));insert into perfume_note(perfume_id,note_id) values (171,(select note_id from note where name='agarwood' and type='MIDDLE'));insert into perfume_note(perfume_id,note_id) values (171,(select note_id from note where name='patchouli' and type='MIDDLE'));insert into perfume_note(perfume_id,note_id) values (171,(select note_id from note where name='myrrh' and type='MIDDLE'));insert into perfume_note(perfume_id,note_id) values (171,(select note_id from note where name='black basil' and type='BASE'));insert into perfume_note(perfume_id,note_id) values (171,(select note_id from note where name='sage' and type='BASE'));insert into perfume_note(perfume_id,note_id) values (171,(select note_id from note where name='cedar' and type='BASE'));insert into perfume_note(perfume_id,note_id) values (171,(select note_id from note where name='vetiver' and type='BASE'));insert into perfume(perfume_id,concentration,image,name,price,rating,gender,volume,brand_id) values( '172','EDT','perfumes/172.png',"Legend",3000,'4.5',0,'200.0',(select brand_id from brand where name="MONTBLANC"));insert into perfume_note(perfume_id,note_id) values( 172,(select note_id from note where name='spicy' and type='TOP'));insert into perfume_note(perfume_id,note_id) values (172,(select note_id from note where name='bean' and type='MIDDLE'));insert into perfume_note(perfume_id,note_id) values (172,(select note_id from note where name='sandalwood' and type='MIDDLE'));insert into perfume_note(perfume_id,note_id) values (172,(select note_id from note where name='tonka' and type='MIDDLE'));insert into perfume_note(perfume_id,note_id) values (172,(select note_id from note where name='coumarin' and type='BASE'));insert into perfume_note(perfume_id,note_id) values (172,(select note_id from note where name='apple' and type='BASE'));insert into perfume_note(perfume_id,note_id) values (172,(select note_id from note where name='rose' and type='BASE'));insert into perfume_note(perfume_id,note_id) values (172,(select note_id from note where name='oak moss' and type='BASE'));insert into perfume_note(perfume_id,note_id) values (172,(select note_id from note where name='fruits' and type='BASE'));insert into perfume_note(perfume_id,note_id) values (172,(select note_id from note where name='dried' and type='BASE'));insert into perfume_note(perfume_id,note_id) values (172,(select note_id from note where name='geranium' and type='BASE'));insert into perfume_note(perfume_id,note_id) values (172,(select note_id from note where name='red' and type='BASE'));insert into perfume(perfume_id,concentration,image,name,price,rating,gender,volume,brand_id) values( '173','EDT','perfumes/173.jpg',"Obsession",3000,'3.0',0,'125.0',(select brand_id from brand where name="Calvin Klein"));insert into perfume_note(perfume_id,note_id) values( 173,(select note_id from note where name='spicy' and type='TOP'));insert into perfume_note(perfume_id,note_id) values (173,(select note_id from note where name='amber' and type='MIDDLE'));insert into perfume_note(perfume_id,note_id) values (173,(select note_id from note where name='sandalwood' and type='MIDDLE'));insert into perfume_note(perfume_id,note_id) values (173,(select note_id from note where name='vanilla' and type='MIDDLE'));insert into perfume_note(perfume_id,note_id) values (173,(select note_id from note where name='musk' and type='MIDDLE'));insert into perfume_note(perfume_id,note_id) values (173,(select note_id from note where name='patchouli' and type='MIDDLE'));insert into perfume_note(perfume_id,note_id) values (173,(select note_id from note where name='sage' and type='BASE'));insert into perfume_note(perfume_id,note_id) values (173,(select note_id from note where name='pine' and type='BASE'));insert into perfume_note(perfume_id,note_id) values (173,(select note_id from note where name='nutmeg' and type='BASE'));insert into perfume_note(perfume_id,note_id) values (173,(select note_id from note where name='brazilian rosewood' and type='BASE'));insert into perfume_note(perfume_id,note_id) values (173,(select note_id from note where name='myrrh' and type='BASE'));insert into perfume_note(perfume_id,note_id) values (173,(select note_id from note where name='tree' and type='BASE'));insert into perfume(perfume_id,concentration,image,name,price,rating,gender,volume,brand_id) values( '174','EDP','perfumes/174.jpg',"Sheikh Al Shuyukh",3000,'4.8',0,'50.0',(select brand_id from brand where name="Lattafa"));insert into perfume_note(perfume_id,note_id) values( 174,(select note_id from note where name='aromatic' and type='TOP'));insert into perfume_note(perfume_id,note_id) values (174,(select note_id from note where name='vetiver' and type='MIDDLE'));insert into perfume_note(perfume_id,note_id) values (174,(select note_id from note where name='patchouli' and type='MIDDLE'));insert into perfume_note(perfume_id,note_id) values (174,(select note_id from note where name='rosemary' and type='BASE'));insert into perfume_note(perfume_id,note_id) values (174,(select note_id from note where name='lavender sage' and type='BASE'));insert into perfume(perfume_id,concentration,image,name,price,rating,gender,volume,brand_id) values( '175','EDP','perfumes/175.jpg',"The One",3000,'5.0',0,'75.0',(select brand_id from brand where name="Dolce & Gabbana"));insert into perfume_note(perfume_id,note_id) values( 175,(select note_id from note where name='fruity' and type='TOP'));insert into perfume_note(perfume_id,note_id) values (175,(select note_id from note where name='cedar' and type='MIDDLE'));insert into perfume_note(perfume_id,note_id) values (175,(select note_id from note where name='tobacco' and type='MIDDLE'));insert into perfume_note(perfume_id,note_id) values (175,(select note_id from note where name='amber' and type='MIDDLE'));insert into perfume_note(perfume_id,note_id) values (175,(select note_id from note where name='cardamom' and type='BASE'));insert into perfume_note(perfume_id,note_id) values (175,(select note_id from note where name='orange blossom' and type='BASE'));insert into perfume_note(perfume_id,note_id) values (175,(select note_id from note where name='ginger' and type='BASE'));insert into perfume(perfume_id,concentration,image,name,price,rating,gender,volume,brand_id) values( '176','EDP','perfumes/176.jpg',"World Intense",3000,'4.0',0,'75.0',(select brand_id from brand where name="Kenzo"));insert into perfume_note(perfume_id,note_id) values( 176,(select note_id from note where name='spicy' and type='TOP'));insert into perfume_note(perfume_id,note_id) values (176,(select note_id from note where name='vanilla' and type='MIDDLE'));insert into perfume_note(perfume_id,note_id) values (176,(select note_id from note where name='jasmine' and type='BASE'));insert into perfume_note(perfume_id,note_id) values (176,(select note_id from note where name='peony' and type='BASE'));insert into perfume(perfume_id,concentration,image,name,price,rating,gender,volume,brand_id) values( '177','EDT','perfumes/177.png',"L' Imperatrice 3",3000,'4.7',0,'100.0',(select brand_id from brand where name="Dolce & Gabbana"));insert into perfume_note(perfume_id,note_id) values( 177,(select note_id from note where name='fruity' and type='TOP'));insert into perfume_note(perfume_id,note_id) values (177,(select note_id from note where name='lemon tree' and type='MIDDLE'));insert into perfume_note(perfume_id,note_id) values (177,(select note_id from note where name='sandalwood' and type='MIDDLE'));insert into perfume_note(perfume_id,note_id) values (177,(select note_id from note where name='musk' and type='MIDDLE'));insert into perfume_note(perfume_id,note_id) values (177,(select note_id from note where name='cyclamen' and type='BASE'));insert into perfume_note(perfume_id,note_id) values (177,(select note_id from note where name='watermelon' and type='BASE'));insert into perfume_note(perfume_id,note_id) values (177,(select note_id from note where name='jasmine' and type='BASE'));insert into perfume(perfume_id,concentration,image,name,price,rating,gender,volume,brand_id) values( '178','EDT','perfumes/178.jpg',"Vision II",3000,'5.0',0,'100.0',(select brand_id from brand where name="JAGUAR"));insert into perfume_note(perfume_id,note_id) values( 178,(select note_id from note where name='fruity' and type='TOP'));insert into perfume_note(perfume_id,note_id) values (178,(select note_id from note where name='cedar' and type='MIDDLE'));insert into perfume_note(perfume_id,note_id) values (178,(select note_id from note where name='wood' and type='MIDDLE'));insert into perfume_note(perfume_id,note_id) values (178,(select note_id from note where name='patchouli' and type='MIDDLE'));insert into perfume_note(perfume_id,note_id) values (178,(select note_id from note where name='musk' and type='MIDDLE'));insert into perfume_note(perfume_id,note_id) values (178,(select note_id from note where name='geranium' and type='BASE'));insert into perfume_note(perfume_id,note_id) values (178,(select note_id from note where name='sea notes' and type='BASE'));insert into perfume_note(perfume_id,note_id) values (178,(select note_id from note where name='pepper' and type='BASE'));insert into perfume(perfume_id,concentration,image,name,price,rating,gender,volume,brand_id) values( '179','EDP','perfumes/179.jpg',"Forever",3000,'4.0',0,'100.0',(select brand_id from brand where name="Mariah Carey"));insert into perfume_note(perfume_id,note_id) values( 179,(select note_id from note where name='floral' and type='TOP'));insert into perfume_note(perfume_id,note_id) values (179,(select note_id from note where name='wood' and type='MIDDLE'));insert into perfume_note(perfume_id,note_id) values (179,(select note_id from note where name='musk' and type='MIDDLE'));insert into perfume_note(perfume_id,note_id) values (179,(select note_id from note where name='gardenia' and type='BASE'));insert into perfume_note(perfume_id,note_id) values (179,(select note_id from note where name='tuberose' and type='BASE'));insert into perfume(perfume_id,concentration,image,name,price,rating,gender,volume,brand_id) values( '180','EDT','perfumes/180.jpg',"Brit Splash",3000,'4.6',0,'100.0',(select brand_id from brand where name="BURBERRY"));insert into perfume_note(perfume_id,note_id) values( 180,(select note_id from note where name='fresh' and type='TOP'));insert into perfume_note(perfume_id,note_id) values (180,(select note_id from note where name='vetiver' and type='MIDDLE'));insert into perfume_note(perfume_id,note_id) values (180,(select note_id from note where name='moss' and type='MIDDLE'));insert into perfume_note(perfume_id,note_id) values (180,(select note_id from note where name='musk' and type='MIDDLE'));insert into perfume_note(perfume_id,note_id) values (180,(select note_id from note where name='water notes' and type='BASE'));insert into perfume_note(perfume_id,note_id) values (180,(select note_id from note where name='cyclamen' and type='BASE'));insert into perfume_note(perfume_id,note_id) values (180,(select note_id from note where name='violet' and type='BASE'));insert into perfume(perfume_id,concentration,image,name,price,rating,gender,volume,brand_id) values( '181','EDP','perfumes/181.jpg',"Amber Intense",3000,'4.4',0,'100.0',(select brand_id from brand where name="PRADA"));insert into perfume_note(perfume_id,note_id) values( 181,(select note_id from note where name='spicy' and type='TOP'));insert into perfume_note(perfume_id,note_id) values (181,(select note_id from note where name='creamy amber' and type='MIDDLE'));insert into perfume_note(perfume_id,note_id) values (181,(select note_id from note where name='vanilla' and type='BASE'));insert into perfume(perfume_id,concentration,image,name,price,rating,gender,volume,brand_id) values( '182','EDT','perfumes/182.jpg',"Hawaii London",3000,'4.0',0,'55.0',(select brand_id from brand where name="Milton Lloyd"));insert into perfume_note(perfume_id,note_id) values( 182,(select note_id from note where name='floral' and type='TOP'));insert into perfume_note(perfume_id,note_id) values (182,(select note_id from note where name='notes' and type='MIDDLE'));insert into perfume_note(perfume_id,note_id) values (182,(select note_id from note where name='musk' and type='MIDDLE'));insert into perfume_note(perfume_id,note_id) values (182,(select note_id from note where name='woody' and type='MIDDLE'));insert into perfume_note(perfume_id,note_id) values (182,(select note_id from note where name='rose' and type='BASE'));insert into perfume_note(perfume_id,note_id) values (182,(select note_id from note where name='jasmine' and type='BASE'));insert into perfume(perfume_id,concentration,image,name,price,rating,gender,volume,brand_id) values( '183','EDP','perfumes/183.jpg',"Khalis Pure Oudi",3000,'4.3',0,'100.0',(select brand_id from brand where name="Lattafa"));insert into perfume_note(perfume_id,note_id) values( 183,(select note_id from note where name='woody' and type='TOP'));insert into perfume_note(perfume_id,note_id) values (183,(select note_id from note where name='guaiac wood' and type='MIDDLE'));insert into perfume_note(perfume_id,note_id) values (183,(select note_id from note where name='amber' and type='MIDDLE'));insert into perfume_note(perfume_id,note_id) values (183,(select note_id from note where name='cedar' and type='MIDDLE'));insert into perfume_note(perfume_id,note_id) values (183,(select note_id from note where name='vanilla' and type='MIDDLE'));insert into perfume_note(perfume_id,note_id) values (183,(select note_id from note where name='musk' and type='MIDDLE'));insert into perfume_note(perfume_id,note_id) values (183,(select note_id from note where name='sandalwood' and type='BASE'));insert into perfume_note(perfume_id,note_id) values (183,(select note_id from note where name='jasmine' and type='BASE'));insert into perfume(perfume_id,concentration,image,name,price,rating,gender,volume,brand_id) values( '184','EDP','perfumes/184.jpg',"Marciano",3000,'4.4',0,'100.0',(select brand_id from brand where name="GUESS"));insert into perfume_note(perfume_id,note_id) values( 184,(select note_id from note where name='citrus' and type='TOP'));insert into perfume_note(perfume_id,note_id) values (184,(select note_id from note where name='vanilla' and type='MIDDLE'));insert into perfume_note(perfume_id,note_id) values (184,(select note_id from note where name='accords' and type='MIDDLE'));insert into perfume_note(perfume_id,note_id) values (184,(select note_id from note where name='musk' and type='MIDDLE'));insert into perfume_note(perfume_id,note_id) values (184,(select note_id from note where name='woody' and type='MIDDLE'));insert into perfume_note(perfume_id,note_id) values (184,(select note_id from note where name='clean' and type='BASE'));insert into perfume_note(perfume_id,note_id) values (184,(select note_id from note where name='intensively' and type='BASE'));insert into perfume_note(perfume_id,note_id) values (184,(select note_id from note where name='peony' and type='BASE'));insert into perfume_note(perfume_id,note_id) values (184,(select note_id from note where name='honeysuckle' and type='BASE'));insert into perfume_note(perfume_id,note_id) values (184,(select note_id from note where name='jasmine' and type='BASE'));insert into perfume_note(perfume_id,note_id) values (184,(select note_id from note where name='sweet' and type='BASE'));insert into perfume_note(perfume_id,note_id) values (184,(select note_id from note where name='pink' and type='BASE'));insert into perfume_note(perfume_id,note_id) values (184,(select note_id from note where name='rhythm' and type='BASE'));insert into perfume_note(perfume_id,note_id) values (184,(select note_id from note where name='floral' and type='BASE'));insert into perfume(perfume_id,concentration,image,name,price,rating,gender,volume,brand_id) values( '185','PDT','perfumes/185.jpg',"Oud Arabi",3000,'3.9',0,'100.0',(select brand_id from brand where name="DORALL COLLECTION"));insert into perfume_note(perfume_id,note_id) values( 185,(select note_id from note where name='woody' and type='TOP'));insert into perfume_note(perfume_id,note_id) values (185,(select note_id from note where name='patchouli' and type='MIDDLE'));insert into perfume_note(perfume_id,note_id) values (185,(select note_id from note where name='sandalwood' and type='MIDDLE'));insert into perfume_note(perfume_id,note_id) values (185,(select note_id from note where name='musk' and type='MIDDLE'));insert into perfume_note(perfume_id,note_id) values (185,(select note_id from note where name='amber' and type='MIDDLE'));insert into perfume_note(perfume_id,note_id) values (185,(select note_id from note where name='guaiac wood' and type='BASE'));insert into perfume_note(perfume_id,note_id) values (185,(select note_id from note where name='rose' and type='BASE'));insert into perfume_note(perfume_id,note_id) values (185,(select note_id from note where name='jasmine' and type='BASE'));insert into perfume_note(perfume_id,note_id) values (185,(select note_id from note where name='oudh' and type='BASE'));insert into perfume(perfume_id,concentration,image,name,price,rating,gender,volume,brand_id) values( '186','EDP','perfumes/186.jpg',"Coach",3000,'4.8',0,'2.0',(select brand_id from brand where name="COACH"));insert into perfume_note(perfume_id,note_id) values( 186,(select note_id from note where name='floral' and type='TOP'));insert into perfume_note(perfume_id,note_id) values (186,(select note_id from note where name='cashmeran' and type='MIDDLE'));insert into perfume_note(perfume_id,note_id) values (186,(select note_id from note where name='suede' and type='MIDDLE'));insert into perfume_note(perfume_id,note_id) values (186,(select note_id from note where name='musk' and type='MIDDLE'));insert into perfume_note(perfume_id,note_id) values (186,(select note_id from note where name='gardenia' and type='BASE'));insert into perfume_note(perfume_id,note_id) values (186,(select note_id from note where name='turkish rose' and type='BASE'));insert into perfume(perfume_id,concentration,image,name,price,rating,gender,volume,brand_id) values( '187','EDP','perfumes/187.jpg',"Coco Vanille",3000,'5.0',0,'120.0',(select brand_id from brand where name="Mancera"));insert into perfume_note(perfume_id,note_id) values( 187,(select note_id from note where name='vanilla' and type='TOP'));insert into perfume_note(perfume_id,note_id) values (187,(select note_id from note where name='woody notes' and type='MIDDLE'));insert into perfume_note(perfume_id,note_id) values (187,(select note_id from note where name='madagascar vanilla' and type='MIDDLE'));insert into perfume_note(perfume_id,note_id) values (187,(select note_id from note where name='white musk' and type='MIDDLE'));insert into perfume_note(perfume_id,note_id) values (187,(select note_id from note where name='ylangylang' and type='BASE'));insert into perfume_note(perfume_id,note_id) values (187,(select note_id from note where name='jasmine' and type='BASE'));insert into perfume_note(perfume_id,note_id) values (187,(select note_id from note where name='tiare flower' and type='BASE'));insert into perfume(perfume_id,concentration,image,name,price,rating,gender,volume,brand_id) values( '188','EDP','perfumes/188.jpg',"Weekend",3000,'4.6',0,'100.0',(select brand_id from brand where name="BURBERRY"));insert into perfume_note(perfume_id,note_id) values( 188,(select note_id from note where name='oriental' and type='TOP'));insert into perfume_note(perfume_id,note_id) values (188,(select note_id from note where name='blue' and type='MIDDLE'));insert into perfume_note(perfume_id,note_id) values (188,(select note_id from note where name='iris' and type='MIDDLE'));insert into perfume_note(perfume_id,note_id) values (188,(select note_id from note where name='peach blossom' and type='MIDDLE'));insert into perfume_note(perfume_id,note_id) values (188,(select note_id from note where name='cyclamen' and type='MIDDLE'));insert into perfume_note(perfume_id,note_id) values (188,(select note_id from note where name='nectarine' and type='MIDDLE'));insert into perfume_note(perfume_id,note_id) values (188,(select note_id from note where name='rose' and type='MIDDLE'));insert into perfume_note(perfume_id,note_id) values (188,(select note_id from note where name='hip' and type='MIDDLE'));insert into perfume_note(perfume_id,note_id) values (188,(select note_id from note where name='violet root' and type='MIDDLE'));insert into perfume_note(perfume_id,note_id) values (188,(select note_id from note where name='red' and type='MIDDLE'));insert into perfume_note(perfume_id,note_id) values (188,(select note_id from note where name='hyacinth' and type='MIDDLE'));insert into perfume_note(perfume_id,note_id) values (188,(select note_id from note where name='blue hyacinth' and type='BASE'));insert into perfume_note(perfume_id,note_id) values (188,(select note_id from note where name='iris' and type='BASE'));insert into perfume_note(perfume_id,note_id) values (188,(select note_id from note where name='peach blossom' and type='BASE'));insert into perfume_note(perfume_id,note_id) values (188,(select note_id from note where name='nectarine' and type='BASE'));insert into perfume_note(perfume_id,note_id) values (188,(select note_id from note where name='rose hip red cyclamen' and type='BASE'));insert into perfume_note(perfume_id,note_id) values (188,(select note_id from note where name='violet root' and type='BASE'));insert into perfume(perfume_id,concentration,image,name,price,rating,gender,volume,brand_id) values( '189','EDP','perfumes/189.jpg',"Private Collection",3000,'4.6',0,'50.0',(select brand_id from brand where name="Estee Lauder"));insert into perfume_note(perfume_id,note_id) values( 189,(select note_id from note where name='floral' and type='TOP'));insert into perfume_note(perfume_id,note_id) values (189,(select note_id from note where name='sandalwood' and type='MIDDLE'));insert into perfume_note(perfume_id,note_id) values (189,(select note_id from note where name='amber' and type='MIDDLE'));insert into perfume_note(perfume_id,note_id) values (189,(select note_id from note where name='heliotrope' and type='MIDDLE'));insert into perfume_note(perfume_id,note_id) values (189,(select note_id from note where name='musk' and type='MIDDLE'));insert into perfume_note(perfume_id,note_id) values (189,(select note_id from note where name='coriander' and type='BASE'));insert into perfume_note(perfume_id,note_id) values (189,(select note_id from note where name='reseda' and type='BASE'));insert into perfume_note(perfume_id,note_id) values (189,(select note_id from note where name='ylangylang' and type='BASE'));insert into perfume_note(perfume_id,note_id) values (189,(select note_id from note where name='chrysanthemum' and type='BASE'));insert into perfume_note(perfume_id,note_id) values (189,(select note_id from note where name='bulgarian rose' and type='BASE'));insert into perfume(perfume_id,concentration,image,name,price,rating,gender,volume,brand_id) values( '190','EDT','perfumes/190.jpg',"Man Pure",3000,'4.9',0,'125.0',(select brand_id from brand where name="Marbert"));insert into perfume_note(perfume_id,note_id) values( 190,(select note_id from note where name='citrus' and type='TOP'));insert into perfume_note(perfume_id,note_id) values (190,(select note_id from note where name='amber' and type='MIDDLE'));insert into perfume_note(perfume_id,note_id) values (190,(select note_id from note where name='oak moss' and type='MIDDLE'));insert into perfume_note(perfume_id,note_id) values (190,(select note_id from note where name='cedar' and type='MIDDLE'));insert into perfume_note(perfume_id,note_id) values (190,(select note_id from note where name='sandalwood' and type='MIDDLE'));insert into perfume_note(perfume_id,note_id) values (190,(select note_id from note where name='musk' and type='MIDDLE'));insert into perfume_note(perfume_id,note_id) values (190,(select note_id from note where name='valley' and type='BASE'));insert into perfume_note(perfume_id,note_id) values (190,(select note_id from note where name='coriander' and type='BASE'));insert into perfume_note(perfume_id,note_id) values (190,(select note_id from note where name='the' and type='BASE'));insert into perfume_note(perfume_id,note_id) values (190,(select note_id from note where name='jasmine' and type='BASE'));insert into perfume_note(perfume_id,note_id) values (190,(select note_id from note where name='nutmeg' and type='BASE'));insert into perfume_note(perfume_id,note_id) values (190,(select note_id from note where name='lily' and type='BASE'));insert into perfume_note(perfume_id,note_id) values (190,(select note_id from note where name='majorjam' and type='BASE'));insert into perfume_note(perfume_id,note_id) values (190,(select note_id from note where name='geranium' and type='BASE'));insert into perfume(perfume_id,concentration,image,name,price,rating,gender,volume,brand_id) values( '191','EDP','perfumes/191.jpg',"Gold",3000,'4.4',0,'100.0',(select brand_id from brand where name="AMOUAGE"));insert into perfume_note(perfume_id,note_id) values( 191,(select note_id from note where name='woody' and type='TOP'));insert into perfume_note(perfume_id,note_id) values (191,(select note_id from note where name='civet' and type='MIDDLE'));insert into perfume_note(perfume_id,note_id) values (191,(select note_id from note where name='sandalwood' and type='MIDDLE'));insert into perfume_note(perfume_id,note_id) values (191,(select note_id from note where name='ambergris' and type='MIDDLE'));insert into perfume_note(perfume_id,note_id) values (191,(select note_id from note where name='musk' and type='MIDDLE'));insert into perfume_note(perfume_id,note_id) values (191,(select note_id from note where name='cedar wood' and type='MIDDLE'));insert into perfume_note(perfume_id,note_id) values (191,(select note_id from note where name='myrrh' and type='BASE'));insert into perfume_note(perfume_id,note_id) values (191,(select note_id from note where name='jasmine' and type='BASE'));insert into perfume_note(perfume_id,note_id) values (191,(select note_id from note where name='orris' and type='BASE'));insert into perfume(perfume_id,concentration,image,name,price,rating,gender,volume,brand_id) values( '192','EDT','perfumes/192.png',"Gentlemen Only",3000,'4.0',0,'100.0',(select brand_id from brand where name="Givenchy"));insert into perfume_note(perfume_id,note_id) values( 192,(select note_id from note where name='woody' and type='TOP'));insert into perfume_note(perfume_id,note_id) values (192,(select note_id from note where name='accord' and type='MIDDLE'));insert into perfume_note(perfume_id,note_id) values (192,(select note_id from note where name='bean' and type='MIDDLE'));insert into perfume_note(perfume_id,note_id) values (192,(select note_id from note where name='skin' and type='MIDDLE'));insert into perfume_note(perfume_id,note_id) values (192,(select note_id from note where name='tonka' and type='MIDDLE'));insert into perfume_note(perfume_id,note_id) values (192,(select note_id from note where name='patchouli' and type='BASE'));insert into perfume_note(perfume_id,note_id) values (192,(select note_id from note where name='leather' and type='BASE'));insert into perfume_note(perfume_id,note_id) values (192,(select note_id from note where name='heart' and type='BASE'));insert into perfume_note(perfume_id,note_id) values (192,(select note_id from note where name='cedar wood' and type='BASE'));insert into perfume(perfume_id,concentration,image,name,price,rating,gender,volume,brand_id) values( '193','EDT','perfumes/193.jpg',"Classic Amber",3000,'4.3',0,'100.0',(select brand_id from brand where name="JAGUAR"));insert into perfume_note(perfume_id,note_id) values( 193,(select note_id from note where name='arabian' and type='TOP'));insert into perfume_note(perfume_id,note_id) values (193,(select note_id from note where name='labdanum' and type='MIDDLE'));insert into perfume_note(perfume_id,note_id) values (193,(select note_id from note where name='vetiver' and type='MIDDLE'));insert into perfume_note(perfume_id,note_id) values (193,(select note_id from note where name='vanilla' and type='MIDDLE'));insert into perfume_note(perfume_id,note_id) values (193,(select note_id from note where name='musk' and type='MIDDLE'));insert into perfume_note(perfume_id,note_id) values (193,(select note_id from note where name='cedar wood' and type='MIDDLE'));insert into perfume_note(perfume_id,note_id) values (193,(select note_id from note where name='patchouli' and type='MIDDLE'));insert into perfume_note(perfume_id,note_id) values (193,(select note_id from note where name='leather' and type='MIDDLE'));insert into perfume_note(perfume_id,note_id) values (193,(select note_id from note where name='orange' and type='BASE'));insert into perfume_note(perfume_id,note_id) values (193,(select note_id from note where name='cinnamon' and type='BASE'));insert into perfume_note(perfume_id,note_id) values (193,(select note_id from note where name='apple' and type='BASE'));insert into perfume_note(perfume_id,note_id) values (193,(select note_id from note where name='elemi' and type='BASE'));insert into perfume_note(perfume_id,note_id) values (193,(select note_id from note where name='resin' and type='BASE'));insert into perfume_note(perfume_id,note_id) values (193,(select note_id from note where name='black pepper' and type='BASE'));insert into perfume_note(perfume_id,note_id) values (193,(select note_id from note where name='blossoms' and type='BASE'));insert into perfume(perfume_id,concentration,image,name,price,rating,gender,volume,brand_id) values( '194','EDP','perfumes/194.jpg',"Debut",3000,'4.5',0,'100.0',(select brand_id from brand where name="AIGNER"));insert into perfume_note(perfume_id,note_id) values( 194,(select note_id from note where name='citrus' and type='TOP'));insert into perfume_note(perfume_id,note_id) values (194,(select note_id from note where name='oak' and type='MIDDLE'));insert into perfume_note(perfume_id,note_id) values (194,(select note_id from note where name='white' and type='MIDDLE'));insert into perfume_note(perfume_id,note_id) values (194,(select note_id from note where name='cedar' and type='MIDDLE'));insert into perfume_note(perfume_id,note_id) values (194,(select note_id from note where name='vanilla' and type='MIDDLE'));insert into perfume_note(perfume_id,note_id) values (194,(select note_id from note where name='moss' and type='MIDDLE'));insert into perfume_note(perfume_id,note_id) values (194,(select note_id from note where name='musk' and type='MIDDLE'));insert into perfume_note(perfume_id,note_id) values (194,(select note_id from note where name='patchouli' and type='MIDDLE'));insert into perfume_note(perfume_id,note_id) values (194,(select note_id from note where name='water lily' and type='BASE'));insert into perfume_note(perfume_id,note_id) values (194,(select note_id from note where name='jasmine' and type='BASE'));insert into perfume_note(perfume_id,note_id) values (194,(select note_id from note where name='seed' and type='BASE'));insert into perfume_note(perfume_id,note_id) values (194,(select note_id from note where name='luminous orange blossom' and type='BASE'));insert into perfume_note(perfume_id,note_id) values (194,(select note_id from note where name='sunflower' and type='BASE'));insert into perfume(perfume_id,concentration,image,name,price,rating,gender,volume,brand_id) values( '195','EDP','perfumes/195.jpg',"Pandora",3000,'5.0',0,'100.0',(select brand_id from brand where name="J.CASANOVA"));insert into perfume_note(perfume_id,note_id) values( 195,(select note_id from note where name='floral' and type='TOP'));insert into perfume_note(perfume_id,note_id) values (195,(select note_id from note where name='amber' and type='MIDDLE'));insert into perfume_note(perfume_id,note_id) values (195,(select note_id from note where name='cedar' and type='MIDDLE'));insert into perfume_note(perfume_id,note_id) values (195,(select note_id from note where name='sandalwood' and type='MIDDLE'));insert into perfume_note(perfume_id,note_id) values (195,(select note_id from note where name='moss' and type='MIDDLE'));insert into perfume_note(perfume_id,note_id) values (195,(select note_id from note where name='musk' and type='MIDDLE'));insert into perfume_note(perfume_id,note_id) values (195,(select note_id from note where name='narcissus' and type='BASE'));insert into perfume_note(perfume_id,note_id) values (195,(select note_id from note where name='rose' and type='BASE'));insert into perfume_note(perfume_id,note_id) values (195,(select note_id from note where name='jasmine' and type='BASE'));insert into perfume_note(perfume_id,note_id) values (195,(select note_id from note where name='orchid' and type='BASE'));insert into perfume_note(perfume_id,note_id) values (195,(select note_id from note where name='lilyofthevalley' and type='BASE'));insert into perfume(perfume_id,concentration,image,name,price,rating,gender,volume,brand_id) values( '196','EDP','perfumes/196.jpg',"Serpentine",3000,'4.4',0,'100.0',(select brand_id from brand where name="Roberto Cavalli"));insert into perfume_note(perfume_id,note_id) values( 196,(select note_id from note where name='arabian' and type='TOP'));insert into perfume_note(perfume_id,note_id) values (196,(select note_id from note where name='sandalwood' and type='MIDDLE'));insert into perfume_note(perfume_id,note_id) values (196,(select note_id from note where name='tolu balsam' and type='MIDDLE'));insert into perfume_note(perfume_id,note_id) values (196,(select note_id from note where name='amber' and type='MIDDLE'));insert into perfume_note(perfume_id,note_id) values (196,(select note_id from note where name='pepper' and type='BASE'));insert into perfume_note(perfume_id,note_id) values (196,(select note_id from note where name='violet leaf' and type='BASE'));insert into perfume_note(perfume_id,note_id) values (196,(select note_id from note where name='tiare flower' and type='BASE'));insert into perfume_note(perfume_id,note_id) values (196,(select note_id from note where name='frangipani' and type='BASE'));insert into perfume(perfume_id,concentration,image,name,price,rating,gender,volume,brand_id) values( '197','EDP','perfumes/197.jpg',"Man in Black",3000,'4.7',0,'100.0',(select brand_id from brand where name="BVLGARI"));insert into perfume_note(perfume_id,note_id) values( 197,(select note_id from note where name='woody' and type='TOP'));insert into perfume_note(perfume_id,note_id) values (197,(select note_id from note where name='beans' and type='MIDDLE'));insert into perfume_note(perfume_id,note_id) values (197,(select note_id from note where name='benzoin' and type='MIDDLE'));insert into perfume_note(perfume_id,note_id) values (197,(select note_id from note where name='wood' and type='MIDDLE'));insert into perfume_note(perfume_id,note_id) values (197,(select note_id from note where name='tonka' and type='MIDDLE'));insert into perfume_note(perfume_id,note_id) values (197,(select note_id from note where name='guaiac' and type='MIDDLE'));insert into perfume_note(perfume_id,note_id) values (197,(select note_id from note where name='leather' and type='BASE'));insert into perfume_note(perfume_id,note_id) values (197,(select note_id from note where name='tuberose' and type='BASE'));insert into perfume_note(perfume_id,note_id) values (197,(select note_id from note where name='iris' and type='BASE'));insert into perfume(perfume_id,concentration,image,name,price,rating,gender,volume,brand_id) values( '198','EDT','perfumes/198.jpg',"Lady Emblem",3000,'5.0',0,'2.0',(select brand_id from brand where name="MONTBLANC"));insert into perfume_note(perfume_id,note_id) values( 198,(select note_id from note where name='floral' and type='TOP'));insert into perfume_note(perfume_id,note_id) values (198,(select note_id from note where name='patchouli' and type='MIDDLE'));insert into perfume_note(perfume_id,note_id) values (198,(select note_id from note where name='amber' and type='MIDDLE'));insert into perfume_note(perfume_id,note_id) values (198,(select note_id from note where name='vanilla' and type='MIDDLE'));insert into perfume_note(perfume_id,note_id) values (198,(select note_id from note where name='musk' and type='MIDDLE'));insert into perfume_note(perfume_id,note_id) values (198,(select note_id from note where name='geranium' and type='BASE'));insert into perfume_note(perfume_id,note_id) values (198,(select note_id from note where name='jasmine' and type='BASE'));insert into perfume_note(perfume_id,note_id) values (198,(select note_id from note where name='neroli' and type='BASE'));insert into perfume_note(perfume_id,note_id) values (198,(select note_id from note where name='ylangylang' and type='BASE'));insert into perfume(perfume_id,concentration,image,name,price,rating,gender,volume,brand_id) values( '199','EDP','perfumes/199.jpg',"Ameer Al Oud Khususi",3000,'4.1',0,'100.0',(select brand_id from brand where name="Al Fakhr"));insert into perfume_note(perfume_id,note_id) values( 199,(select note_id from note where name='woody' and type='TOP'));insert into perfume_note(perfume_id,note_id) values (199,(select note_id from note where name='cedarwood' and type='MIDDLE'));insert into perfume_note(perfume_id,note_id) values (199,(select note_id from note where name='sandalwood' and type='MIDDLE'));insert into perfume_note(perfume_id,note_id) values (199,(select note_id from note where name='cardamom' and type='BASE'));insert into perfume_note(perfume_id,note_id) values (199,(select note_id from note where name='black pepper' and type='BASE'));insert into perfume(perfume_id,concentration,image,name,price,rating,gender,volume,brand_id) values( '200','EDT','perfumes/200.jpg',"Touch Of Pink",3000,'5.0',0,'90.0',(select brand_id from brand where name="LACOSTE"));insert into perfume_note(perfume_id,note_id) values( 200,(select note_id from note where name='floral' and type='TOP'));insert into perfume_note(perfume_id,note_id) values (200,(select note_id from note where name='sandalwood' and type='MIDDLE'));insert into perfume_note(perfume_id,note_id) values (200,(select note_id from note where name='vanilla' and type='MIDDLE'));insert into perfume_note(perfume_id,note_id) values (200,(select note_id from note where name='musk' and type='MIDDLE'));insert into perfume_note(perfume_id,note_id) values (200,(select note_id from note where name='coriander' and type='BASE'));insert into perfume_note(perfume_id,note_id) values (200,(select note_id from note where name='violet leaf' and type='BASE'));insert into perfume_note(perfume_id,note_id) values (200,(select note_id from note where name='carrot seeds' and type='BASE'));insert into perfume_note(perfume_id,note_id) values (200,(select note_id from note where name='jasmine' and type='BASE'));insert into perfume_note(perfume_id,note_id) values (200,(select note_id from note where name='cardamom' and type='BASE'));insert into perfume(perfume_id,concentration,image,name,price,rating,gender,volume,brand_id) values( '201','EDP','perfumes/201.webp',"Addict",3000,'5.0',0,'100.0',(select brand_id from brand where name="Dior"));insert into perfume_note(perfume_id,note_id) values( 201,(select note_id from note where name='floral' and type='TOP'));insert into perfume_note(perfume_id,note_id) values (201,(select note_id from note where name='amber' and type='MIDDLE'));insert into perfume_note(perfume_id,note_id) values (201,(select note_id from note where name='caramel' and type='MIDDLE'));insert into perfume_note(perfume_id,note_id) values (201,(select note_id from note where name='pralines' and type='MIDDLE'));insert into perfume_note(perfume_id,note_id) values (201,(select note_id from note where name='sandalwood' and type='MIDDLE'));insert into perfume_note(perfume_id,note_id) values (201,(select note_id from note where name='vanilla' and type='MIDDLE'));insert into perfume_note(perfume_id,note_id) values (201,(select note_id from note where name='honeysuckle' and type='BASE'));insert into perfume_note(perfume_id,note_id) values (201,(select note_id from note where name='jasmine' and type='BASE'));insert into perfume_note(perfume_id,note_id) values (201,(select note_id from note where name='gardenia' and type='BASE'));insert into perfume(perfume_id,concentration,image,name,price,rating,gender,volume,brand_id) values( '202','EDT','perfumes/202.jpg',"My Burberry Bl",3000,'5.0',0,'90.0',(select brand_id from brand where name="BURBERRY"));insert into perfume_note(perfume_id,note_id) values( 202,(select note_id from note where name='floral' and type='TOP'));insert into perfume_note(perfume_id,note_id) values (202,(select note_id from note where name='patchouli' and type='MIDDLE'));insert into perfume_note(perfume_id,note_id) values (202,(select note_id from note where name='amber' and type='MIDDLE'));insert into perfume_note(perfume_id,note_id) values (202,(select note_id from note where name='rose' and type='BASE'));insert into perfume_note(perfume_id,note_id) values (202,(select note_id from note where name='peach' and type='BASE'));insert into perfume_note(perfume_id,note_id) values (202,(select note_id from note where name='candied' and type='BASE'));insert into perfume_note(perfume_id,note_id) values (202,(select note_id from note where name='nectar' and type='BASE'));insert into perfume(perfume_id,concentration,image,name,price,rating,gender,volume,brand_id) values( '203','EDT','perfumes/203.jpg',"Homme",3000,'4.7',0,'75.0',(select brand_id from brand where name="joop"));insert into perfume_note(perfume_id,note_id) values( 203,(select note_id from note where name='citrus' and type='TOP'));insert into perfume_note(perfume_id,note_id) values (203,(select note_id from note where name='patchouli' and type='MIDDLE'));insert into perfume_note(perfume_id,note_id) values (203,(select note_id from note where name='sandalwood' and type='MIDDLE'));insert into perfume_note(perfume_id,note_id) values (203,(select note_id from note where name='tonka bean' and type='MIDDLE'));insert into perfume_note(perfume_id,note_id) values (203,(select note_id from note where name='vanilla' and type='MIDDLE'));insert into perfume_note(perfume_id,note_id) values (203,(select note_id from note where name='cinnamon' and type='BASE'));insert into perfume_note(perfume_id,note_id) values (203,(select note_id from note where name='jasmine' and type='BASE'));insert into perfume_note(perfume_id,note_id) values (203,(select note_id from note where name='cardamom' and type='BASE'));insert into perfume_note(perfume_id,note_id) values (203,(select note_id from note where name='heliotrope' and type='BASE'));insert into perfume_note(perfume_id,note_id) values (203,(select note_id from note where name='lilyofthevalley' and type='BASE'));insert into perfume(perfume_id,concentration,image,name,price,rating,gender,volume,brand_id) values( '204','EDT','perfumes/204.jpg',"Creation",3000,'4.7',0,'100.0',(select brand_id from brand where name="TED LAPIDUS"));insert into perfume_note(perfume_id,note_id) values( 204,(select note_id from note where name='floral' and type='TOP'));insert into perfume_note(perfume_id,note_id) values (204,(select note_id from note where name='rose' and type='MIDDLE'));insert into perfume_note(perfume_id,note_id) values (204,(select note_id from note where name='jasmine' and type='MIDDLE'));insert into perfume_note(perfume_id,note_id) values (204,(select note_id from note where name='carnation' and type='MIDDLE'));insert into perfume_note(perfume_id,note_id) values (204,(select note_id from note where name='tuberose' and type='MIDDLE'));insert into perfume_note(perfume_id,note_id) values (204,(select note_id from note where name='rose' and type='BASE'));insert into perfume_note(perfume_id,note_id) values (204,(select note_id from note where name='jasmine' and type='BASE'));insert into perfume_note(perfume_id,note_id) values (204,(select note_id from note where name='carnation' and type='BASE'));insert into perfume_note(perfume_id,note_id) values (204,(select note_id from note where name='tuberose' and type='BASE'));insert into perfume(perfume_id,concentration,image,name,price,rating,gender,volume,brand_id) values( '205','EDT','perfumes/205.webp',"Esencia",3000,'5.0',0,'150.0',(select brand_id from brand where name="LOEWE"));insert into perfume_note(perfume_id,note_id) values( 205,(select note_id from note where name='woody' and type='TOP'));insert into perfume_note(perfume_id,note_id) values (205,(select note_id from note where name='amber' and type='MIDDLE'));insert into perfume_note(perfume_id,note_id) values (205,(select note_id from note where name='fir' and type='MIDDLE'));insert into perfume_note(perfume_id,note_id) values (205,(select note_id from note where name='styrax' and type='MIDDLE'));insert into perfume_note(perfume_id,note_id) values (205,(select note_id from note where name='vetiver' and type='MIDDLE'));insert into perfume_note(perfume_id,note_id) values (205,(select note_id from note where name='cedar' and type='MIDDLE'));insert into perfume_note(perfume_id,note_id) values (205,(select note_id from note where name='sandalwood' and type='MIDDLE'));insert into perfume_note(perfume_id,note_id) values (205,(select note_id from note where name='musk' and type='MIDDLE'));insert into perfume_note(perfume_id,note_id) values (205,(select note_id from note where name='patchouli' and type='MIDDLE'));insert into perfume_note(perfume_id,note_id) values (205,(select note_id from note where name='leather' and type='MIDDLE'));insert into perfume_note(perfume_id,note_id) values (205,(select note_id from note where name='tonka bean' and type='MIDDLE'));insert into perfume_note(perfume_id,note_id) values (205,(select note_id from note where name='oakmoss' and type='MIDDLE'));insert into perfume_note(perfume_id,note_id) values (205,(select note_id from note where name='valley' and type='BASE'));insert into perfume_note(perfume_id,note_id) values (205,(select note_id from note where name='clary sage' and type='BASE'));insert into perfume_note(perfume_id,note_id) values (205,(select note_id from note where name='the' and type='BASE'));insert into perfume_note(perfume_id,note_id) values (205,(select note_id from note where name='rose' and type='BASE'));insert into perfume_note(perfume_id,note_id) values (205,(select note_id from note where name='jasmine' and type='BASE'));insert into perfume_note(perfume_id,note_id) values (205,(select note_id from note where name='nutmeg' and type='BASE'));insert into perfume_note(perfume_id,note_id) values (205,(select note_id from note where name='lily' and type='BASE'));insert into perfume_note(perfume_id,note_id) values (205,(select note_id from note where name='pine tree needles' and type='BASE'));insert into perfume_note(perfume_id,note_id) values (205,(select note_id from note where name='black currant' and type='BASE'));insert into perfume_note(perfume_id,note_id) values (205,(select note_id from note where name='neroli' and type='BASE'));insert into perfume_note(perfume_id,note_id) values (205,(select note_id from note where name='geranium' and type='BASE'));insert into perfume_note(perfume_id,note_id) values (205,(select note_id from note where name='basil' and type='BASE'));insert into perfume(perfume_id,concentration,image,name,price,rating,gender,volume,brand_id) values( '206','EDT','perfumes/206.jpg',"Hot",3000,'5.0',0,'100.0',(select brand_id from brand where name="Benetton"));insert into perfume_note(perfume_id,note_id) values( 206,(select note_id from note where name='fruity' and type='TOP'));insert into perfume_note(perfume_id,note_id) values (206,(select note_id from note where name='amber' and type='MIDDLE'));insert into perfume_note(perfume_id,note_id) values (206,(select note_id from note where name='oak' and type='MIDDLE'));insert into perfume_note(perfume_id,note_id) values (206,(select note_id from note where name='cedar' and type='MIDDLE'));insert into perfume_note(perfume_id,note_id) values (206,(select note_id from note where name='sandalwood' and type='MIDDLE'));insert into perfume_note(perfume_id,note_id) values (206,(select note_id from note where name='vanilla' and type='MIDDLE'));insert into perfume_note(perfume_id,note_id) values (206,(select note_id from note where name='moss' and type='MIDDLE'));insert into perfume_note(perfume_id,note_id) values (206,(select note_id from note where name='musk' and type='MIDDLE'));insert into perfume_note(perfume_id,note_id) values (206,(select note_id from note where name='valley' and type='BASE'));insert into perfume_note(perfume_id,note_id) values (206,(select note_id from note where name='the' and type='BASE'));insert into perfume_note(perfume_id,note_id) values (206,(select note_id from note where name='iris' and type='BASE'));insert into perfume_note(perfume_id,note_id) values (206,(select note_id from note where name='jasmine' and type='BASE'));insert into perfume_note(perfume_id,note_id) values (206,(select note_id from note where name='apricot' and type='BASE'));insert into perfume_note(perfume_id,note_id) values (206,(select note_id from note where name='lily' and type='BASE'));insert into perfume_note(perfume_id,note_id) values (206,(select note_id from note where name='water' and type='BASE'));insert into perfume(perfume_id,concentration,image,name,price,rating,gender,volume,brand_id) values( '207','EDT','perfumes/207.jpg',"In White",3000,'4.8',0,'88.0',(select brand_id from brand where name="KORLOFF"));insert into perfume_note(perfume_id,note_id) values( 207,(select note_id from note where name='citrus' and type='TOP'));insert into perfume_note(perfume_id,note_id) values (207,(select note_id from note where name='cashmeran' and type='MIDDLE'));insert into perfume_note(perfume_id,note_id) values (207,(select note_id from note where name='virginia cedar' and type='MIDDLE'));insert into perfume_note(perfume_id,note_id) values (207,(select note_id from note where name='bean' and type='MIDDLE'));insert into perfume_note(perfume_id,note_id) values (207,(select note_id from note where name='musk' and type='MIDDLE'));insert into perfume_note(perfume_id,note_id) values (207,(select note_id from note where name='tonka' and type='MIDDLE'));insert into perfume_note(perfume_id,note_id) values (207,(select note_id from note where name='orange' and type='BASE'));insert into perfume_note(perfume_id,note_id) values (207,(select note_id from note where name='flower' and type='BASE'));insert into perfume_note(perfume_id,note_id) values (207,(select note_id from note where name='sage' and type='BASE'));insert into perfume_note(perfume_id,note_id) values (207,(select note_id from note where name='clary' and type='BASE'));insert into perfume_note(perfume_id,note_id) values (207,(select note_id from note where name='lavender' and type='BASE'));insert into perfume_note(perfume_id,note_id) values (207,(select note_id from note where name='african' and type='BASE'));insert into perfume(perfume_id,concentration,image,name,price,rating,gender,volume,brand_id) values( '208','EDP','perfumes/208.jpg',"Lacoste",3000,'4.6',0,'50.0',(select brand_id from brand where name="LACOSTE"));insert into perfume_note(perfume_id,note_id) values( 208,(select note_id from note where name='floral' and type='TOP'));insert into perfume_note(perfume_id,note_id) values (208,(select note_id from note where name='incense' and type='MIDDLE'));insert into perfume_note(perfume_id,note_id) values (208,(select note_id from note where name='sandal' and type='MIDDLE'));insert into perfume_note(perfume_id,note_id) values (208,(select note_id from note where name='warm woman skin accord' and type='MIDDLE'));insert into perfume_note(perfume_id,note_id) values (208,(select note_id from note where name='himalayan cedar' and type='MIDDLE'));insert into perfume_note(perfume_id,note_id) values (208,(select note_id from note where name='blossom' and type='BASE'));insert into perfume_note(perfume_id,note_id) values (208,(select note_id from note where name='rose' and type='BASE'));insert into perfume_note(perfume_id,note_id) values (208,(select note_id from note where name='jasmine' and type='BASE'));insert into perfume_note(perfume_id,note_id) values (208,(select note_id from note where name='alliance' and type='BASE'));insert into perfume_note(perfume_id,note_id) values (208,(select note_id from note where name='hibiscus' and type='BASE'));insert into perfume_note(perfume_id,note_id) values (208,(select note_id from note where name='heliotrope' and type='BASE'));insert into perfume_note(perfume_id,note_id) values (208,(select note_id from note where name='in' and type='BASE'));insert into perfume_note(perfume_id,note_id) values (208,(select note_id from note where name='bulgarian' and type='BASE'));insert into perfume_note(perfume_id,note_id) values (208,(select note_id from note where name='an' and type='BASE'));insert into perfume(perfume_id,concentration,image,name,price,rating,gender,volume,brand_id) values( '209','EDT','perfumes/209.jpg',"Lacoste",3000,'4.6',0,'100.0',(select brand_id from brand where name="LACOSTE"));insert into perfume_note(perfume_id,note_id) values( 209,(select note_id from note where name='citrus' and type='TOP'));insert into perfume_note(perfume_id,note_id) values (209,(select note_id from note where name='amber' and type='MIDDLE'));insert into perfume_note(perfume_id,note_id) values (209,(select note_id from note where name='woody notes' and type='MIDDLE'));insert into perfume_note(perfume_id,note_id) values (209,(select note_id from note where name='cedar' and type='MIDDLE'));insert into perfume_note(perfume_id,note_id) values (209,(select note_id from note where name='vanilla' and type='MIDDLE'));insert into perfume_note(perfume_id,note_id) values (209,(select note_id from note where name='musk' and type='MIDDLE'));insert into perfume_note(perfume_id,note_id) values (209,(select note_id from note where name='almond' and type='BASE'));insert into perfume_note(perfume_id,note_id) values (209,(select note_id from note where name='jasmine' and type='BASE'));insert into perfume_note(perfume_id,note_id) values (209,(select note_id from note where name='ginger' and type='BASE'));insert into perfume_note(perfume_id,note_id) values (209,(select note_id from note where name='black pepper' and type='BASE'));insert into perfume(perfume_id,concentration,image,name,price,rating,gender,volume,brand_id) values( '210','EDP','perfumes/210.jpg',"Love Touch",3000,'5.0',0,'100.0',(select brand_id from brand where name="Sedr Al-Khaleej Perfumes"));insert into perfume_note(perfume_id,note_id) values( 210,(select note_id from note where name='fresh' and type='TOP'));insert into perfume_note(perfume_id,note_id) values (210,(select note_id from note where name='musk' and type='MIDDLE'));insert into perfume_note(perfume_id,note_id) values (210,(select note_id from note where name='woody leather' and type='MIDDLE'));insert into perfume_note(perfume_id,note_id) values (210,(select note_id from note where name='rose' and type='BASE'));insert into perfume_note(perfume_id,note_id) values (210,(select note_id from note where name='tiare flower' and type='BASE'));insert into perfume(perfume_id,concentration,image,name,price,rating,gender,volume,brand_id) values( '211','EDP','perfumes/211.jpg',"My Burberry Blush",3000,'4.5',0,'90.0',(select brand_id from brand where name="BURBERRY"));insert into perfume_note(perfume_id,note_id) values( 211,(select note_id from note where name='arabian' and type='TOP'));insert into perfume_note(perfume_id,note_id) values (211,(select note_id from note where name='wisteria' and type='MIDDLE'));insert into perfume_note(perfume_id,note_id) values (211,(select note_id from note where name='jasmine' and type='MIDDLE'));insert into perfume_note(perfume_id,note_id) values (211,(select note_id from note where name='apple' and type='BASE'));insert into perfume_note(perfume_id,note_id) values (211,(select note_id from note where name='green' and type='BASE'));insert into perfume_note(perfume_id,note_id) values (211,(select note_id from note where name='geranium' and type='BASE'));insert into perfume_note(perfume_id,note_id) values (211,(select note_id from note where name='rose petals' and type='BASE'));insert into perfume(perfume_id,concentration,image,name,price,rating,gender,volume,brand_id) values( '212','EDP','perfumes/212.jpg',"Rouat Al Oud",3000,'4.3',0,'100.0',(select brand_id from brand where name="Lattafa"));insert into perfume_note(perfume_id,note_id) values( 212,(select note_id from note where name='spicy' and type='TOP'));insert into perfume_note(perfume_id,note_id) values (212,(select note_id from note where name='patchouli' and type='MIDDLE'));insert into perfume_note(perfume_id,note_id) values (212,(select note_id from note where name='cedarwood' and type='MIDDLE'));insert into perfume_note(perfume_id,note_id) values (212,(select note_id from note where name='vetiver' and type='MIDDLE'));insert into perfume_note(perfume_id,note_id) values (212,(select note_id from note where name='musk' and type='MIDDLE'));insert into perfume_note(perfume_id,note_id) values (212,(select note_id from note where name='cardamom' and type='BASE'));insert into perfume_note(perfume_id,note_id) values (212,(select note_id from note where name='spicy' and type='BASE'));insert into perfume_note(perfume_id,note_id) values (212,(select note_id from note where name='notes' and type='BASE'));insert into perfume(perfume_id,concentration,image,name,price,rating,gender,volume,brand_id) values( '213','EDP','perfumes/213.jpg',"Rumeur",3000,'5.0',0,'100.0',(select brand_id from brand where name="LANVIN"));insert into perfume_note(perfume_id,note_id) values( 213,(select note_id from note where name='floral' and type='TOP'));insert into perfume_note(perfume_id,note_id) values (213,(select note_id from note where name='patchouli' and type='MIDDLE'));insert into perfume_note(perfume_id,note_id) values (213,(select note_id from note where name='amber' and type='MIDDLE'));insert into perfume_note(perfume_id,note_id) values (213,(select note_id from note where name='musk' and type='MIDDLE'));insert into perfume_note(perfume_id,note_id) values (213,(select note_id from note where name='valley' and type='BASE'));insert into perfume_note(perfume_id,note_id) values (213,(select note_id from note where name='the' and type='BASE'));insert into perfume_note(perfume_id,note_id) values (213,(select note_id from note where name='rose' and type='BASE'));insert into perfume_note(perfume_id,note_id) values (213,(select note_id from note where name='jasmine' and type='BASE'));insert into perfume_note(perfume_id,note_id) values (213,(select note_id from note where name='plum' and type='BASE'));insert into perfume_note(perfume_id,note_id) values (213,(select note_id from note where name='lily' and type='BASE'));insert into perfume_note(perfume_id,note_id) values (213,(select note_id from note where name='orange blossom' and type='BASE'));insert into perfume(perfume_id,concentration,image,name,price,rating,gender,volume,brand_id) values( '214','EDP','perfumes/214.jpg',"Oud",3000,'4.2',0,'75.0',(select brand_id from brand where name="GUCCI"));insert into perfume_note(perfume_id,note_id) values( 214,(select note_id from note where name='spicy' and type='TOP'));insert into perfume_note(perfume_id,note_id) values (214,(select note_id from note where name='patchouli' and type='MIDDLE'));insert into perfume_note(perfume_id,note_id) values (214,(select note_id from note where name='oil' and type='MIDDLE'));insert into perfume_note(perfume_id,note_id) values (214,(select note_id from note where name='oud' and type='MIDDLE'));insert into perfume_note(perfume_id,note_id) values (214,(select note_id from note where name='natural' and type='MIDDLE'));insert into perfume_note(perfume_id,note_id) values (214,(select note_id from note where name='rose' and type='BASE'));insert into perfume_note(perfume_id,note_id) values (214,(select note_id from note where name='bulgarian' and type='BASE'));insert into perfume_note(perfume_id,note_id) values (214,(select note_id from note where name='orange' and type='BASE'));insert into perfume_note(perfume_id,note_id) values (214,(select note_id from note where name='flower' and type='BASE'));insert into perfume(perfume_id,concentration,image,name,price,rating,gender,volume,brand_id) values( '215','EDP','perfumes/215.jpg',"Love Story",3000,'4.0',0,'50.0',(select brand_id from brand where name="CHLOE"));insert into perfume_note(perfume_id,note_id) values( 215,(select note_id from note where name='floral' and type='TOP'));insert into perfume_note(perfume_id,note_id) values (215,(select note_id from note where name='amber' and type='MIDDLE'));insert into perfume_note(perfume_id,note_id) values (215,(select note_id from note where name='brazilian' and type='MIDDLE'));insert into perfume_note(perfume_id,note_id) values (215,(select note_id from note where name='vetiver' and type='MIDDLE'));insert into perfume_note(perfume_id,note_id) values (215,(select note_id from note where name='sandalwood' and type='MIDDLE'));insert into perfume_note(perfume_id,note_id) values (215,(select note_id from note where name='rosewood' and type='MIDDLE'));insert into perfume_note(perfume_id,note_id) values (215,(select note_id from note where name='musk' and type='MIDDLE'));insert into perfume_note(perfume_id,note_id) values (215,(select note_id from note where name='coriander' and type='BASE'));insert into perfume_note(perfume_id,note_id) values (215,(select note_id from note where name='jasmine' and type='BASE'));insert into perfume_note(perfume_id,note_id) values (215,(select note_id from note where name='sage' and type='BASE'));insert into perfume_note(perfume_id,note_id) values (215,(select note_id from note where name='lily' and type='BASE'));insert into perfume_note(perfume_id,note_id) values (215,(select note_id from note where name='geranium' and type='BASE'));insert into perfume_note(perfume_id,note_id) values (215,(select note_id from note where name='orange blossom' and type='BASE'));insert into perfume_note(perfume_id,note_id) values (215,(select note_id from note where name='lilyofthevalley' and type='BASE'));insert into perfume_note(perfume_id,note_id) values (215,(select note_id from note where name='basil' and type='BASE'));insert into perfume_note(perfume_id,note_id) values (215,(select note_id from note where name='juniper berries' and type='BASE'));insert into perfume(perfume_id,concentration,image,name,price,rating,gender,volume,brand_id) values( '216','EDT','perfumes/216.jpg',"Rumba",3000,'3.3',0,'100.0',(select brand_id from brand where name="TED LAPIDUS"));insert into perfume_note(perfume_id,note_id) values( 216,(select note_id from note where name='floral' and type='TOP'));insert into perfume_note(perfume_id,note_id) values (216,(select note_id from note where name='plum' and type='MIDDLE'));insert into perfume_note(perfume_id,note_id) values (216,(select note_id from note where name='styrax' and type='MIDDLE'));insert into perfume_note(perfume_id,note_id) values (216,(select note_id from note where name='leather tonka bean' and type='MIDDLE'));insert into perfume_note(perfume_id,note_id) values (216,(select note_id from note where name='cedar' and type='MIDDLE'));insert into perfume_note(perfume_id,note_id) values (216,(select note_id from note where name='sandalwood' and type='MIDDLE'));insert into perfume_note(perfume_id,note_id) values (216,(select note_id from note where name='vanilla' and type='MIDDLE'));insert into perfume_note(perfume_id,note_id) values (216,(select note_id from note where name='ambergris' and type='MIDDLE'));insert into perfume_note(perfume_id,note_id) values (216,(select note_id from note where name='musk' and type='MIDDLE'));insert into perfume_note(perfume_id,note_id) values (216,(select note_id from note where name='patchouli' and type='MIDDLE'));insert into perfume_note(perfume_id,note_id) values (216,(select note_id from note where name='oakmoss' and type='MIDDLE'));insert into perfume_note(perfume_id,note_id) values (216,(select note_id from note where name='valley' and type='BASE'));insert into perfume_note(perfume_id,note_id) values (216,(select note_id from note where name='gardenia' and type='BASE'));insert into perfume_note(perfume_id,note_id) values (216,(select note_id from note where name='the' and type='BASE'));insert into perfume_note(perfume_id,note_id) values (216,(select note_id from note where name='rose' and type='BASE'));insert into perfume_note(perfume_id,note_id) values (216,(select note_id from note where name='jasmine' and type='BASE'));insert into perfume_note(perfume_id,note_id) values (216,(select note_id from note where name='carnation' and type='BASE'));insert into perfume_note(perfume_id,note_id) values (216,(select note_id from note where name='orchid' and type='BASE'));insert into perfume_note(perfume_id,note_id) values (216,(select note_id from note where name='honey' and type='BASE'));insert into perfume_note(perfume_id,note_id) values (216,(select note_id from note where name='lily' and type='BASE'));insert into perfume_note(perfume_id,note_id) values (216,(select note_id from note where name='marigold' and type='BASE'));insert into perfume_note(perfume_id,note_id) values (216,(select note_id from note where name='magnolia' and type='BASE'));insert into perfume_note(perfume_id,note_id) values (216,(select note_id from note where name='heliotrope' and type='BASE'));insert into perfume_note(perfume_id,note_id) values (216,(select note_id from note where name='tuberose' and type='BASE'));insert into perfume(perfume_id,concentration,image,name,price,rating,gender,volume,brand_id) values( '217','EDP','perfumes/217.jpg',"Honour",3000,'5.0',0,'100.0',(select brand_id from brand where name="AMOUAGE"));insert into perfume_note(perfume_id,note_id) values( 217,(select note_id from note where name='spicy' and type='TOP'));insert into perfume_note(perfume_id,note_id) values (217,(select note_id from note where name='cedar' and type='MIDDLE'));insert into perfume_note(perfume_id,note_id) values (217,(select note_id from note where name='vetiver' and type='MIDDLE'));insert into perfume_note(perfume_id,note_id) values (217,(select note_id from note where name='musk' and type='MIDDLE'));insert into perfume_note(perfume_id,note_id) values (217,(select note_id from note where name='patchouli' and type='MIDDLE'));insert into perfume_note(perfume_id,note_id) values (217,(select note_id from note where name='tonka bean' and type='MIDDLE'));insert into perfume_note(perfume_id,note_id) values (217,(select note_id from note where name='frankincense' and type='MIDDLE'));insert into perfume_note(perfume_id,note_id) values (217,(select note_id from note where name='geranium' and type='BASE'));insert into perfume_note(perfume_id,note_id) values (217,(select note_id from note where name='elemi' and type='BASE'));insert into perfume_note(perfume_id,note_id) values (217,(select note_id from note where name='nutmeg' and type='BASE'));insert into perfume(perfume_id,concentration,image,name,price,rating,gender,volume,brand_id) values( '218','EDP','perfumes/218.jpg',"jimmy",3000,'5.0',0,'100.0',(select brand_id from brand where name="Jimmy Choo"));insert into perfume_note(perfume_id,note_id) values( 218,(select note_id from note where name='floral' and type='TOP'));insert into perfume_note(perfume_id,note_id) values (218,(select note_id from note where name='patchouli' and type='MIDDLE'));insert into perfume_note(perfume_id,note_id) values (218,(select note_id from note where name='coffee' and type='MIDDLE'));insert into perfume_note(perfume_id,note_id) values (218,(select note_id from note where name='orchid' and type='BASE'));insert into perfume(perfume_id,concentration,image,name,price,rating,gender,volume,brand_id) values( '219','EDT','perfumes/219.jpg',"Blue",3000,'4.3',0,'100.0',(select brand_id from brand where name="Rasasi"));insert into perfume_note(perfume_id,note_id) values( 219,(select note_id from note where name='spicy' and type='TOP'));insert into perfume_note(perfume_id,note_id) values (219,(select note_id from note where name='amber' and type='MIDDLE'));insert into perfume_note(perfume_id,note_id) values (219,(select note_id from note where name='woody' and type='MIDDLE'));insert into perfume_note(perfume_id,note_id) values (219,(select note_id from note where name='pepper' and type='BASE'));insert into perfume_note(perfume_id,note_id) values (219,(select note_id from note where name='coriander' and type='BASE'));insert into perfume_note(perfume_id,note_id) values (219,(select note_id from note where name='rose' and type='BASE'));insert into perfume_note(perfume_id,note_id) values (219,(select note_id from note where name='jasmine' and type='BASE'));insert into perfume_note(perfume_id,note_id) values (219,(select note_id from note where name='geranium' and type='BASE'));insert into perfume(perfume_id,concentration,image,name,price,rating,gender,volume,brand_id) values( '220','EDT','perfumes/220.jpg',"Desire Silver",3000,'5.0',0,'100.0',(select brand_id from brand where name="Dunhill"));insert into perfume_note(perfume_id,note_id) values( 220,(select note_id from note where name='floral' and type='TOP'));insert into perfume_note(perfume_id,note_id) values (220,(select note_id from note where name='birch' and type='MIDDLE'));insert into perfume_note(perfume_id,note_id) values (220,(select note_id from note where name='amber' and type='MIDDLE'));insert into perfume_note(perfume_id,note_id) values (220,(select note_id from note where name='vetiver' and type='MIDDLE'));insert into perfume_note(perfume_id,note_id) values (220,(select note_id from note where name='cardamom' and type='BASE'));insert into perfume_note(perfume_id,note_id) values (220,(select note_id from note where name='water notes' and type='BASE'));insert into perfume_note(perfume_id,note_id) values (220,(select note_id from note where name='violet leaf' and type='BASE'));insert into perfume(perfume_id,concentration,image,name,price,rating,gender,volume,brand_id) values( '221','EDP','perfumes/221.jpg',"Euphoria Amber Gold",3000,'5.0',0,'100.0',(select brand_id from brand where name="Calvin Klein"));insert into perfume_note(perfume_id,note_id) values( 221,(select note_id from note where name='arabian' and type='TOP'));insert into perfume_note(perfume_id,note_id) values (221,(select note_id from note where name='mint' and type='MIDDLE'));insert into perfume_note(perfume_id,note_id) values (221,(select note_id from note where name='moss' and type='MIDDLE'));insert into perfume_note(perfume_id,note_id) values (221,(select note_id from note where name='wood' and type='MIDDLE'));insert into perfume_note(perfume_id,note_id) values (221,(select note_id from note where name='lemon' and type='MIDDLE'));insert into perfume_note(perfume_id,note_id) values (221,(select note_id from note where name='cedar' and type='BASE'));insert into perfume_note(perfume_id,note_id) values (221,(select note_id from note where name='sandalwood' and type='BASE'));insert into perfume(perfume_id,concentration,image,name,price,rating,gender,volume,brand_id) values( '222','EDP','perfumes/222.jpg',"Fantasy",3000,'5.0',0,'100.0',(select brand_id from brand where name="Britney Spears"));insert into perfume_note(perfume_id,note_id) values( 222,(select note_id from note where name='floral' and type='TOP'));insert into perfume_note(perfume_id,note_id) values (222,(select note_id from note where name='sensual woods' and type='MIDDLE'));insert into perfume_note(perfume_id,note_id) values (222,(select note_id from note where name='creamy musk' and type='MIDDLE'));insert into perfume_note(perfume_id,note_id) values (222,(select note_id from note where name='orris root' and type='MIDDLE'));insert into perfume_note(perfume_id,note_id) values (222,(select note_id from note where name='cupcakes' and type='BASE'));insert into perfume_note(perfume_id,note_id) values (222,(select note_id from note where name='jasmine petals' and type='BASE'));insert into perfume_note(perfume_id,note_id) values (222,(select note_id from note where name='white chocolate orchid' and type='BASE'));insert into perfume(perfume_id,concentration,image,name,price,rating,gender,volume,brand_id) values( '223','EDP','perfumes/223.jpg',"Guilty Absolute",3000,'4.3',0,'90.0',(select brand_id from brand where name="GUCCI"));insert into perfume_note(perfume_id,note_id) values( 223,(select note_id from note where name='woody' and type='TOP'));insert into perfume_note(perfume_id,note_id) values (223,(select note_id from note where name='vetiver' and type='MIDDLE'));insert into perfume_note(perfume_id,note_id) values (223,(select note_id from note where name='notes' and type='MIDDLE'));insert into perfume_note(perfume_id,note_id) values (223,(select note_id from note where name='woody' and type='MIDDLE'));insert into perfume_note(perfume_id,note_id) values (223,(select note_id from note where name='patchouli' and type='BASE'));insert into perfume_note(perfume_id,note_id) values (223,(select note_id from note where name='cypress' and type='BASE'));insert into perfume(perfume_id,concentration,image,name,price,rating,gender,volume,brand_id) values( '224','EDT','perfumes/224.jpg',"Homme",3000,'4.2',0,'125.0',(select brand_id from brand where name="joop"));insert into perfume_note(perfume_id,note_id) values( 224,(select note_id from note where name='citrus' and type='TOP'));insert into perfume_note(perfume_id,note_id) values (224,(select note_id from note where name='patchouli' and type='MIDDLE'));insert into perfume_note(perfume_id,note_id) values (224,(select note_id from note where name='sandalwood' and type='MIDDLE'));insert into perfume_note(perfume_id,note_id) values (224,(select note_id from note where name='vanilla' and type='MIDDLE'));insert into perfume_note(perfume_id,note_id) values (224,(select note_id from note where name='tonka beans' and type='MIDDLE'));insert into perfume_note(perfume_id,note_id) values (224,(select note_id from note where name='valley' and type='BASE'));insert into perfume_note(perfume_id,note_id) values (224,(select note_id from note where name='the' and type='BASE'));insert into perfume_note(perfume_id,note_id) values (224,(select note_id from note where name='cinnamon' and type='BASE'));insert into perfume_note(perfume_id,note_id) values (224,(select note_id from note where name='jasmine' and type='BASE'));insert into perfume_note(perfume_id,note_id) values (224,(select note_id from note where name='cardamom' and type='BASE'));insert into perfume_note(perfume_id,note_id) values (224,(select note_id from note where name='lily' and type='BASE'));insert into perfume_note(perfume_id,note_id) values (224,(select note_id from note where name='heliotrope' and type='BASE'));insert into perfume(perfume_id,concentration,image,name,price,rating,gender,volume,brand_id) values( '225','EDT','perfumes/225.jpg',"Obsession",3000,'3.0',0,'125.0',(select brand_id from brand where name="Calvin Klein"));insert into perfume_note(perfume_id,note_id) values( 225,(select note_id from note where name='spicy' and type='TOP'));insert into perfume_note(perfume_id,note_id) values (225,(select note_id from note where name='amber' and type='MIDDLE'));insert into perfume_note(perfume_id,note_id) values (225,(select note_id from note where name='sandalwood' and type='MIDDLE'));insert into perfume_note(perfume_id,note_id) values (225,(select note_id from note where name='vanilla' and type='MIDDLE'));insert into perfume_note(perfume_id,note_id) values (225,(select note_id from note where name='musk' and type='MIDDLE'));insert into perfume_note(perfume_id,note_id) values (225,(select note_id from note where name='patchouli' and type='MIDDLE'));insert into perfume_note(perfume_id,note_id) values (225,(select note_id from note where name='sage' and type='BASE'));insert into perfume_note(perfume_id,note_id) values (225,(select note_id from note where name='pine' and type='BASE'));insert into perfume_note(perfume_id,note_id) values (225,(select note_id from note where name='nutmeg' and type='BASE'));insert into perfume_note(perfume_id,note_id) values (225,(select note_id from note where name='brazilian rosewood' and type='BASE'));insert into perfume_note(perfume_id,note_id) values (225,(select note_id from note where name='myrrh' and type='BASE'));insert into perfume_note(perfume_id,note_id) values (225,(select note_id from note where name='tree' and type='BASE'));insert into perfume(perfume_id,concentration,image,name,price,rating,gender,volume,brand_id) values( '226','EDP','perfumes/226.jpg',"Guess Pink",3000,'5.0',0,'75.0',(select brand_id from brand where name="GUESS"));insert into perfume_note(perfume_id,note_id) values( 226,(select note_id from note where name='fruity' and type='TOP'));insert into perfume_note(perfume_id,note_id) values (226,(select note_id from note where name='cedar' and type='MIDDLE'));insert into perfume_note(perfume_id,note_id) values (226,(select note_id from note where name='amber' and type='MIDDLE'));insert into perfume_note(perfume_id,note_id) values (226,(select note_id from note where name='oakmoss' and type='MIDDLE'));insert into perfume_note(perfume_id,note_id) values (226,(select note_id from note where name='valley' and type='BASE'));insert into perfume_note(perfume_id,note_id) values (226,(select note_id from note where name='peach' and type='BASE'));insert into perfume_note(perfume_id,note_id) values (226,(select note_id from note where name='peony' and type='BASE'));insert into perfume_note(perfume_id,note_id) values (226,(select note_id from note where name='the' and type='BASE'));insert into perfume_note(perfume_id,note_id) values (226,(select note_id from note where name='jasmine' and type='BASE'));insert into perfume_note(perfume_id,note_id) values (226,(select note_id from note where name='lily' and type='BASE'));insert into perfume_note(perfume_id,note_id) values (226,(select note_id from note where name='ylang' and type='BASE'));insert into perfume_note(perfume_id,note_id) values (226,(select note_id from note where name='magnolia' and type='BASE'));insert into perfume_note(perfume_id,note_id) values (226,(select note_id from note where name='freesia' and type='BASE'));insert into perfume(perfume_id,concentration,image,name,price,rating,gender,volume,brand_id) values( '227','EDT','perfumes/227.jpg',"One Shock",3000,'5.0',0,'200.0',(select brand_id from brand where name="Calvin Klein"));insert into perfume_note(perfume_id,note_id) values( 227,(select note_id from note where name='spicy' and type='TOP'));insert into perfume_note(perfume_id,note_id) values (227,(select note_id from note where name='vetiver' and type='MIDDLE'));insert into perfume_note(perfume_id,note_id) values (227,(select note_id from note where name='sandalwood' and type='MIDDLE'));insert into perfume_note(perfume_id,note_id) values (227,(select note_id from note where name='amber' and type='MIDDLE'));insert into perfume_note(perfume_id,note_id) values (227,(select note_id from note where name='black basil' and type='BASE'));insert into perfume_note(perfume_id,note_id) values (227,(select note_id from note where name='cardamom' and type='BASE'));insert into perfume_note(perfume_id,note_id) values (227,(select note_id from note where name='osmanthus' and type='BASE'));insert into perfume_note(perfume_id,note_id) values (227,(select note_id from note where name='black pepper' and type='BASE'));insert into perfume(perfume_id,concentration,image,name,price,rating,gender,volume,brand_id) values( '228','EDP','perfumes/228.jpg',"Idol",3000,'5.0',0,'50.0',(select brand_id from brand where name="Lancome"));insert into perfume_note(perfume_id,note_id) values( 228,(select note_id from note where name='floral' and type='TOP'));insert into perfume_note(perfume_id,note_id) values (228,(select note_id from note where name='vanilla' and type='MIDDLE'));insert into perfume_note(perfume_id,note_id) values (228,(select note_id from note where name='white musk' and type='MIDDLE'));insert into perfume_note(perfume_id,note_id) values (228,(select note_id from note where name='de' and type='BASE'));insert into perfume_note(perfume_id,note_id) values (228,(select note_id from note where name='mai' and type='BASE'));insert into perfume_note(perfume_id,note_id) values (228,(select note_id from note where name='turkish rose' and type='BASE'));insert into perfume_note(perfume_id,note_id) values (228,(select note_id from note where name='rose' and type='BASE'));insert into perfume_note(perfume_id,note_id) values (228,(select note_id from note where name='jasmine' and type='BASE'));insert into perfume_note(perfume_id,note_id) values (228,(select note_id from note where name='indian' and type='BASE'));insert into perfume(perfume_id,concentration,image,name,price,rating,gender,volume,brand_id) values( '229','EDP','perfumes/229.jpg',"The Only One 2",3000,'4.3',0,'100.0',(select brand_id from brand where name="Dolce & Gabbana"));insert into perfume_note(perfume_id,note_id) values( 229,(select note_id from note where name='floral' and type='TOP'));insert into perfume_note(perfume_id,note_id) values (229,(select note_id from note where name='patchouli' and type='MIDDLE'));insert into perfume_note(perfume_id,note_id) values (229,(select note_id from note where name='amber woods' and type='MIDDLE'));insert into perfume_note(perfume_id,note_id) values (229,(select note_id from note where name='ambergris' and type='MIDDLE'));insert into perfume_note(perfume_id,note_id) values (229,(select note_id from note where name='tonka' and type='MIDDLE'));insert into perfume_note(perfume_id,note_id) values (229,(select note_id from note where name='coffee' and type='BASE'));insert into perfume_note(perfume_id,note_id) values (229,(select note_id from note where name='violet' and type='BASE'));insert into perfume_note(perfume_id,note_id) values (229,(select note_id from note where name='red rose' and type='BASE'));insert into perfume(perfume_id,concentration,image,name,price,rating,gender,volume,brand_id) values( '230','EDP','perfumes/230.jpg',"Declaration",3000,'5.0',0,'100.0',(select brand_id from brand where name="CARTIER"));insert into perfume_note(perfume_id,note_id) values( 230,(select note_id from note where name='fruity' and type='TOP'));insert into perfume_note(perfume_id,note_id) values (230,(select note_id from note where name='benzointolu' and type='MIDDLE'));insert into perfume_note(perfume_id,note_id) values (230,(select note_id from note where name='cedar' and type='MIDDLE'));insert into perfume_note(perfume_id,note_id) values (230,(select note_id from note where name='amberwood' and type='MIDDLE'));insert into perfume_note(perfume_id,note_id) values (230,(select note_id from note where name='leather' and type='MIDDLE'));insert into perfume_note(perfume_id,note_id) values (230,(select note_id from note where name='balsam vetiver' and type='MIDDLE'));insert into perfume_note(perfume_id,note_id) values (230,(select note_id from note where name='cardamom' and type='BASE'));insert into perfume_note(perfume_id,note_id) values (230,(select note_id from note where name='cumin' and type='BASE'));insert into perfume_note(perfume_id,note_id) values (230,(select note_id from note where name='spices' and type='BASE'));insert into perfume(perfume_id,concentration,image,name,price,rating,gender,volume,brand_id) values( '231','EDT','perfumes/231.jpg',"Man",3000,'5.0',0,'125.0',(select brand_id from brand where name="Marbert"));insert into perfume_note(perfume_id,note_id) values( 231,(select note_id from note where name='woody' and type='TOP'));insert into perfume_note(perfume_id,note_id) values (231,(select note_id from note where name='amber' and type='MIDDLE'));insert into perfume_note(perfume_id,note_id) values (231,(select note_id from note where name='virginia cedar' and type='MIDDLE'));insert into perfume_note(perfume_id,note_id) values (231,(select note_id from note where name='oak moss' and type='MIDDLE'));insert into perfume_note(perfume_id,note_id) values (231,(select note_id from note where name='sandalwood' and type='MIDDLE'));insert into perfume_note(perfume_id,note_id) values (231,(select note_id from note where name='musk' and type='MIDDLE'));insert into perfume_note(perfume_id,note_id) values (231,(select note_id from note where name='patchouli' and type='MIDDLE'));insert into perfume_note(perfume_id,note_id) values (231,(select note_id from note where name='leather' and type='MIDDLE'));insert into perfume_note(perfume_id,note_id) values (231,(select note_id from note where name='valley' and type='BASE'));insert into perfume_note(perfume_id,note_id) values (231,(select note_id from note where name='coriander' and type='BASE'));insert into perfume_note(perfume_id,note_id) values (231,(select note_id from note where name='the' and type='BASE'));insert into perfume_note(perfume_id,note_id) values (231,(select note_id from note where name='jasmine' and type='BASE'));insert into perfume_note(perfume_id,note_id) values (231,(select note_id from note where name='nutmeg' and type='BASE'));insert into perfume_note(perfume_id,note_id) values (231,(select note_id from note where name='lily' and type='BASE'));insert into perfume_note(perfume_id,note_id) values (231,(select note_id from note where name='majorjam' and type='BASE'));insert into perfume_note(perfume_id,note_id) values (231,(select note_id from note where name='geranium' and type='BASE'));insert into perfume(perfume_id,concentration,image,name,price,rating,gender,volume,brand_id) values( '232','EDT','perfumes/232.jpg',"One Shock",3000,'5.0',0,'200.0',(select brand_id from brand where name="Calvin Klein"));insert into perfume_note(perfume_id,note_id) values( 232,(select note_id from note where name='spicy' and type='TOP'));insert into perfume_note(perfume_id,note_id) values (232,(select note_id from note where name='patchouli' and type='MIDDLE'));insert into perfume_note(perfume_id,note_id) values (232,(select note_id from note where name='tobacco' and type='MIDDLE'));insert into perfume_note(perfume_id,note_id) values (232,(select note_id from note where name='amber' and type='MIDDLE'));insert into perfume_note(perfume_id,note_id) values (232,(select note_id from note where name='musk' and type='MIDDLE'));insert into perfume_note(perfume_id,note_id) values (232,(select note_id from note where name='lively' and type='BASE'));insert into perfume_note(perfume_id,note_id) values (232,(select note_id from note where name='resinous' and type='BASE'));insert into perfume_note(perfume_id,note_id) values (232,(select note_id from note where name='black' and type='BASE'));insert into perfume_note(perfume_id,note_id) values (232,(select note_id from note where name='cardamom' and type='BASE'));insert into perfume_note(perfume_id,note_id) values (232,(select note_id from note where name='black pepper' and type='BASE'));insert into perfume_note(perfume_id,note_id) values (232,(select note_id from note where name='basil' and type='BASE'));insert into perfume(perfume_id,concentration,image,name,price,rating,gender,volume,brand_id) values( '233','EDT','perfumes/233.jpg',"Brit Rhythm Intense",3000,'4.6',0,'90.0',(select brand_id from brand where name="BURBERRY"));insert into perfume_note(perfume_id,note_id) values( 233,(select note_id from note where name='spicy' and type='TOP'));insert into perfume_note(perfume_id,note_id) values (233,(select note_id from note where name='guaiac wood' and type='MIDDLE'));insert into perfume_note(perfume_id,note_id) values (233,(select note_id from note where name='tonka beans' and type='MIDDLE'));insert into perfume_note(perfume_id,note_id) values (233,(select note_id from note where name='cashmere wood' and type='MIDDLE'));insert into perfume_note(perfume_id,note_id) values (233,(select note_id from note where name='coumarin' and type='MIDDLE'));insert into perfume_note(perfume_id,note_id) values (233,(select note_id from note where name='sandalwood' and type='MIDDLE'));insert into perfume_note(perfume_id,note_id) values (233,(select note_id from note where name='vanilla' and type='MIDDLE'));insert into perfume_note(perfume_id,note_id) values (233,(select note_id from note where name='leather' and type='MIDDLE'));insert into perfume_note(perfume_id,note_id) values (233,(select note_id from note where name='amber' and type='BASE'));insert into perfume_note(perfume_id,note_id) values (233,(select note_id from note where name='lavender' and type='BASE'));insert into perfume_note(perfume_id,note_id) values (233,(select note_id from note where name='mint' and type='BASE'));insert into perfume_note(perfume_id,note_id) values (233,(select note_id from note where name='patchouli' and type='BASE'));insert into perfume_note(perfume_id,note_id) values (233,(select note_id from note where name='basil' and type='BASE'));insert into perfume(perfume_id,concentration,image,name,price,rating,gender,volume,brand_id) values( '234','EDT','perfumes/234.jpg',"Cold Silver",3000,'4.8',0,'100.0',(select brand_id from brand where name="UNITED COLORS OF BENETTON"));insert into perfume_note(perfume_id,note_id) values( 234,(select note_id from note where name='fresh' and type='TOP'));insert into perfume_note(perfume_id,note_id) values (234,(select note_id from note where name='amber' and type='MIDDLE'));insert into perfume_note(perfume_id,note_id) values (234,(select note_id from note where name='silver moss' and type='MIDDLE'));insert into perfume_note(perfume_id,note_id) values (234,(select note_id from note where name='musk' and type='MIDDLE'));insert into perfume_note(perfume_id,note_id) values (234,(select note_id from note where name='mineral' and type='MIDDLE'));insert into perfume_note(perfume_id,note_id) values (234,(select note_id from note where name='cardamom' and type='BASE'));insert into perfume_note(perfume_id,note_id) values (234,(select note_id from note where name='sage' and type='BASE'));insert into perfume_note(perfume_id,note_id) values (234,(select note_id from note where name='driftwood' and type='BASE'));insert into perfume_note(perfume_id,note_id) values (234,(select note_id from note where name='silver' and type='BASE'));insert into perfume(perfume_id,concentration,image,name,price,rating,gender,volume,brand_id) values( '235','EDP','perfumes/235.webp',"Miracle",3000,'5.0',0,'100.0',(select brand_id from brand where name="Lancome"));insert into perfume_note(perfume_id,note_id) values( 235,(select note_id from note where name='arabian' and type='TOP'));insert into perfume_note(perfume_id,note_id) values (235,(select note_id from note where name='amber' and type='MIDDLE'));insert into perfume_note(perfume_id,note_id) values (235,(select note_id from note where name='jasmine' and type='MIDDLE'));insert into perfume_note(perfume_id,note_id) values (235,(select note_id from note where name='musk' and type='MIDDLE'));insert into perfume_note(perfume_id,note_id) values (235,(select note_id from note where name='pepper' and type='BASE'));insert into perfume_note(perfume_id,note_id) values (235,(select note_id from note where name='jasmine' and type='BASE'));insert into perfume_note(perfume_id,note_id) values (235,(select note_id from note where name='magnolia' and type='BASE'));insert into perfume_note(perfume_id,note_id) values (235,(select note_id from note where name='mandarin orange' and type='BASE'));insert into perfume_note(perfume_id,note_id) values (235,(select note_id from note where name='ginger' and type='BASE'));insert into perfume(perfume_id,concentration,image,name,price,rating,gender,volume,brand_id) values( '236','EDP','perfumes/236.jpg',"Rose Malaki",3000,'4.3',0,'80.0',(select brand_id from brand where name="CHOPARD"));insert into perfume_note(perfume_id,note_id) values( 236,(select note_id from note where name='spicy' and type='TOP'));insert into perfume_note(perfume_id,note_id) values (236,(select note_id from note where name='patchouli' and type='MIDDLE'));insert into perfume_note(perfume_id,note_id) values (236,(select note_id from note where name='cedarwood' and type='MIDDLE'));insert into perfume_note(perfume_id,note_id) values (236,(select note_id from note where name='vanilla' and type='MIDDLE'));insert into perfume_note(perfume_id,note_id) values (236,(select note_id from note where name='smoky' and type='BASE'));insert into perfume_note(perfume_id,note_id) values (236,(select note_id from note where name='rose absolu' and type='BASE'));insert into perfume_note(perfume_id,note_id) values (236,(select note_id from note where name='rose' and type='BASE'));insert into perfume_note(perfume_id,note_id) values (236,(select note_id from note where name='petal' and type='BASE'));insert into perfume_note(perfume_id,note_id) values (236,(select note_id from note where name='accord' and type='BASE'));insert into perfume_note(perfume_id,note_id) values (236,(select note_id from note where name='leather' and type='BASE'));insert into perfume(perfume_id,concentration,image,name,price,rating,gender,volume,brand_id) values( '237','EDT','perfumes/237.jpg',"Blanc Pour Homme",3000,'5.0',0,'100.0',(select brand_id from brand where name="LACOSTE"));insert into perfume_note(perfume_id,note_id) values( 237,(select note_id from note where name='woody' and type='TOP'));insert into perfume_note(perfume_id,note_id) values (237,(select note_id from note where name='cedar' and type='MIDDLE'));insert into perfume_note(perfume_id,note_id) values (237,(select note_id from note where name='leather' and type='MIDDLE'));insert into perfume_note(perfume_id,note_id) values (237,(select note_id from note where name='suede' and type='MIDDLE'));insert into perfume_note(perfume_id,note_id) values (237,(select note_id from note where name='ylangylang' and type='BASE'));insert into perfume_note(perfume_id,note_id) values (237,(select note_id from note where name='mexican' and type='BASE'));insert into perfume_note(perfume_id,note_id) values (237,(select note_id from note where name='tuberose' and type='BASE'));insert into perfume(perfume_id,concentration,image,name,price,rating,gender,volume,brand_id) values( '238','EDT','perfumes/238.jpg',"Classic Red",3000,'4.4',0,'100.0',(select brand_id from brand where name="JAGUAR"));insert into perfume_note(perfume_id,note_id) values( 238,(select note_id from note where name='fruity' and type='TOP'));insert into perfume_note(perfume_id,note_id) values (238,(select note_id from note where name='amber' and type='MIDDLE'));insert into perfume_note(perfume_id,note_id) values (238,(select note_id from note where name='cedar' and type='MIDDLE'));insert into perfume_note(perfume_id,note_id) values (238,(select note_id from note where name='vanilla' and type='MIDDLE'));insert into perfume_note(perfume_id,note_id) values (238,(select note_id from note where name='tonka' and type='MIDDLE'));insert into perfume_note(perfume_id,note_id) values (238,(select note_id from note where name='patchouli' and type='MIDDLE'));insert into perfume_note(perfume_id,note_id) values (238,(select note_id from note where name='pepper' and type='BASE'));insert into perfume_note(perfume_id,note_id) values (238,(select note_id from note where name='ozonic notes' and type='BASE'));insert into perfume_note(perfume_id,note_id) values (238,(select note_id from note where name='jasmine' and type='BASE'));insert into perfume(perfume_id,concentration,image,name,price,rating,gender,volume,brand_id) values( '239','EDP','perfumes/239.jpg',"La Vie Est Belle",3000,'5.0',0,'50.0',(select brand_id from brand where name="Lancome"));insert into perfume_note(perfume_id,note_id) values( 239,(select note_id from note where name='floral' and type='TOP'));insert into perfume_note(perfume_id,note_id) values (239,(select note_id from note where name='patchouli' and type='MIDDLE'));insert into perfume_note(perfume_id,note_id) values (239,(select note_id from note where name='tonka bean' and type='MIDDLE'));insert into perfume_note(perfume_id,note_id) values (239,(select note_id from note where name='vanilla' and type='MIDDLE'));insert into perfume_note(perfume_id,note_id) values (239,(select note_id from note where name='praline' and type='MIDDLE'));insert into perfume_note(perfume_id,note_id) values (239,(select note_id from note where name='orange blossom' and type='BASE'));insert into perfume_note(perfume_id,note_id) values (239,(select note_id from note where name='jasmine' and type='BASE'));insert into perfume_note(perfume_id,note_id) values (239,(select note_id from note where name='iris' and type='BASE'));insert into perfume(perfume_id,concentration,image,name,price,rating,gender,volume,brand_id) values( '240','EDP','perfumes/240.jpg',"Dahlia Divin Nude",3000,'4.5',0,'75.0',(select brand_id from brand where name="Givenchy"));insert into perfume_note(perfume_id,note_id) values( 240,(select note_id from note where name='fresh' and type='TOP'));insert into perfume_note(perfume_id,note_id) values (240,(select note_id from note where name='rose' and type='MIDDLE'));insert into perfume_note(perfume_id,note_id) values (240,(select note_id from note where name='vanilla' and type='MIDDLE'));insert into perfume_note(perfume_id,note_id) values (240,(select note_id from note where name='ginger' and type='MIDDLE'));insert into perfume_note(perfume_id,note_id) values (240,(select note_id from note where name='cardamom' and type='BASE'));insert into perfume_note(perfume_id,note_id) values (240,(select note_id from note where name='rosemary' and type='BASE'));insert into perfume_note(perfume_id,note_id) values (240,(select note_id from note where name='pine' and type='BASE'));insert into perfume_note(perfume_id,note_id) values (240,(select note_id from note where name='lavender' and type='BASE'));insert into perfume(perfume_id,concentration,image,name,price,rating,gender,volume,brand_id) values( '241','EDT','perfumes/241.jpg',"The One",3000,'4.7',0,'100.0',(select brand_id from brand where name="Dolce & Gabbana"));insert into perfume_note(perfume_id,note_id) values( 241,(select note_id from note where name='spicy' and type='TOP'));insert into perfume_note(perfume_id,note_id) values (241,(select note_id from note where name='cedar wood' and type='MIDDLE'));insert into perfume_note(perfume_id,note_id) values (241,(select note_id from note where name='ambery' and type='MIDDLE'));insert into perfume_note(perfume_id,note_id) values (241,(select note_id from note where name='cardamom' and type='BASE'));insert into perfume_note(perfume_id,note_id) values (241,(select note_id from note where name='ginger' and type='BASE'));insert into perfume(perfume_id,concentration,image,name,price,rating,gender,volume,brand_id) values( '242','EDP','perfumes/242.webp',"Private Collection",3000,'4.6',0,'50.0',(select brand_id from brand where name="Estee Lauder"));insert into perfume_note(perfume_id,note_id) values( 242,(select note_id from note where name='floral' and type='TOP'));insert into perfume_note(perfume_id,note_id) values (242,(select note_id from note where name='sandalwood' and type='MIDDLE'));insert into perfume_note(perfume_id,note_id) values (242,(select note_id from note where name='amber' and type='MIDDLE'));insert into perfume_note(perfume_id,note_id) values (242,(select note_id from note where name='heliotrope' and type='MIDDLE'));insert into perfume_note(perfume_id,note_id) values (242,(select note_id from note where name='musk' and type='MIDDLE'));insert into perfume_note(perfume_id,note_id) values (242,(select note_id from note where name='coriander' and type='BASE'));insert into perfume_note(perfume_id,note_id) values (242,(select note_id from note where name='reseda' and type='BASE'));insert into perfume_note(perfume_id,note_id) values (242,(select note_id from note where name='ylangylang' and type='BASE'));insert into perfume_note(perfume_id,note_id) values (242,(select note_id from note where name='chrysanthemum' and type='BASE'));insert into perfume_note(perfume_id,note_id) values (242,(select note_id from note where name='bulgarian rose' and type='BASE'));insert into perfume(perfume_id,concentration,image,name,price,rating,gender,volume,brand_id) values( '243','EDT','perfumes/243.jpg',"United Colors Of Benetton Hot",3000,'4.0',0,'100.0',(select brand_id from brand where name="UNITED COLORS OF BENETTON"));insert into perfume_note(perfume_id,note_id) values( 243,(select note_id from note where name='woody' and type='TOP'));insert into perfume_note(perfume_id,note_id) values (243,(select note_id from note where name='amber' and type='MIDDLE'));insert into perfume_note(perfume_id,note_id) values (243,(select note_id from note where name='cedar' and type='MIDDLE'));insert into perfume_note(perfume_id,note_id) values (243,(select note_id from note where name='sandalwood' and type='MIDDLE'));insert into perfume_note(perfume_id,note_id) values (243,(select note_id from note where name='vanilla' and type='MIDDLE'));insert into perfume_note(perfume_id,note_id) values (243,(select note_id from note where name='musk' and type='MIDDLE'));insert into perfume_note(perfume_id,note_id) values (243,(select note_id from note where name='oakmoss' and type='MIDDLE'));insert into perfume_note(perfume_id,note_id) values (243,(select note_id from note where name='water jasmine' and type='BASE'));insert into perfume_note(perfume_id,note_id) values (243,(select note_id from note where name='lilyofthevalley' and type='BASE'));insert into perfume_note(perfume_id,note_id) values (243,(select note_id from note where name='apricot' and type='BASE'));insert into perfume_note(perfume_id,note_id) values (243,(select note_id from note where name='iris' and type='BASE'));insert into perfume(perfume_id,concentration,image,name,price,rating,gender,volume,brand_id) values( '244','EDT','perfumes/244.jpg',"Cold",3000,'4.4',0,'100.0',(select brand_id from brand where name="UNITED COLORS OF BENETTON"));insert into perfume_note(perfume_id,note_id) values( 244,(select note_id from note where name='spicy' and type='TOP'));insert into perfume_note(perfume_id,note_id) values (244,(select note_id from note where name='patchouli' and type='MIDDLE'));insert into perfume_note(perfume_id,note_id) values (244,(select note_id from note where name='white' and type='MIDDLE'));insert into perfume_note(perfume_id,note_id) values (244,(select note_id from note where name='vetiver' and type='MIDDLE'));insert into perfume_note(perfume_id,note_id) values (244,(select note_id from note where name='musk' and type='MIDDLE'));insert into perfume_note(perfume_id,note_id) values (244,(select note_id from note where name='geranium' and type='BASE'));insert into perfume_note(perfume_id,note_id) values (244,(select note_id from note where name='lavender' and type='BASE'));insert into perfume_note(perfume_id,note_id) values (244,(select note_id from note where name='coriander' and type='BASE'));insert into perfume(perfume_id,concentration,image,name,price,rating,gender,volume,brand_id) values( '245','EDT','perfumes/245.jpg',"Ch Men Sports",3000,'4.3',0,'50.0',(select brand_id from brand where name="CAROLINA HERRERA"));insert into perfume_note(perfume_id,note_id) values( 245,(select note_id from note where name='woody' and type='TOP'));insert into perfume_note(perfume_id,note_id) values (245,(select note_id from note where name='vetiver' and type='MIDDLE'));insert into perfume_note(perfume_id,note_id) values (245,(select note_id from note where name='sandalwood' and type='MIDDLE'));insert into perfume_note(perfume_id,note_id) values (245,(select note_id from note where name='moss' and type='MIDDLE'));insert into perfume_note(perfume_id,note_id) values (245,(select note_id from note where name='oak' and type='MIDDLE'));insert into perfume_note(perfume_id,note_id) values (245,(select note_id from note where name='pepper' and type='BASE'));insert into perfume_note(perfume_id,note_id) values (245,(select note_id from note where name='accords' and type='BASE'));insert into perfume_note(perfume_id,note_id) values (245,(select note_id from note where name='??sichuan' and type='BASE'));insert into perfume_note(perfume_id,note_id) values (245,(select note_id from note where name='aromatic' and type='BASE'));insert into perfume_note(perfume_id,note_id) values (245,(select note_id from note where name='juniper' and type='BASE'));insert into perfume_note(perfume_id,note_id) values (245,(select note_id from note where name='spices' and type='BASE'));insert into perfume_note(perfume_id,note_id) values (245,(select note_id from note where name='notes' and type='BASE'));insert into perfume_note(perfume_id,note_id) values (245,(select note_id from note where name='mixed' and type='BASE'));insert into perfume_note(perfume_id,note_id) values (245,(select note_id from note where name='berries' and type='BASE'));insert into perfume_note(perfume_id,note_id) values (245,(select note_id from note where name='sea' and type='BASE'));insert into perfume(perfume_id,concentration,image,name,price,rating,gender,volume,brand_id) values( '246','EDP','perfumes/246.jpg',"Nomade",3000,'4.6',0,'75.0',(select brand_id from brand where name="CHLOE"));insert into perfume_note(perfume_id,note_id) values( 246,(select note_id from note where name='floral' and type='TOP'));insert into perfume_note(perfume_id,note_id) values (246,(select note_id from note where name='white musk' and type='MIDDLE'));insert into perfume_note(perfume_id,note_id) values (246,(select note_id from note where name='amberwood' and type='MIDDLE'));insert into perfume_note(perfume_id,note_id) values (246,(select note_id from note where name='sandalwood' and type='MIDDLE'));insert into perfume_note(perfume_id,note_id) values (246,(select note_id from note where name='patchoulli' and type='MIDDLE'));insert into perfume_note(perfume_id,note_id) values (246,(select note_id from note where name='oakmoss' and type='MIDDLE'));insert into perfume_note(perfume_id,note_id) values (246,(select note_id from note where name='rose' and type='BASE'));insert into perfume_note(perfume_id,note_id) values (246,(select note_id from note where name='jasmine' and type='BASE'));insert into perfume_note(perfume_id,note_id) values (246,(select note_id from note where name='freesia' and type='BASE'));insert into perfume_note(perfume_id,note_id) values (246,(select note_id from note where name='peach' and type='BASE'));insert into perfume(perfume_id,concentration,image,name,price,rating,gender,volume,brand_id) values( '247','EDT','perfumes/247.jpg',"Stronger With You",3000,'3.5',0,'100.0',(select brand_id from brand where name="EMPORIO ARMANI"));insert into perfume_note(perfume_id,note_id) values( 247,(select note_id from note where name='floral' and type='TOP'));insert into perfume_note(perfume_id,note_id) values (247,(select note_id from note where name='vanilla' and type='MIDDLE'));insert into perfume_note(perfume_id,note_id) values (247,(select note_id from note where name='chestnut' and type='MIDDLE'));insert into perfume_note(perfume_id,note_id) values (247,(select note_id from note where name='musk' and type='MIDDLE'));insert into perfume_note(perfume_id,note_id) values (247,(select note_id from note where name='sage' and type='BASE'));insert into perfume(perfume_id,concentration,image,name,price,rating,gender,volume,brand_id) values( '248','EDP','perfumes/248.jpg',"Cedrat Boise",3000,'5.0',0,'120.0',(select brand_id from brand where name="Mancera"));insert into perfume_note(perfume_id,note_id) values( 248,(select note_id from note where name='aromatic' and type='TOP'));insert into perfume_note(perfume_id,note_id) values (248,(select note_id from note where name='leather' and type='MIDDLE'));insert into perfume_note(perfume_id,note_id) values (248,(select note_id from note where name='vanilla' and type='MIDDLE'));insert into perfume_note(perfume_id,note_id) values (248,(select note_id from note where name='woody notes' and type='MIDDLE'));insert into perfume_note(perfume_id,note_id) values (248,(select note_id from note where name='oakmoss' and type='MIDDLE'));insert into perfume_note(perfume_id,note_id) values (248,(select note_id from note where name='patchouli leaves' and type='BASE'));insert into perfume(perfume_id,concentration,image,name,price,rating,gender,volume,brand_id) values( '249','EDT','perfumes/249.jpg',"Edition",3000,'4.6',0,'100.0',(select brand_id from brand where name="Dunhill"));insert into perfume_note(perfume_id,note_id) values( 249,(select note_id from note where name='spicy' and type='TOP'));insert into perfume_note(perfume_id,note_id) values (249,(select note_id from note where name='vetiver' and type='MIDDLE'));insert into perfume_note(perfume_id,note_id) values (249,(select note_id from note where name='cedar' and type='MIDDLE'));insert into perfume_note(perfume_id,note_id) values (249,(select note_id from note where name='bean' and type='MIDDLE'));insert into perfume_note(perfume_id,note_id) values (249,(select note_id from note where name='sandalwood' and type='MIDDLE'));insert into perfume_note(perfume_id,note_id) values (249,(select note_id from note where name='tonka' and type='MIDDLE'));insert into perfume_note(perfume_id,note_id) values (249,(select note_id from note where name='sage' and type='BASE'));insert into perfume_note(perfume_id,note_id) values (249,(select note_id from note where name='jasmine' and type='BASE'));insert into perfume_note(perfume_id,note_id) values (249,(select note_id from note where name='carnation' and type='BASE'));insert into perfume_note(perfume_id,note_id) values (249,(select note_id from note where name='clary' and type='BASE'));insert into perfume_note(perfume_id,note_id) values (249,(select note_id from note where name='geranium' and type='BASE'));insert into perfume(perfume_id,concentration,image,name,price,rating,gender,volume,brand_id) values( '250','EDT','perfumes/250.jpg',"Pasha Edition Noir",3000,'4.6',0,'100.0',(select brand_id from brand where name="CARTIER"));insert into perfume_note(perfume_id,note_id) values( 250,(select note_id from note where name='oriental' and type='TOP'));insert into perfume_note(perfume_id,note_id) values (250,(select note_id from note where name='cedar' and type='MIDDLE'));insert into perfume_note(perfume_id,note_id) values (250,(select note_id from note where name='amber' and type='MIDDLE'));insert into perfume_note(perfume_id,note_id) values (250,(select note_id from note where name='accords' and type='MIDDLE'));insert into perfume_note(perfume_id,note_id) values (250,(select note_id from note where name='woody' and type='MIDDLE'));insert into perfume_note(perfume_id,note_id) values (250,(select note_id from note where name='warm' and type='BASE'));insert into perfume_note(perfume_id,note_id) values (250,(select note_id from note where name='aromas' and type='BASE'));insert into perfume_note(perfume_id,note_id) values (250,(select note_id from note where name='cuddly' and type='BASE'));insert into perfume(perfume_id,concentration,image,name,price,rating,gender,volume,brand_id) values( '251','EDT','perfumes/251.jpg',"Blue Label",3000,'4.8',0,'100.0',(select brand_id from brand where name="Givenchy"));insert into perfume_note(perfume_id,note_id) values( 251,(select note_id from note where name='spicy' and type='TOP'));insert into perfume_note(perfume_id,note_id) values (251,(select note_id from note where name='cedar' and type='MIDDLE'));insert into perfume_note(perfume_id,note_id) values (251,(select note_id from note where name='vetiver' and type='MIDDLE'));insert into perfume_note(perfume_id,note_id) values (251,(select note_id from note where name='olibanum' and type='MIDDLE'));insert into perfume_note(perfume_id,note_id) values (251,(select note_id from note where name='pepper' and type='BASE'));insert into perfume_note(perfume_id,note_id) values (251,(select note_id from note where name='cardamom' and type='BASE'));insert into perfume_note(perfume_id,note_id) values (251,(select note_id from note where name='lavender' and type='BASE'));insert into perfume(perfume_id,concentration,image,name,price,rating,gender,volume,brand_id) values( '252','EDP','perfumes/252.jpg',"Joy",3000,'4.0',0,'90.0',(select brand_id from brand where name="Dior"));insert into perfume_note(perfume_id,note_id) values( 252,(select note_id from note where name='woody' and type='TOP'));insert into perfume_note(perfume_id,note_id) values (252,(select note_id from note where name='woody accords' and type='MIDDLE'));insert into perfume_note(perfume_id,note_id) values (252,(select note_id from note where name='sandalwood' and type='MIDDLE'));insert into perfume_note(perfume_id,note_id) values (252,(select note_id from note where name='vanilla' and type='MIDDLE'));insert into perfume_note(perfume_id,note_id) values (252,(select note_id from note where name='cedar wood' and type='MIDDLE'));insert into perfume_note(perfume_id,note_id) values (252,(select note_id from note where name='caramel musk' and type='MIDDLE'));insert into perfume_note(perfume_id,note_id) values (252,(select note_id from note where name='cinnamon' and type='BASE'));insert into perfume_note(perfume_id,note_id) values (252,(select note_id from note where name='rose' and type='BASE'));insert into perfume_note(perfume_id,note_id) values (252,(select note_id from note where name='jasmine' and type='BASE'));insert into perfume_note(perfume_id,note_id) values (252,(select note_id from note where name='muget' and type='BASE'));insert into perfume_note(perfume_id,note_id) values (252,(select note_id from note where name='freesia' and type='BASE'));insert into perfume(perfume_id,concentration,image,name,price,rating,gender,volume,brand_id) values( '253','EDT','perfumes/253.jpg',"Encre Noire",3000,'4.5',0,'100.0',(select brand_id from brand where name="LALIQUE"));insert into perfume_note(perfume_id,note_id) values( 253,(select note_id from note where name='woody' and type='TOP'));insert into perfume_note(perfume_id,note_id) values (253,(select note_id from note where name='cashmere wood' and type='MIDDLE'));insert into perfume_note(perfume_id,note_id) values (253,(select note_id from note where name='musk' and type='MIDDLE'));insert into perfume_note(perfume_id,note_id) values (253,(select note_id from note where name='vetiver' and type='BASE'));insert into perfume_note(perfume_id,note_id) values (253,(select note_id from note where name='bourbon' and type='BASE'));insert into perfume_note(perfume_id,note_id) values (253,(select note_id from note where name='haitian' and type='BASE'));insert into perfume(perfume_id,concentration,image,name,price,rating,gender,volume,brand_id) values( '254','EDT','perfumes/254.webp',"CK One",3000,'4.5',0,'100.0',(select brand_id from brand where name="Calvin Klein"));insert into perfume_note(perfume_id,note_id) values( 254,(select note_id from note where name='citrus' and type='TOP'));insert into perfume_note(perfume_id,note_id) values (254,(select note_id from note where name='amber' and type='MIDDLE'));insert into perfume_note(perfume_id,note_id) values (254,(select note_id from note where name='green' and type='MIDDLE'));insert into perfume_note(perfume_id,note_id) values (254,(select note_id from note where name='accord' and type='MIDDLE'));insert into perfume_note(perfume_id,note_id) values (254,(select note_id from note where name='cedar' and type='MIDDLE'));insert into perfume_note(perfume_id,note_id) values (254,(select note_id from note where name='sandalwood' and type='MIDDLE'));insert into perfume_note(perfume_id,note_id) values (254,(select note_id from note where name='musk' and type='MIDDLE'));insert into perfume_note(perfume_id,note_id) values (254,(select note_id from note where name='tea' and type='MIDDLE'));insert into perfume_note(perfume_id,note_id) values (254,(select note_id from note where name='oakmoss' and type='MIDDLE'));insert into perfume_note(perfume_id,note_id) values (254,(select note_id from note where name='rose' and type='BASE'));insert into perfume_note(perfume_id,note_id) values (254,(select note_id from note where name='jasmine' and type='BASE'));insert into perfume_note(perfume_id,note_id) values (254,(select note_id from note where name='nutmeg' and type='BASE'));insert into perfume_note(perfume_id,note_id) values (254,(select note_id from note where name='violet' and type='BASE'));insert into perfume_note(perfume_id,note_id) values (254,(select note_id from note where name='freesia' and type='BASE'));insert into perfume_note(perfume_id,note_id) values (254,(select note_id from note where name='lilyofthevalley' and type='BASE'));insert into perfume_note(perfume_id,note_id) values (254,(select note_id from note where name='orris root' and type='BASE'));insert into perfume(perfume_id,concentration,image,name,price,rating,gender,volume,brand_id) values( '255','EDT','perfumes/255.jpg',"Black XS",3000,'4.3',0,'100.0',(select brand_id from brand where name="PACO RABANNE"));insert into perfume_note(perfume_id,note_id) values( 255,(select note_id from note where name='woody' and type='TOP'));insert into perfume_note(perfume_id,note_id) values (255,(select note_id from note where name='patchouli' and type='MIDDLE'));insert into perfume_note(perfume_id,note_id) values (255,(select note_id from note where name='amber' and type='MIDDLE'));insert into perfume_note(perfume_id,note_id) values (255,(select note_id from note where name='black' and type='MIDDLE'));insert into perfume_note(perfume_id,note_id) values (255,(select note_id from note where name='praline' and type='BASE'));insert into perfume_note(perfume_id,note_id) values (255,(select note_id from note where name='cinnamon' and type='BASE'));insert into perfume(perfume_id,concentration,image,name,price,rating,gender,volume,brand_id) values( '256','EDT','perfumes/256.jpg',"Pour Homme",3000,'5.0',0,'100.0',(select brand_id from brand where name="AZZARO"));insert into perfume_note(perfume_id,note_id) values( 256,(select note_id from note where name='woody' and type='TOP'));insert into perfume_note(perfume_id,note_id) values (256,(select note_id from note where name='amber' and type='MIDDLE'));insert into perfume_note(perfume_id,note_id) values (256,(select note_id from note where name='musk' and type='MIDDLE'));insert into perfume_note(perfume_id,note_id) values (256,(select note_id from note where name='leather' and type='MIDDLE'));insert into perfume_note(perfume_id,note_id) values (256,(select note_id from note where name='tonka bean' and type='MIDDLE'));insert into perfume_note(perfume_id,note_id) values (256,(select note_id from note where name='oakmoss' and type='MIDDLE'));insert into perfume_note(perfume_id,note_id) values (256,(select note_id from note where name='cedar' and type='BASE'));insert into perfume_note(perfume_id,note_id) values (256,(select note_id from note where name='vetiver' and type='BASE'));insert into perfume_note(perfume_id,note_id) values (256,(select note_id from note where name='sandalwood' and type='BASE'));insert into perfume_note(perfume_id,note_id) values (256,(select note_id from note where name='cardamom' and type='BASE'));insert into perfume_note(perfume_id,note_id) values (256,(select note_id from note where name='patchouli' and type='BASE'));insert into perfume_note(perfume_id,note_id) values (256,(select note_id from note where name='juniper berries' and type='BASE'));insert into perfume(perfume_id,concentration,image,name,price,rating,gender,volume,brand_id) values( '257','EDT','perfumes/257.jpg',"Cerruti",3000,'1.0',0,'100.0',(select brand_id from brand where name="CERRUTI 1881"));insert into perfume_note(perfume_id,note_id) values( 257,(select note_id from note where name='floral' and type='TOP'));insert into perfume_note(perfume_id,note_id) values (257,(select note_id from note where name='pepper' and type='MIDDLE'));insert into perfume_note(perfume_id,note_id) values (257,(select note_id from note where name='pine' and type='MIDDLE'));insert into perfume_note(perfume_id,note_id) values (257,(select note_id from note where name='cedar' and type='MIDDLE'));insert into perfume_note(perfume_id,note_id) values (257,(select note_id from note where name='sandalwood' and type='MIDDLE'));insert into perfume_note(perfume_id,note_id) values (257,(select note_id from note where name='musk' and type='MIDDLE'));insert into perfume_note(perfume_id,note_id) values (257,(select note_id from note where name='patchouli' and type='MIDDLE'));insert into perfume_note(perfume_id,note_id) values (257,(select note_id from note where name='tree' and type='MIDDLE'));insert into perfume_note(perfume_id,note_id) values (257,(select note_id from note where name='oakmoss' and type='MIDDLE'));insert into perfume_note(perfume_id,note_id) values (257,(select note_id from note where name='rose' and type='BASE'));insert into perfume_note(perfume_id,note_id) values (257,(select note_id from note where name='vetiver' and type='BASE'));insert into perfume_note(perfume_id,note_id) values (257,(select note_id from note where name='ylangylang' and type='BASE'));insert into perfume_note(perfume_id,note_id) values (257,(select note_id from note where name='cassia' and type='BASE'));insert into perfume_note(perfume_id,note_id) values (257,(select note_id from note where name='lilyofthevalley' and type='BASE'));insert into perfume(perfume_id,concentration,image,name,price,rating,gender,volume,brand_id) values( '258','EDP','perfumes/258.jpg',"Relation",3000,'5.0',0,'50.0',(select brand_id from brand where name="Rasasi"));insert into perfume_note(perfume_id,note_id) values( 258,(select note_id from note where name='fresh' and type='TOP'));insert into perfume_note(perfume_id,note_id) values (258,(select note_id from note where name='vanilla' and type='MIDDLE'));insert into perfume_note(perfume_id,note_id) values (258,(select note_id from note where name='musk' and type='MIDDLE'));insert into perfume_note(perfume_id,note_id) values (258,(select note_id from note where name='jasmine' and type='BASE'));insert into perfume_note(perfume_id,note_id) values (258,(select note_id from note where name='bulgarian rose' and type='BASE'));insert into perfume_note(perfume_id,note_id) values (258,(select note_id from note where name='lilac' and type='BASE'));insert into perfume(perfume_id,concentration,image,name,price,rating,gender,volume,brand_id) values( '259','EDP','perfumes/259.jpg',"Magnetism",3000,'5.0',0,'75.0',(select brand_id from brand where name="ESCADA"));insert into perfume_note(perfume_id,note_id) values( 259,(select note_id from note where name='arabian' and type='TOP'));insert into perfume_note(perfume_id,note_id) values (259,(select note_id from note where name='amber' and type='MIDDLE'));insert into perfume_note(perfume_id,note_id) values (259,(select note_id from note where name='caramel' and type='MIDDLE'));insert into perfume_note(perfume_id,note_id) values (259,(select note_id from note where name='vetiver' and type='MIDDLE'));insert into perfume_note(perfume_id,note_id) values (259,(select note_id from note where name='benzoin' and type='MIDDLE'));insert into perfume_note(perfume_id,note_id) values (259,(select note_id from note where name='sandalwood' and type='MIDDLE'));insert into perfume_note(perfume_id,note_id) values (259,(select note_id from note where name='vanilla' and type='MIDDLE'));insert into perfume_note(perfume_id,note_id) values (259,(select note_id from note where name='musk' and type='MIDDLE'));insert into perfume_note(perfume_id,note_id) values (259,(select note_id from note where name='patchouli' and type='MIDDLE'));insert into perfume_note(perfume_id,note_id) values (259,(select note_id from note where name='blossom' and type='BASE'));insert into perfume_note(perfume_id,note_id) values (259,(select note_id from note where name='iris' and type='BASE'));insert into perfume_note(perfume_id,note_id) values (259,(select note_id from note where name='rose' and type='BASE'));insert into perfume_note(perfume_id,note_id) values (259,(select note_id from note where name='jasmine' and type='BASE'));insert into perfume_note(perfume_id,note_id) values (259,(select note_id from note where name='almond' and type='BASE'));insert into perfume_note(perfume_id,note_id) values (259,(select note_id from note where name='magnolia' and type='BASE'));insert into perfume_note(perfume_id,note_id) values (259,(select note_id from note where name='heliotrope' and type='BASE'));insert into perfume_note(perfume_id,note_id) values (259,(select note_id from note where name='green leaves' and type='BASE'));insert into perfume_note(perfume_id,note_id) values (259,(select note_id from note where name='caraway' and type='BASE'));insert into perfume_note(perfume_id,note_id) values (259,(select note_id from note where name='freesia' and type='BASE'));insert into perfume_note(perfume_id,note_id) values (259,(select note_id from note where name='lilyofthevalley' and type='BASE'));insert into perfume_note(perfume_id,note_id) values (259,(select note_id from note where name='basil' and type='BASE'));insert into perfume(perfume_id,concentration,image,name,price,rating,gender,volume,brand_id) values( '260','EDP','perfumes/260.jpg',"Pour Homme",3000,'4.5',0,'100.0',(select brand_id from brand where name="BOUCHERON"));insert into perfume_note(perfume_id,note_id) values( 260,(select note_id from note where name='woody' and type='TOP'));insert into perfume_note(perfume_id,note_id) values (260,(select note_id from note where name='patchouli' and type='MIDDLE'));insert into perfume_note(perfume_id,note_id) values (260,(select note_id from note where name='sandalwood' and type='MIDDLE'));insert into perfume_note(perfume_id,note_id) values (260,(select note_id from note where name='coriander' and type='BASE'));insert into perfume_note(perfume_id,note_id) values (260,(select note_id from note where name='basil' and type='BASE'));insert into perfume(perfume_id,concentration,image,name,price,rating,gender,volume,brand_id) values( '261','EDT','perfumes/261.jpg',"Eventful",3000,'4.5',0,'100.0',(select brand_id from brand where name="DORALL COLLECTION"));insert into perfume_note(perfume_id,note_id) values( 261,(select note_id from note where name='woody' and type='TOP'));insert into perfume_note(perfume_id,note_id) values (261,(select note_id from note where name='musk' and type='MIDDLE'));insert into perfume_note(perfume_id,note_id) values (261,(select note_id from note where name='rose' and type='BASE'));insert into perfume_note(perfume_id,note_id) values (261,(select note_id from note where name='ylang  ylang' and type='BASE'));insert into perfume(perfume_id,concentration,image,name,price,rating,gender,volume,brand_id) values( '262','EDT','perfumes/262.jpg',"Body Kouros",3000,'5.0',0,'100.0',(select brand_id from brand where name="Yves Saint Laurent"));insert into perfume_note(perfume_id,note_id) values( 262,(select note_id from note where name='woody' and type='TOP'));insert into perfume_note(perfume_id,note_id) values (262,(select note_id from note where name='benzoin' and type='MIDDLE'));insert into perfume_note(perfume_id,note_id) values (262,(select note_id from note where name='cedar' and type='BASE'));insert into perfume_note(perfume_id,note_id) values (262,(select note_id from note where name='sage' and type='BASE'));insert into perfume(perfume_id,concentration,image,name,price,rating,gender,volume,brand_id) values( '263','EDT','perfumes/263.jpg',"L'Homme",3000,'4.2',0,'100.0',(select brand_id from brand where name="VERSACE"));insert into perfume_note(perfume_id,note_id) values( 263,(select note_id from note where name='citrus' and type='TOP'));insert into perfume_note(perfume_id,note_id) values (263,(select note_id from note where name='amber' and type='MIDDLE'));insert into perfume_note(perfume_id,note_id) values (263,(select note_id from note where name='tonka beans' and type='MIDDLE'));insert into perfume_note(perfume_id,note_id) values (263,(select note_id from note where name='labdanum' and type='MIDDLE'));insert into perfume_note(perfume_id,note_id) values (263,(select note_id from note where name='vanilla' and type='MIDDLE'));insert into perfume_note(perfume_id,note_id) values (263,(select note_id from note where name='musk' and type='MIDDLE'));insert into perfume_note(perfume_id,note_id) values (263,(select note_id from note where name='leather' and type='MIDDLE'));insert into perfume_note(perfume_id,note_id) values (263,(select note_id from note where name='cinnamon' and type='BASE'));insert into perfume_note(perfume_id,note_id) values (263,(select note_id from note where name='rose' and type='BASE'));insert into perfume_note(perfume_id,note_id) values (263,(select note_id from note where name='jasmine' and type='BASE'));insert into perfume_note(perfume_id,note_id) values (263,(select note_id from note where name='carnation' and type='BASE'));insert into perfume_note(perfume_id,note_id) values (263,(select note_id from note where name='cedar' and type='BASE'));insert into perfume_note(perfume_id,note_id) values (263,(select note_id from note where name='sandalwood' and type='BASE'));insert into perfume_note(perfume_id,note_id) values (263,(select note_id from note where name='patchouli' and type='BASE'));insert into perfume(perfume_id,concentration,image,name,price,rating,gender,volume,brand_id) values( '264','EDP','perfumes/264.jpg',"Magnetism",3000,'4.9',0,'75.0',(select brand_id from brand where name="ESCADA"));insert into perfume_note(perfume_id,note_id) values( 264,(select note_id from note where name='arabian' and type='TOP'));insert into perfume_note(perfume_id,note_id) values (264,(select note_id from note where name='amber' and type='MIDDLE'));insert into perfume_note(perfume_id,note_id) values (264,(select note_id from note where name='caramel' and type='MIDDLE'));insert into perfume_note(perfume_id,note_id) values (264,(select note_id from note where name='vetiver' and type='MIDDLE'));insert into perfume_note(perfume_id,note_id) values (264,(select note_id from note where name='benzoin' and type='MIDDLE'));insert into perfume_note(perfume_id,note_id) values (264,(select note_id from note where name='sandalwood' and type='MIDDLE'));insert into perfume_note(perfume_id,note_id) values (264,(select note_id from note where name='vanilla' and type='MIDDLE'));insert into perfume_note(perfume_id,note_id) values (264,(select note_id from note where name='musk' and type='MIDDLE'));insert into perfume_note(perfume_id,note_id) values (264,(select note_id from note where name='patchouli' and type='MIDDLE'));insert into perfume_note(perfume_id,note_id) values (264,(select note_id from note where name='iris' and type='BASE'));insert into perfume_note(perfume_id,note_id) values (264,(select note_id from note where name='rose' and type='BASE'));insert into perfume_note(perfume_id,note_id) values (264,(select note_id from note where name='jasmine' and type='BASE'));insert into perfume_note(perfume_id,note_id) values (264,(select note_id from note where name='magnolia' and type='BASE'));insert into perfume_note(perfume_id,note_id) values (264,(select note_id from note where name='heliotrope' and type='BASE'));insert into perfume_note(perfume_id,note_id) values (264,(select note_id from note where name='green leaves' and type='BASE'));insert into perfume_note(perfume_id,note_id) values (264,(select note_id from note where name='caraway' and type='BASE'));insert into perfume_note(perfume_id,note_id) values (264,(select note_id from note where name='freesia' and type='BASE'));insert into perfume_note(perfume_id,note_id) values (264,(select note_id from note where name='lilyofthevalley' and type='BASE'));insert into perfume_note(perfume_id,note_id) values (264,(select note_id from note where name='basil' and type='BASE'));insert into perfume(perfume_id,concentration,image,name,price,rating,gender,volume,brand_id) values( '265','EDT','perfumes/265.jpg',"My Burberry Bl",3000,'5.0',0,'90.0',(select brand_id from brand where name="BURBERRY"));insert into perfume_note(perfume_id,note_id) values( 265,(select note_id from note where name='floral' and type='TOP'));insert into perfume_note(perfume_id,note_id) values (265,(select note_id from note where name='patchouli' and type='MIDDLE'));insert into perfume_note(perfume_id,note_id) values (265,(select note_id from note where name='amber' and type='MIDDLE'));insert into perfume_note(perfume_id,note_id) values (265,(select note_id from note where name='rose' and type='BASE'));insert into perfume_note(perfume_id,note_id) values (265,(select note_id from note where name='peach' and type='BASE'));insert into perfume_note(perfume_id,note_id) values (265,(select note_id from note where name='candied' and type='BASE'));insert into perfume_note(perfume_id,note_id) values (265,(select note_id from note where name='nectar' and type='BASE'));insert into perfume(perfume_id,concentration,image,name,price,rating,gender,volume,brand_id) values( '266','EDT','perfumes/266.jpg',"Cool Water",3000,'4.5',0,'125.0',(select brand_id from brand where name="DAVIDOFF"));insert into perfume_note(perfume_id,note_id) values( 266,(select note_id from note where name='woody' and type='TOP'));insert into perfume_note(perfume_id,note_id) values (266,(select note_id from note where name='tobacco' and type='MIDDLE'));insert into perfume_note(perfume_id,note_id) values (266,(select note_id from note where name='amber' and type='MIDDLE'));insert into perfume_note(perfume_id,note_id) values (266,(select note_id from note where name='cedar' and type='MIDDLE'));insert into perfume_note(perfume_id,note_id) values (266,(select note_id from note where name='musk' and type='MIDDLE'));insert into perfume_note(perfume_id,note_id) values (266,(select note_id from note where name='oakmoss' and type='MIDDLE'));insert into perfume_note(perfume_id,note_id) values (266,(select note_id from note where name='geranium' and type='BASE'));insert into perfume_note(perfume_id,note_id) values (266,(select note_id from note where name='sandalwood' and type='BASE'));insert into perfume_note(perfume_id,note_id) values (266,(select note_id from note where name='jasmine' and type='BASE'));insert into perfume_note(perfume_id,note_id) values (266,(select note_id from note where name='neroli' and type='BASE'));insert into perfume(perfume_id,concentration,image,name,price,rating,gender,volume,brand_id) values( '267','EDT','perfumes/267.jpg',"Go",3000,'4.4',0,'100.0',(select brand_id from brand where name="joop"));insert into perfume_note(perfume_id,note_id) values( 267,(select note_id from note where name='fresh' and type='TOP'));insert into perfume_note(perfume_id,note_id) values (267,(select note_id from note where name='balsam' and type='MIDDLE'));insert into perfume_note(perfume_id,note_id) values (267,(select note_id from note where name='fir' and type='MIDDLE'));insert into perfume_note(perfume_id,note_id) values (267,(select note_id from note where name='musk' and type='MIDDLE'));insert into perfume_note(perfume_id,note_id) values (267,(select note_id from note where name='geranium' and type='BASE'));insert into perfume_note(perfume_id,note_id) values (267,(select note_id from note where name='bourbon' and type='BASE'));insert into perfume_note(perfume_id,note_id) values (267,(select note_id from note where name='cypress' and type='BASE'));insert into perfume_note(perfume_id,note_id) values (267,(select note_id from note where name='violet' and type='BASE'));insert into perfume(perfume_id,concentration,image,name,price,rating,gender,volume,brand_id) values( '268','EDT','perfumes/268.jpg',"Silver Scent",3000,'4.5',0,'100.0',(select brand_id from brand where name="Jacques Bogart"));insert into perfume_note(perfume_id,note_id) values( 268,(select note_id from note where name='arabian' and type='TOP'));insert into perfume_note(perfume_id,note_id) values (268,(select note_id from note where name='vetiver' and type='MIDDLE'));insert into perfume_note(perfume_id,note_id) values (268,(select note_id from note where name='teak' and type='MIDDLE'));insert into perfume_note(perfume_id,note_id) values (268,(select note_id from note where name='bean' and type='MIDDLE'));insert into perfume_note(perfume_id,note_id) values (268,(select note_id from note where name='wood' and type='MIDDLE'));insert into perfume_note(perfume_id,note_id) values (268,(select note_id from note where name='tonka' and type='MIDDLE'));insert into perfume_note(perfume_id,note_id) values (268,(select note_id from note where name='litchi' and type='MIDDLE'));insert into perfume_note(perfume_id,note_id) values (268,(select note_id from note where name='coriander' and type='BASE'));insert into perfume_note(perfume_id,note_id) values (268,(select note_id from note where name='nutmeg' and type='BASE'));insert into perfume_note(perfume_id,note_id) values (268,(select note_id from note where name='cardamom' and type='BASE'));insert into perfume_note(perfume_id,note_id) values (268,(select note_id from note where name='lavender' and type='BASE'));insert into perfume_note(perfume_id,note_id) values (268,(select note_id from note where name='geranium' and type='BASE'));insert into perfume_note(perfume_id,note_id) values (268,(select note_id from note where name='rosemary' and type='BASE'));insert into perfume(perfume_id,concentration,image,name,price,rating,gender,volume,brand_id) values( '269','EDP','perfumes/269.jpg',"Fairy Dust",3000,'3.7',0,'100.0',(select brand_id from brand where name="Paris Hilton"));insert into perfume_note(perfume_id,note_id) values( 269,(select note_id from note where name='floral' and type='TOP'));insert into perfume_note(perfume_id,note_id) values (269,(select note_id from note where name='pacsuli' and type='MIDDLE'));insert into perfume_note(perfume_id,note_id) values (269,(select note_id from note where name='vanilla' and type='MIDDLE'));insert into perfume_note(perfume_id,note_id) values (269,(select note_id from note where name='musk' and type='MIDDLE'));insert into perfume_note(perfume_id,note_id) values (269,(select note_id from note where name='lotus' and type='BASE'));insert into perfume_note(perfume_id,note_id) values (269,(select note_id from note where name='peach' and type='BASE'));insert into perfume_note(perfume_id,note_id) values (269,(select note_id from note where name='gardenia' and type='BASE'));insert into perfume(perfume_id,concentration,image,name,price,rating,gender,volume,brand_id) values( '270','EDP','perfumes/270.jpg',"Windsor",3000,'3.0',0,'100.0',(select brand_id from brand where name="PRIVE"));insert into perfume_note(perfume_id,note_id) values( 270,(select note_id from note where name='fruity' and type='TOP'));insert into perfume_note(perfume_id,note_id) values (270,(select note_id from note where name='amber' and type='MIDDLE'));insert into perfume_note(perfume_id,note_id) values (270,(select note_id from note where name='vanilla' and type='MIDDLE'));insert into perfume_note(perfume_id,note_id) values (270,(select note_id from note where name='blackberry' and type='MIDDLE'));insert into perfume_note(perfume_id,note_id) values (270,(select note_id from note where name='magnalio' and type='BASE'));insert into perfume_note(perfume_id,note_id) values (270,(select note_id from note where name='jasmine' and type='BASE'));insert into perfume_note(perfume_id,note_id) values (270,(select note_id from note where name='orange bloosm' and type='BASE'));insert into perfume(perfume_id,concentration,image,name,price,rating,gender,volume,brand_id) values( '271','EDP','perfumes/271.jpg',"Narciso",3000,'5.0',0,'90.0',(select brand_id from brand where name="NARCISO RODRIGUEZ"));insert into perfume_note(perfume_id,note_id) values( 271,(select note_id from note where name='floral' and type='TOP'));insert into perfume_note(perfume_id,note_id) values (271,(select note_id from note where name='vetiver' and type='MIDDLE'));insert into perfume_note(perfume_id,note_id) values (271,(select note_id from note where name='extract' and type='MIDDLE'));insert into perfume_note(perfume_id,note_id) values (271,(select note_id from note where name='white' and type='MIDDLE'));insert into perfume_note(perfume_id,note_id) values (271,(select note_id from note where name='cedar' and type='MIDDLE'));insert into perfume_note(perfume_id,note_id) values (271,(select note_id from note where name='musk' and type='BASE'));insert into perfume_note(perfume_id,note_id) values (271,(select note_id from note where name='gardenia' and type='BASE'));insert into perfume_note(perfume_id,note_id) values (271,(select note_id from note where name='white rose' and type='BASE'));insert into perfume(perfume_id,concentration,image,name,price,rating,gender,volume,brand_id) values( '272','EDP','perfumes/272.jpg',"Rouat Al Oud",3000,'4.3',0,'100.0',(select brand_id from brand where name="Lattafa"));insert into perfume_note(perfume_id,note_id) values( 272,(select note_id from note where name='spicy' and type='TOP'));insert into perfume_note(perfume_id,note_id) values (272,(select note_id from note where name='patchouli' and type='MIDDLE'));insert into perfume_note(perfume_id,note_id) values (272,(select note_id from note where name='cedarwood' and type='MIDDLE'));insert into perfume_note(perfume_id,note_id) values (272,(select note_id from note where name='vetiver' and type='MIDDLE'));insert into perfume_note(perfume_id,note_id) values (272,(select note_id from note where name='musk' and type='MIDDLE'));insert into perfume_note(perfume_id,note_id) values (272,(select note_id from note where name='cardamom' and type='BASE'));insert into perfume_note(perfume_id,note_id) values (272,(select note_id from note where name='spicy' and type='BASE'));insert into perfume_note(perfume_id,note_id) values (272,(select note_id from note where name='notes' and type='BASE'));insert into perfume(perfume_id,concentration,image,name,price,rating,gender,volume,brand_id) values( '273','EDT','perfumes/273.jpg',"jimmy",3000,'4.4',0,'100.0',(select brand_id from brand where name="Jimmy Choo"));insert into perfume_note(perfume_id,note_id) values( 273,(select note_id from note where name='fruity' and type='TOP'));insert into perfume_note(perfume_id,note_id) values (273,(select note_id from note where name='patchouli' and type='MIDDLE'));insert into perfume_note(perfume_id,note_id) values (273,(select note_id from note where name='amber' and type='MIDDLE'));insert into perfume_note(perfume_id,note_id) values (273,(select note_id from note where name='suede' and type='MIDDLE'));insert into perfume_note(perfume_id,note_id) values (273,(select note_id from note where name='geranium' and type='BASE'));insert into perfume_note(perfume_id,note_id) values (273,(select note_id from note where name='pineapple leaf' and type='BASE'));insert into perfume_note(perfume_id,note_id) values (273,(select note_id from note where name='pink pepper' and type='BASE'));insert into perfume(perfume_id,concentration,image,name,price,rating,gender,volume,brand_id) values( '274','EDP','perfumes/274.jpg',"Explorer",3000,'4.8',0,'2.0',(select brand_id from brand where name="MONTBLANC"));insert into perfume_note(perfume_id,note_id) values( 274,(select note_id from note where name='woody' and type='TOP'));insert into perfume_note(perfume_id,note_id) values (274,(select note_id from note where name='vetiver' and type='MIDDLE'));insert into perfume_note(perfume_id,note_id) values (274,(select note_id from note where name='leather' and type='MIDDLE'));insert into perfume_note(perfume_id,note_id) values (274,(select note_id from note where name='cedarwood' and type='MIDDLE'));insert into perfume_note(perfume_id,note_id) values (274,(select note_id from note where name='patchouli' and type='BASE'));insert into perfume_note(perfume_id,note_id) values (274,(select note_id from note where name='ambrofix' and type='BASE'));insert into perfume_note(perfume_id,note_id) values (274,(select note_id from note where name='mahonial' and type='BASE'));insert into perfume(perfume_id,concentration,image,name,price,rating,gender,volume,brand_id) values( '275','EDP','perfumes/275.jpg',"Euphoria",3000,'4.8',0,'100.0',(select brand_id from brand where name="Calvin Klein"));insert into perfume_note(perfume_id,note_id) values( 275,(select note_id from note where name='woody' and type='TOP'));insert into perfume_note(perfume_id,note_id) values (275,(select note_id from note where name='black violet' and type='MIDDLE'));insert into perfume_note(perfume_id,note_id) values (275,(select note_id from note where name='mahogany' and type='MIDDLE'));insert into perfume_note(perfume_id,note_id) values (275,(select note_id from note where name='liquid amber' and type='MIDDLE'));insert into perfume_note(perfume_id,note_id) values (275,(select note_id from note where name='cream accords' and type='MIDDLE'));insert into perfume_note(perfume_id,note_id) values (275,(select note_id from note where name='champaca flower' and type='BASE'));insert into perfume_note(perfume_id,note_id) values (275,(select note_id from note where name='black orchid' and type='BASE'));insert into perfume(perfume_id,concentration,image,name,price,rating,gender,volume,brand_id) values( '276','EDT','perfumes/276.jpg',"Man In Red",3000,'5.0',0,'100.0',(select brand_id from brand where name="Ferrari"));insert into perfume_note(perfume_id,note_id) values( 276,(select note_id from note where name='fruity' and type='TOP'));insert into perfume_note(perfume_id,note_id) values (276,(select note_id from note where name='cedar' and type='MIDDLE'));insert into perfume_note(perfume_id,note_id) values (276,(select note_id from note where name='bean' and type='MIDDLE'));insert into perfume_note(perfume_id,note_id) values (276,(select note_id from note where name='labdanum' and type='MIDDLE'));insert into perfume_note(perfume_id,note_id) values (276,(select note_id from note where name='tonka' and type='MIDDLE'));insert into perfume_note(perfume_id,note_id) values (276,(select note_id from note where name='blossom' and type='BASE'));insert into perfume_note(perfume_id,note_id) values (276,(select note_id from note where name='orange' and type='BASE'));insert into perfume_note(perfume_id,note_id) values (276,(select note_id from note where name='plum' and type='BASE'));insert into perfume_note(perfume_id,note_id) values (276,(select note_id from note where name='lavender' and type='BASE'));insert into perfume_note(perfume_id,note_id) values (276,(select note_id from note where name='yellow' and type='BASE'));insert into perfume(perfume_id,concentration,image,name,price,rating,gender,volume,brand_id) values( '277','EDP','perfumes/277.jpg',"Cinema",3000,'2.0',0,'90.0',(select brand_id from brand where name="Yves Saint Laurent"));insert into perfume_note(perfume_id,note_id) values( 277,(select note_id from note where name='floral' and type='TOP'));insert into perfume_note(perfume_id,note_id) values (277,(select note_id from note where name='benzoin' and type='MIDDLE'));insert into perfume_note(perfume_id,note_id) values (277,(select note_id from note where name='amber' and type='MIDDLE'));insert into perfume_note(perfume_id,note_id) values (277,(select note_id from note where name='vanilla' and type='MIDDLE'));insert into perfume_note(perfume_id,note_id) values (277,(select note_id from note where name='white musk' and type='MIDDLE'));insert into perfume_note(perfume_id,note_id) values (277,(select note_id from note where name='jasmine' and type='BASE'));insert into perfume_note(perfume_id,note_id) values (277,(select note_id from note where name='amaryllis' and type='BASE'));insert into perfume_note(perfume_id,note_id) values (277,(select note_id from note where name='peony' and type='BASE'));insert into perfume(perfume_id,concentration,image,name,price,rating,gender,volume,brand_id) values( '278','EDT','perfumes/278.jpg',"Scuderia Red",3000,'5.0',0,'125.0',(select brand_id from brand where name="Ferrari"));insert into perfume_note(perfume_id,note_id) values( 278,(select note_id from note where name='fruity' and type='TOP'));insert into perfume_note(perfume_id,note_id) values (278,(select note_id from note where name='cedar' and type='MIDDLE'));insert into perfume_note(perfume_id,note_id) values (278,(select note_id from note where name='sandalwood' and type='MIDDLE'));insert into perfume_note(perfume_id,note_id) values (278,(select note_id from note where name='moss' and type='MIDDLE'));insert into perfume_note(perfume_id,note_id) values (278,(select note_id from note where name='vanilla' and type='MIDDLE'));insert into perfume_note(perfume_id,note_id) values (278,(select note_id from note where name='geranium' and type='BASE'));insert into perfume_note(perfume_id,note_id) values (278,(select note_id from note where name='jasmine' and type='BASE'));insert into perfume_note(perfume_id,note_id) values (278,(select note_id from note where name='nutmeg' and type='BASE'));insert into perfume_note(perfume_id,note_id) values (278,(select note_id from note where name='orris' and type='BASE'));insert into perfume(perfume_id,concentration,image,name,price,rating,gender,volume,brand_id) values( '279','EDP','perfumes/279.jpg',"Silences",3000,'5.0',0,'100.0',(select brand_id from brand where name="Jacomo"));insert into perfume_note(perfume_id,note_id) values( 279,(select note_id from note where name='floral' and type='TOP'));insert into perfume_note(perfume_id,note_id) values (279,(select note_id from note where name='musky' and type='MIDDLE'));insert into perfume_note(perfume_id,note_id) values (279,(select note_id from note where name='woody' and type='MIDDLE'));insert into perfume_note(perfume_id,note_id) values (279,(select note_id from note where name='narcissus' and type='BASE'));insert into perfume_note(perfume_id,note_id) values (279,(select note_id from note where name='danmask rose' and type='BASE'));insert into perfume_note(perfume_id,note_id) values (279,(select note_id from note where name='iris' and type='BASE'));insert into perfume(perfume_id,concentration,image,name,price,rating,gender,volume,brand_id) values( '280','EDT','perfumes/280.jpg',"Jil Sander",3000,'5.0',0,'125.0',(select brand_id from brand where name="jil sander"));insert into perfume_note(perfume_id,note_id) values( 280,(select note_id from note where name='spicy' and type='TOP'));insert into perfume_note(perfume_id,note_id) values (280,(select note_id from note where name='cedar' and type='MIDDLE'));insert into perfume_note(perfume_id,note_id) values (280,(select note_id from note where name='woody notes' and type='MIDDLE'));insert into perfume_note(perfume_id,note_id) values (280,(select note_id from note where name='nutmeg' and type='MIDDLE'));insert into perfume_note(perfume_id,note_id) values (280,(select note_id from note where name='oakmoss' and type='MIDDLE'));insert into perfume_note(perfume_id,note_id) values (280,(select note_id from note where name='geranium' and type='BASE'));insert into perfume_note(perfume_id,note_id) values (280,(select note_id from note where name='patchouli' and type='BASE'));insert into perfume_note(perfume_id,note_id) values (280,(select note_id from note where name='carnation' and type='BASE'));insert into perfume_note(perfume_id,note_id) values (280,(select note_id from note where name='cinnamon' and type='BASE'));insert into perfume(perfume_id,concentration,image,name,price,rating,gender,volume,brand_id) values( '281','EDP','perfumes/281.jpg',"Interlude",3000,'4.0',0,'100.0',(select brand_id from brand where name="AMOUAGE"));insert into perfume_note(perfume_id,note_id) values( 281,(select note_id from note where name='fresh' and type='TOP'));insert into perfume_note(perfume_id,note_id) values (281,(select note_id from note where name='patchouli' and type='MIDDLE'));insert into perfume_note(perfume_id,note_id) values (281,(select note_id from note where name='leather' and type='MIDDLE'));insert into perfume_note(perfume_id,note_id) values (281,(select note_id from note where name='sandalwood' and type='MIDDLE'));insert into perfume_note(perfume_id,note_id) values (281,(select note_id from note where name='agarwood smoke' and type='MIDDLE'));insert into perfume_note(perfume_id,note_id) values (281,(select note_id from note where name='amber' and type='BASE'));insert into perfume_note(perfume_id,note_id) values (281,(select note_id from note where name='opoponax' and type='BASE'));insert into perfume_note(perfume_id,note_id) values (281,(select note_id from note where name='cistus' and type='BASE'));insert into perfume_note(perfume_id,note_id) values (281,(select note_id from note where name='myrrh' and type='BASE'));insert into perfume_note(perfume_id,note_id) values (281,(select note_id from note where name='frankincense' and type='BASE'));insert into perfume(perfume_id,concentration,image,name,price,rating,gender,volume,brand_id) values( '282','EDP','perfumes/282.jpg',"Marciano",3000,'5.0',0,'100.0',(select brand_id from brand where name="GUESS"));insert into perfume_note(perfume_id,note_id) values( 282,(select note_id from note where name='floral' and type='TOP'));insert into perfume_note(perfume_id,note_id) values (282,(select note_id from note where name='accord' and type='MIDDLE'));insert into perfume_note(perfume_id,note_id) values (282,(select note_id from note where name='powdery vanilla' and type='MIDDLE'));insert into perfume_note(perfume_id,note_id) values (282,(select note_id from note where name='woody' and type='MIDDLE'));insert into perfume_note(perfume_id,note_id) values (282,(select note_id from note where name='musk' and type='MIDDLE'));insert into perfume_note(perfume_id,note_id) values (282,(select note_id from note where name='clean' and type='BASE'));insert into perfume_note(perfume_id,note_id) values (282,(select note_id from note where name='intensively' and type='BASE'));insert into perfume_note(perfume_id,note_id) values (282,(select note_id from note where name='peony' and type='BASE'));insert into perfume_note(perfume_id,note_id) values (282,(select note_id from note where name='honeysuckle' and type='BASE'));insert into perfume_note(perfume_id,note_id) values (282,(select note_id from note where name='jasmine' and type='BASE'));insert into perfume_note(perfume_id,note_id) values (282,(select note_id from note where name='sweet' and type='BASE'));insert into perfume_note(perfume_id,note_id) values (282,(select note_id from note where name='pink' and type='BASE'));insert into perfume_note(perfume_id,note_id) values (282,(select note_id from note where name='rhythm' and type='BASE'));insert into perfume_note(perfume_id,note_id) values (282,(select note_id from note where name='floral' and type='BASE'));insert into perfume(perfume_id,concentration,image,name,price,rating,gender,volume,brand_id) values( '283','EDT','perfumes/283.jpg',"Homme",3000,'4.2',0,'125.0',(select brand_id from brand where name="joop"));insert into perfume_note(perfume_id,note_id) values( 283,(select note_id from note where name='citrus' and type='TOP'));insert into perfume_note(perfume_id,note_id) values (283,(select note_id from note where name='patchouli' and type='MIDDLE'));insert into perfume_note(perfume_id,note_id) values (283,(select note_id from note where name='sandalwood' and type='MIDDLE'));insert into perfume_note(perfume_id,note_id) values (283,(select note_id from note where name='vanilla' and type='MIDDLE'));insert into perfume_note(perfume_id,note_id) values (283,(select note_id from note where name='tonka beans' and type='MIDDLE'));insert into perfume_note(perfume_id,note_id) values (283,(select note_id from note where name='valley' and type='BASE'));insert into perfume_note(perfume_id,note_id) values (283,(select note_id from note where name='the' and type='BASE'));insert into perfume_note(perfume_id,note_id) values (283,(select note_id from note where name='cinnamon' and type='BASE'));insert into perfume_note(perfume_id,note_id) values (283,(select note_id from note where name='jasmine' and type='BASE'));insert into perfume_note(perfume_id,note_id) values (283,(select note_id from note where name='cardamom' and type='BASE'));insert into perfume_note(perfume_id,note_id) values (283,(select note_id from note where name='lily' and type='BASE'));insert into perfume_note(perfume_id,note_id) values (283,(select note_id from note where name='heliotrope' and type='BASE'));insert into perfume(perfume_id,concentration,image,name,price,rating,gender,volume,brand_id) values( '284','EDP','perfumes/284.jpg',"Nice Girl",3000,'4.0',0,'90.0',(select brand_id from brand where name="Alina Corel"));insert into perfume_note(perfume_id,note_id) values( 284,(select note_id from note where name='fruity' and type='TOP'));insert into perfume_note(perfume_id,note_id) values (284,(select note_id from note where name='amber' and type='MIDDLE'));insert into perfume_note(perfume_id,note_id) values (284,(select note_id from note where name='vanilla' and type='MIDDLE'));insert into perfume_note(perfume_id,note_id) values (284,(select note_id from note where name='musk' and type='MIDDLE'));insert into perfume_note(perfume_id,note_id) values (284,(select note_id from note where name='jasmine' and type='BASE'));insert into perfume_note(perfume_id,note_id) values (284,(select note_id from note where name='tuberose' and type='BASE'));insert into perfume(perfume_id,concentration,image,name,price,rating,gender,volume,brand_id) values( '285','EDT','perfumes/285.jpg',"Hugo Boss",3000,'4.5',0,'125.0',(select brand_id from brand where name="HUGO BOSS"));insert into perfume_note(perfume_id,note_id) values( 285,(select note_id from note where name='fresh' and type='TOP'));insert into perfume_note(perfume_id,note_id) values (285,(select note_id from note where name='patchouli' and type='MIDDLE'));insert into perfume_note(perfume_id,note_id) values (285,(select note_id from note where name='fir' and type='MIDDLE'));insert into perfume_note(perfume_id,note_id) values (285,(select note_id from note where name='cedar' and type='MIDDLE'));insert into perfume_note(perfume_id,note_id) values (285,(select note_id from note where name='geranium' and type='BASE'));insert into perfume_note(perfume_id,note_id) values (285,(select note_id from note where name='sage' and type='BASE'));insert into perfume_note(perfume_id,note_id) values (285,(select note_id from note where name='carnation' and type='BASE'));insert into perfume_note(perfume_id,note_id) values (285,(select note_id from note where name='jasmine' and type='BASE'));insert into perfume(perfume_id,concentration,image,name,price,rating,gender,volume,brand_id) values( '286','EDP','perfumes/286.webp',"Mini Collection No.1075",3000,'5.0',0,'25.0',(select brand_id from brand where name="MINI COLLECTION"));insert into perfume_note(perfume_id,note_id) values( 286,(select note_id from note where name='musk' and type='TOP'));insert into perfume_note(perfume_id,note_id) values (286,(select note_id from note where name='wood' and type='MIDDLE'));insert into perfume_note(perfume_id,note_id) values (286,(select note_id from note where name='vanilla' and type='BASE'));insert into perfume(perfume_id,concentration,image,name,price,rating,gender,volume,brand_id) values( '287','EDP','perfumes/287.jpg',"Rain Drops",3000,'5.0',0,'50.0',(select brand_id from brand where name="Ajmal"));insert into perfume_note(perfume_id,note_id) values( 287,(select note_id from note where name='floral' and type='TOP'));insert into perfume_note(perfume_id,note_id) values (287,(select note_id from note where name='ambery woody' and type='MIDDLE'));insert into perfume_note(perfume_id,note_id) values (287,(select note_id from note where name='animalistic floral' and type='BASE'));insert into perfume(perfume_id,concentration,image,name,price,rating,gender,volume,brand_id) values( '288','EDT','perfumes/288.jpg',"Hugo",3000,'4.2',0,'125.0',(select brand_id from brand where name="HUGO BOSS"));insert into perfume_note(perfume_id,note_id) values( 288,(select note_id from note where name='aromatic' and type='TOP'));insert into perfume_note(perfume_id,note_id) values (288,(select note_id from note where name='patchouli' and type='MIDDLE'));insert into perfume_note(perfume_id,note_id) values (288,(select note_id from note where name='fir' and type='MIDDLE'));insert into perfume_note(perfume_id,note_id) values (288,(select note_id from note where name='cedar wood' and type='MIDDLE'));insert into perfume_note(perfume_id,note_id) values (288,(select note_id from note where name='geranium' and type='BASE'));insert into perfume_note(perfume_id,note_id) values (288,(select note_id from note where name='jasmine' and type='BASE'));insert into perfume_note(perfume_id,note_id) values (288,(select note_id from note where name='carnation' and type='BASE'));insert into perfume_note(perfume_id,note_id) values (288,(select note_id from note where name='sage' and type='BASE'));insert into perfume(perfume_id,concentration,image,name,price,rating,gender,volume,brand_id) values( '289','EDT','perfumes/289.jpg',"One Shock",3000,'4.7',0,'200.0',(select brand_id from brand where name="Calvin Klein"));insert into perfume_note(perfume_id,note_id) values( 289,(select note_id from note where name='spicy' and type='TOP'));insert into perfume_note(perfume_id,note_id) values (289,(select note_id from note where name='patchouli' and type='MIDDLE'));insert into perfume_note(perfume_id,note_id) values (289,(select note_id from note where name='amber' and type='MIDDLE'));insert into perfume_note(perfume_id,note_id) values (289,(select note_id from note where name='woodsy notes' and type='MIDDLE'));insert into perfume_note(perfume_id,note_id) values (289,(select note_id from note where name='musk' and type='MIDDLE'));insert into perfume_note(perfume_id,note_id) values (289,(select note_id from note where name='pepper' and type='BASE'));insert into perfume_note(perfume_id,note_id) values (289,(select note_id from note where name='cardamom' and type='BASE'));insert into perfume_note(perfume_id,note_id) values (289,(select note_id from note where name='osmanthus' and type='BASE'));insert into perfume_note(perfume_id,note_id) values (289,(select note_id from note where name='basil' and type='BASE'));insert into perfume(perfume_id,concentration,image,name,price,rating,gender,volume,brand_id) values( '290','EDP','perfumes/290.webp',"Allure Sensuelle",3000,'5.0',0,'100.0',(select brand_id from brand where name="CHANEL"));insert into perfume_note(perfume_id,note_id) values( 290,(select note_id from note where name='arabian' and type='TOP'));insert into perfume_note(perfume_id,note_id) values (290,(select note_id from note where name='patchouli' and type='MIDDLE'));insert into perfume_note(perfume_id,note_id) values (290,(select note_id from note where name='amber' and type='MIDDLE'));insert into perfume_note(perfume_id,note_id) values (290,(select note_id from note where name='vanilla' and type='MIDDLE'));insert into perfume_note(perfume_id,note_id) values (290,(select note_id from note where name='musk' and type='MIDDLE'));insert into perfume_note(perfume_id,note_id) values (290,(select note_id from note where name='iris' and type='BASE'));insert into perfume_note(perfume_id,note_id) values (290,(select note_id from note where name='rose' and type='BASE'));insert into perfume_note(perfume_id,note_id) values (290,(select note_id from note where name='jasmine' and type='BASE'));insert into perfume_note(perfume_id,note_id) values (290,(select note_id from note where name='candied' and type='BASE'));insert into perfume_note(perfume_id,note_id) values (290,(select note_id from note where name='vetiver' and type='BASE'));insert into perfume_note(perfume_id,note_id) values (290,(select note_id from note where name='fruits' and type='BASE'));insert into perfume(perfume_id,concentration,image,name,price,rating,gender,volume,brand_id) values( '291','EDT','perfumes/291.jpg',"Eau De Cedre",3000,'4.7',0,'100.0',(select brand_id from brand where name="GIORGIO ARMANI"));insert into perfume_note(perfume_id,note_id) values( 291,(select note_id from note where name='woody' and type='TOP'));insert into perfume_note(perfume_id,note_id) values (291,(select note_id from note where name='woody notes' and type='MIDDLE'));insert into perfume_note(perfume_id,note_id) values (291,(select note_id from note where name='suede' and type='MIDDLE'));insert into perfume_note(perfume_id,note_id) values (291,(select note_id from note where name='cedar essence' and type='MIDDLE'));insert into perfume_note(perfume_id,note_id) values (291,(select note_id from note where name='black tea' and type='MIDDLE'));insert into perfume_note(perfume_id,note_id) values (291,(select note_id from note where name='cardamom' and type='BASE'));insert into perfume_note(perfume_id,note_id) values (291,(select note_id from note where name='violet leaf' and type='BASE'));insert into perfume_note(perfume_id,note_id) values (291,(select note_id from note where name='cumin' and type='BASE'));insert into perfume(perfume_id,concentration,image,name,price,rating,gender,volume,brand_id) values( '292','EDP','perfumes/292.webp',"Red Tobacco",3000,'4.7',0,'120.0',(select brand_id from brand where name="Mancera"));insert into perfume_note(perfume_id,note_id) values( 292,(select note_id from note where name='woody' and type='TOP'));insert into perfume_note(perfume_id,note_id) values (292,(select note_id from note where name='amber' and type='MIDDLE'));insert into perfume_note(perfume_id,note_id) values (292,(select note_id from note where name='woody notes' and type='MIDDLE'));insert into perfume_note(perfume_id,note_id) values (292,(select note_id from note where name='vetiver' and type='MIDDLE'));insert into perfume_note(perfume_id,note_id) values (292,(select note_id from note where name='white' and type='MIDDLE'));insert into perfume_note(perfume_id,note_id) values (292,(select note_id from note where name='vanilla' and type='MIDDLE'));insert into perfume_note(perfume_id,note_id) values (292,(select note_id from note where name='musk' and type='MIDDLE'));insert into perfume_note(perfume_id,note_id) values (292,(select note_id from note where name='precious tobacco' and type='MIDDLE'));insert into perfume_note(perfume_id,note_id) values (292,(select note_id from note where name='pods' and type='MIDDLE'));insert into perfume_note(perfume_id,note_id) values (292,(select note_id from note where name='jasmine' and type='BASE'));insert into perfume_note(perfume_id,note_id) values (292,(select note_id from note where name='patchouli leaves' and type='BASE'));insert into perfume(perfume_id,concentration,image,name,price,rating,gender,volume,brand_id) values( '293','EDP','perfumes/293.jpg',"Scandal",3000,'5.0',0,'80.0',(select brand_id from brand where name="Jean Paul GAULTIER"));insert into perfume_note(perfume_id,note_id) values( 293,(select note_id from note where name='floral' and type='TOP'));insert into perfume_note(perfume_id,note_id) values (293,(select note_id from note where name='patchouli' and type='MIDDLE'));insert into perfume_note(perfume_id,note_id) values (293,(select note_id from note where name='sandalwood' and type='MIDDLE'));insert into perfume_note(perfume_id,note_id) values (293,(select note_id from note where name='caramel' and type='MIDDLE'));insert into perfume_note(perfume_id,note_id) values (293,(select note_id from note where name='beeswax' and type='MIDDLE'));insert into perfume_note(perfume_id,note_id) values (293,(select note_id from note where name='peach' and type='BASE'));insert into perfume_note(perfume_id,note_id) values (293,(select note_id from note where name='gardenia' and type='BASE'));insert into perfume_note(perfume_id,note_id) values (293,(select note_id from note where name='jasmine' and type='BASE'));insert into perfume_note(perfume_id,note_id) values (293,(select note_id from note where name='honey' and type='BASE'));insert into perfume_note(perfume_id,note_id) values (293,(select note_id from note where name='orange blossom' and type='BASE'));insert into perfume(perfume_id,concentration,image,name,price,rating,gender,volume,brand_id) values( '294','EDT','perfumes/294.jpg',"Man Ice",3000,'4.4',0,'100.0',(select brand_id from brand where name="Jimmy Choo"));insert into perfume_note(perfume_id,note_id) values( 294,(select note_id from note where name='woody' and type='TOP'));insert into perfume_note(perfume_id,note_id) values (294,(select note_id from note where name='moss' and type='MIDDLE'));insert into perfume_note(perfume_id,note_id) values (294,(select note_id from note where name='musk' and type='MIDDLE'));insert into perfume_note(perfume_id,note_id) values (294,(select note_id from note where name='ambroxan' and type='MIDDLE'));insert into perfume_note(perfume_id,note_id) values (294,(select note_id from note where name='vetiver' and type='BASE'));insert into perfume_note(perfume_id,note_id) values (294,(select note_id from note where name='patchouli' and type='BASE'));insert into perfume_note(perfume_id,note_id) values (294,(select note_id from note where name='cedar' and type='BASE'));insert into perfume_note(perfume_id,note_id) values (294,(select note_id from note where name='apple' and type='BASE'));insert into perfume(perfume_id,concentration,image,name,price,rating,gender,volume,brand_id) values( '295','EDP','perfumes/295.jpg',"Deep Red",3000,'3.0',0,'90.0',(select brand_id from brand where name="HUGO BOSS"));insert into perfume_note(perfume_id,note_id) values( 295,(select note_id from note where name='oriental' and type='TOP'));insert into perfume_note(perfume_id,note_id) values (295,(select note_id from note where name='california cedar' and type='MIDDLE'));insert into perfume_note(perfume_id,note_id) values (295,(select note_id from note where name='sandalwood' and type='MIDDLE'));insert into perfume_note(perfume_id,note_id) values (295,(select note_id from note where name='vanilla' and type='MIDDLE'));insert into perfume_note(perfume_id,note_id) values (295,(select note_id from note where name='musk' and type='MIDDLE'));insert into perfume_note(perfume_id,note_id) values (295,(select note_id from note where name='ginger flower' and type='BASE'));insert into perfume_note(perfume_id,note_id) values (295,(select note_id from note where name='tuberose' and type='BASE'));insert into perfume_note(perfume_id,note_id) values (295,(select note_id from note where name='hibiscus seed' and type='BASE'));insert into perfume_note(perfume_id,note_id) values (295,(select note_id from note where name='freesia' and type='BASE'));insert into perfume_note(perfume_id,note_id) values (295,(select note_id from note where name='ginger' and type='BASE'));insert into perfume(perfume_id,concentration,image,name,price,rating,gender,volume,brand_id) values( '296','EDP','perfumes/296.jpg',"Escape",3000,'5.0',0,'100.0',(select brand_id from brand where name="Calvin Klein"));insert into perfume_note(perfume_id,note_id) values( 296,(select note_id from note where name='oriental' and type='TOP'));insert into perfume_note(perfume_id,note_id) values (296,(select note_id from note where name='amber' and type='MIDDLE'));insert into perfume_note(perfume_id,note_id) values (296,(select note_id from note where name='cedar' and type='MIDDLE'));insert into perfume_note(perfume_id,note_id) values (296,(select note_id from note where name='vetiver' and type='MIDDLE'));insert into perfume_note(perfume_id,note_id) values (296,(select note_id from note where name='sandalwood' and type='MIDDLE'));insert into perfume_note(perfume_id,note_id) values (296,(select note_id from note where name='vanilla' and type='MIDDLE'));insert into perfume_note(perfume_id,note_id) values (296,(select note_id from note where name='musk' and type='MIDDLE'));insert into perfume_note(perfume_id,note_id) values (296,(select note_id from note where name='oakmoss' and type='MIDDLE'));insert into perfume_note(perfume_id,note_id) values (296,(select note_id from note where name='valley' and type='BASE'));insert into perfume_note(perfume_id,note_id) values (296,(select note_id from note where name='peach' and type='BASE'));insert into perfume_note(perfume_id,note_id) values (296,(select note_id from note where name='the' and type='BASE'));insert into perfume_note(perfume_id,note_id) values (296,(select note_id from note where name='rose' and type='BASE'));insert into perfume_note(perfume_id,note_id) values (296,(select note_id from note where name='jasmine' and type='BASE'));insert into perfume_note(perfume_id,note_id) values (296,(select note_id from note where name='carnation' and type='BASE'));insert into perfume_note(perfume_id,note_id) values (296,(select note_id from note where name='lily' and type='BASE'));insert into perfume_note(perfume_id,note_id) values (296,(select note_id from note where name='cloves' and type='BASE'));insert into perfume(perfume_id,concentration,image,name,price,rating,gender,volume,brand_id) values( '297','EDT','perfumes/297.jpg',"Dionysus",3000,'3.0',0,'100.0',(select brand_id from brand where name="DORALL COLLECTION"));insert into perfume_note(perfume_id,note_id) values( 297,(select note_id from note where name='floral' and type='TOP'));insert into perfume_note(perfume_id,note_id) values (297,(select note_id from note where name='vetiver' and type='MIDDLE'));insert into perfume_note(perfume_id,note_id) values (297,(select note_id from note where name='aromatic cedarwood' and type='MIDDLE'));insert into perfume_note(perfume_id,note_id) values (297,(select note_id from note where name='amber' and type='MIDDLE'));insert into perfume_note(perfume_id,note_id) values (297,(select note_id from note where name='tonka' and type='MIDDLE'));insert into perfume_note(perfume_id,note_id) values (297,(select note_id from note where name='apple' and type='BASE'));insert into perfume_note(perfume_id,note_id) values (297,(select note_id from note where name='green' and type='BASE'));insert into perfume_note(perfume_id,note_id) values (297,(select note_id from note where name='cool' and type='BASE'));insert into perfume_note(perfume_id,note_id) values (297,(select note_id from note where name='eucalyptus' and type='BASE'));insert into perfume_note(perfume_id,note_id) values (297,(select note_id from note where name='crisp' and type='BASE'));insert into perfume_note(perfume_id,note_id) values (297,(select note_id from note where name='ozonic' and type='BASE'));insert into perfume_note(perfume_id,note_id) values (297,(select note_id from note where name='violet' and type='BASE'));insert into perfume_note(perfume_id,note_id) values (297,(select note_id from note where name='tones' and type='BASE'));insert into perfume_note(perfume_id,note_id) values (297,(select note_id from note where name='geranium' and type='BASE'));insert into perfume(perfume_id,concentration,image,name,price,rating,gender,volume,brand_id) values( '298','EDP','perfumes/298.jpg',"1029 Collection",3000,'4.8',0,'40.0',(select brand_id from brand where name="Genie"));insert into perfume_note(perfume_id,note_id) values( 298,(select note_id from note where name='fruity' and type='TOP'));insert into perfume_note(perfume_id,note_id) values (298,(select note_id from note where name='vegetal amber' and type='MIDDLE'));insert into perfume_note(perfume_id,note_id) values (298,(select note_id from note where name='mahogany' and type='MIDDLE'));insert into perfume_note(perfume_id,note_id) values (298,(select note_id from note where name='musk' and type='MIDDLE'));insert into perfume_note(perfume_id,note_id) values (298,(select note_id from note where name='lotus' and type='BASE'));insert into perfume_note(perfume_id,note_id) values (298,(select note_id from note where name='magnolia' and type='BASE'));insert into perfume_note(perfume_id,note_id) values (298,(select note_id from note where name='peony' and type='BASE'));insert into perfume(perfume_id,concentration,image,name,price,rating,gender,volume,brand_id) values( '299','EDP','perfumes/299.jpg',"La Vie Est Belle",3000,'4.4',0,'75.0',(select brand_id from brand where name="Lancome"));insert into perfume_note(perfume_id,note_id) values( 299,(select note_id from note where name='vanilla' and type='TOP'));insert into perfume_note(perfume_id,note_id) values (299,(select note_id from note where name='patchouli' and type='MIDDLE'));insert into perfume_note(perfume_id,note_id) values (299,(select note_id from note where name='tonka beans' and type='MIDDLE'));insert into perfume_note(perfume_id,note_id) values (299,(select note_id from note where name='vanilla' and type='MIDDLE'));insert into perfume_note(perfume_id,note_id) values (299,(select note_id from note where name='praline' and type='MIDDLE'));insert into perfume_note(perfume_id,note_id) values (299,(select note_id from note where name='jasmine' and type='BASE'));insert into perfume_note(perfume_id,note_id) values (299,(select note_id from note where name='orange tree blossom' and type='BASE'));insert into perfume_note(perfume_id,note_id) values (299,(select note_id from note where name='iris' and type='BASE'));insert into perfume(perfume_id,concentration,image,name,price,rating,gender,volume,brand_id) values( '300','EDP','perfumes/300.jpg',"Essential",3000,'4.3',0,'50.0',(select brand_id from brand where name="ANGEL SCHLESSER"));insert into perfume_note(perfume_id,note_id) values( 300,(select note_id from note where name='oriental' and type='TOP'));insert into perfume_note(perfume_id,note_id) values (300,(select note_id from note where name='vetiver' and type='MIDDLE'));insert into perfume_note(perfume_id,note_id) values (300,(select note_id from note where name='sandalwood' and type='MIDDLE'));insert into perfume_note(perfume_id,note_id) values (300,(select note_id from note where name='cedar' and type='MIDDLE'));insert into perfume_note(perfume_id,note_id) values (300,(select note_id from note where name='musk' and type='MIDDLE'));insert into perfume_note(perfume_id,note_id) values (300,(select note_id from note where name='peony' and type='BASE'));insert into perfume_note(perfume_id,note_id) values (300,(select note_id from note where name='rose' and type='BASE'));insert into perfume_note(perfume_id,note_id) values (300,(select note_id from note where name='violet' and type='BASE'));insert into perfume_note(perfume_id,note_id) values (300,(select note_id from note where name='bulgarian' and type='BASE'));insert into perfume_note(perfume_id,note_id) values (300,(select note_id from note where name='freesia' and type='BASE'));insert into perfume(perfume_id,concentration,image,name,price,rating,gender,volume,brand_id) values( '301','EDP','perfumes/301.jpg',"Oud Noir",3000,'4.5',0,'100.0',(select brand_id from brand where name="VERSACE"));insert into perfume_note(perfume_id,note_id) values( 301,(select note_id from note where name='woody' and type='TOP'));insert into perfume_note(perfume_id,note_id) values (301,(select note_id from note where name='patchouli' and type='MIDDLE'));insert into perfume_note(perfume_id,note_id) values (301,(select note_id from note where name='leatherwood' and type='MIDDLE'));insert into perfume_note(perfume_id,note_id) values (301,(select note_id from note where name='agarwood' and type='MIDDLE'));insert into perfume_note(perfume_id,note_id) values (301,(select note_id from note where name='cardamom' and type='BASE'));insert into perfume_note(perfume_id,note_id) values (301,(select note_id from note where name='saffron' and type='BASE'));insert into perfume_note(perfume_id,note_id) values (301,(select note_id from note where name='olibanum' and type='BASE'));insert into perfume(perfume_id,concentration,image,name,price,rating,gender,volume,brand_id) values( '302','EDP','perfumes/302.jpg',"cavalli",3000,'5.0',0,'75.0',(select brand_id from brand where name="Roberto Cavalli"));insert into perfume_note(perfume_id,note_id) values( 302,(select note_id from note where name='arabian' and type='TOP'));insert into perfume_note(perfume_id,note_id) values (302,(select note_id from note where name='benzoin' and type='MIDDLE'));insert into perfume_note(perfume_id,note_id) values (302,(select note_id from note where name='tonka bean' and type='MIDDLE'));insert into perfume_note(perfume_id,note_id) values (302,(select note_id from note where name='vanilla' and type='MIDDLE'));insert into perfume_note(perfume_id,note_id) values (302,(select note_id from note where name='african orange flower' and type='BASE'));insert into perfume(perfume_id,concentration,image,name,price,rating,gender,volume,brand_id) values( '303','EDT','perfumes/303.jpg',"212 VIP",3000,'4.4',0,'200.0',(select brand_id from brand where name="CAROLINA HERRERA"));insert into perfume_note(perfume_id,note_id) values( 303,(select note_id from note where name='vanilla' and type='TOP'));insert into perfume_note(perfume_id,note_id) values (303,(select note_id from note where name='salty' and type='MIDDLE'));insert into perfume_note(perfume_id,note_id) values (303,(select note_id from note where name='amber' and type='MIDDLE'));insert into perfume_note(perfume_id,note_id) values (303,(select note_id from note where name='king wood' and type='MIDDLE'));insert into perfume_note(perfume_id,note_id) values (303,(select note_id from note where name='beans' and type='MIDDLE'));insert into perfume_note(perfume_id,note_id) values (303,(select note_id from note where name='tonka' and type='MIDDLE'));insert into perfume_note(perfume_id,note_id) values (303,(select note_id from note where name='apple' and type='BASE'));insert into perfume_note(perfume_id,note_id) values (303,(select note_id from note where name='slice' and type='BASE'));insert into perfume_note(perfume_id,note_id) values (303,(select note_id from note where name='hot' and type='BASE'));insert into perfume_note(perfume_id,note_id) values (303,(select note_id from note where name='chilled vodka' and type='BASE'));insert into perfume_note(perfume_id,note_id) values (303,(select note_id from note where name='ginger' and type='BASE'));insert into perfume(perfume_id,concentration,image,name,price,rating,gender,volume,brand_id) values( '304','EDT','perfumes/304.jpg',"Prive",3000,'4.3',0,'100.0',(select brand_id from brand where name="CAROLINA HERRERA"));insert into perfume_note(perfume_id,note_id) values( 304,(select note_id from note where name='aromatic' and type='TOP'));insert into perfume_note(perfume_id,note_id) values (304,(select note_id from note where name='leather' and type='MIDDLE'));insert into perfume_note(perfume_id,note_id) values (304,(select note_id from note where name='benzoin' and type='MIDDLE'));insert into perfume_note(perfume_id,note_id) values (304,(select note_id from note where name='tonka' and type='MIDDLE'));insert into perfume_note(perfume_id,note_id) values (304,(select note_id from note where name='whiskey' and type='BASE'));insert into perfume_note(perfume_id,note_id) values (304,(select note_id from note where name='notes' and type='BASE'));insert into perfume_note(perfume_id,note_id) values (304,(select note_id from note where name='luxurious' and type='BASE'));insert into perfume(perfume_id,concentration,image,name,price,rating,gender,volume,brand_id) values( '305','EDT','perfumes/305.jpg',"Vetiver Hombre",3000,'1.0',0,'120.0',(select brand_id from brand where name="ADOLFO DOMINGUEZ"));insert into perfume_note(perfume_id,note_id) values( 305,(select note_id from note where name='floral' and type='TOP'));insert into perfume_note(perfume_id,note_id) values (305,(select note_id from note where name='amber' and type='MIDDLE'));insert into perfume_note(perfume_id,note_id) values (305,(select note_id from note where name='roots' and type='MIDDLE'));insert into perfume_note(perfume_id,note_id) values (305,(select note_id from note where name='cedar' and type='MIDDLE'));insert into perfume_note(perfume_id,note_id) values (305,(select note_id from note where name='vetiver' and type='MIDDLE'));insert into perfume_note(perfume_id,note_id) values (305,(select note_id from note where name='patchouli' and type='MIDDLE'));insert into perfume_note(perfume_id,note_id) values (305,(select note_id from note where name='leather' and type='MIDDLE'));insert into perfume_note(perfume_id,note_id) values (305,(select note_id from note where name='clove' and type='BASE'));insert into perfume_note(perfume_id,note_id) values (305,(select note_id from note where name='lily' and type='BASE'));insert into perfume_note(perfume_id,note_id) values (305,(select note_id from note where name='jasmine' and type='BASE'));insert into perfume(perfume_id,concentration,image,name,price,rating,gender,volume,brand_id) values( '306','EDP','perfumes/306.jpg',"Furiosa",3000,'4.2',0,'100.0',(select brand_id from brand where name="Fendi"));insert into perfume_note(perfume_id,note_id) values( 306,(select note_id from note where name='floral' and type='TOP'));insert into perfume_note(perfume_id,note_id) values (306,(select note_id from note where name='gaïac' and type='MIDDLE'));insert into perfume_note(perfume_id,note_id) values (306,(select note_id from note where name='amber' and type='MIDDLE'));insert into perfume_note(perfume_id,note_id) values (306,(select note_id from note where name='wood' and type='MIDDLE'));insert into perfume_note(perfume_id,note_id) values (306,(select note_id from note where name='incense' and type='MIDDLE'));insert into perfume_note(perfume_id,note_id) values (306,(select note_id from note where name='jasmine absolute' and type='BASE'));insert into perfume_note(perfume_id,note_id) values (306,(select note_id from note where name='violaciocca' and type='BASE'));insert into perfume_note(perfume_id,note_id) values (306,(select note_id from note where name='gardenia' and type='BASE'));insert into perfume_note(perfume_id,note_id) values (306,(select note_id from note where name='flower' and type='BASE'));insert into perfume(perfume_id,concentration,image,name,price,rating,gender,volume,brand_id) values( '307','EDP','perfumes/307.jpg',"Live",3000,'4.5',0,'100.0',(select brand_id from brand where name="jennifer lopez"));insert into perfume_note(perfume_id,note_id) values( 307,(select note_id from note where name='fruity' and type='TOP'));insert into perfume_note(perfume_id,note_id) values (307,(select note_id from note where name='sandalwood' and type='MIDDLE'));insert into perfume_note(perfume_id,note_id) values (307,(select note_id from note where name='vanilla' and type='MIDDLE'));insert into perfume_note(perfume_id,note_id) values (307,(select note_id from note where name='caramel' and type='MIDDLE'));insert into perfume_note(perfume_id,note_id) values (307,(select note_id from note where name='tonka beans' and type='MIDDLE'));insert into perfume_note(perfume_id,note_id) values (307,(select note_id from note where name='red currant blossom' and type='BASE'));insert into perfume_note(perfume_id,note_id) values (307,(select note_id from note where name='violet' and type='BASE'));insert into perfume_note(perfume_id,note_id) values (307,(select note_id from note where name='peony' and type='BASE'));insert into perfume(perfume_id,concentration,image,name,price,rating,gender,volume,brand_id) values( '308','EDP','perfumes/308.png',"Velvet Oud",3000,'4.0',0,'100.0',(select brand_id from brand where name="Lattafa"));insert into perfume_note(perfume_id,note_id) values( 308,(select note_id from note where name='floral' and type='TOP'));insert into perfume_note(perfume_id,note_id) values (308,(select note_id from note where name='amber' and type='MIDDLE'));insert into perfume_note(perfume_id,note_id) values (308,(select note_id from note where name='cedar' and type='MIDDLE'));insert into perfume_note(perfume_id,note_id) values (308,(select note_id from note where name='sandalwood' and type='MIDDLE'));insert into perfume_note(perfume_id,note_id) values (308,(select note_id from note where name='tobacco.' and type='MIDDLE'));insert into perfume_note(perfume_id,note_id) values (308,(select note_id from note where name='musk' and type='MIDDLE'));insert into perfume_note(perfume_id,note_id) values (308,(select note_id from note where name='patchouli' and type='MIDDLE'));insert into perfume_note(perfume_id,note_id) values (308,(select note_id from note where name='tonka bean' and type='MIDDLE'));insert into perfume_note(perfume_id,note_id) values (308,(select note_id from note where name='oakmoss' and type='MIDDLE'));insert into perfume_note(perfume_id,note_id) values (308,(select note_id from note where name='pine tree' and type='BASE'));insert into perfume_note(perfume_id,note_id) values (308,(select note_id from note where name='incense' and type='BASE'));insert into perfume_note(perfume_id,note_id) values (308,(select note_id from note where name='brazilian' and type='BASE'));insert into perfume_note(perfume_id,note_id) values (308,(select note_id from note where name='rose' and type='BASE'));insert into perfume_note(perfume_id,note_id) values (308,(select note_id from note where name='jasmine' and type='BASE'));insert into perfume_note(perfume_id,note_id) values (308,(select note_id from note where name='honey' and type='BASE'));insert into perfume_note(perfume_id,note_id) values (308,(select note_id from note where name='orris root' and type='BASE'));insert into perfume_note(perfume_id,note_id) values (308,(select note_id from note where name='rosewood' and type='BASE'));insert into perfume_note(perfume_id,note_id) values (308,(select note_id from note where name='petitgrain' and type='BASE'));insert into perfume_note(perfume_id,note_id) values (308,(select note_id from note where name='lilyofthevalley' and type='BASE'));insert into perfume_note(perfume_id,note_id) values (308,(select note_id from note where name='caraway' and type='BASE'));insert into perfume(perfume_id,concentration,image,name,price,rating,gender,volume,brand_id) values( '309','EDP','perfumes/309.webp',"Habit Rouge",3000,'4.5',0,'100.0',(select brand_id from brand where name="Guerlain"));insert into perfume_note(perfume_id,note_id) values( 309,(select note_id from note where name='woody' and type='TOP'));insert into perfume_note(perfume_id,note_id) values (309,(select note_id from note where name='amber' and type='MIDDLE'));insert into perfume_note(perfume_id,note_id) values (309,(select note_id from note where name='labdanum' and type='MIDDLE'));insert into perfume_note(perfume_id,note_id) values (309,(select note_id from note where name='benzoin' and type='MIDDLE'));insert into perfume_note(perfume_id,note_id) values (309,(select note_id from note where name='vanilla' and type='MIDDLE'));insert into perfume_note(perfume_id,note_id) values (309,(select note_id from note where name='leather' and type='MIDDLE'));insert into perfume_note(perfume_id,note_id) values (309,(select note_id from note where name='oakmoss' and type='MIDDLE'));insert into perfume_note(perfume_id,note_id) values (309,(select note_id from note where name='cinnamon' and type='BASE'));insert into perfume_note(perfume_id,note_id) values (309,(select note_id from note where name='rose' and type='BASE'));insert into perfume_note(perfume_id,note_id) values (309,(select note_id from note where name='jasmine' and type='BASE'));insert into perfume_note(perfume_id,note_id) values (309,(select note_id from note where name='carnation' and type='BASE'));insert into perfume_note(perfume_id,note_id) values (309,(select note_id from note where name='cedar' and type='BASE'));insert into perfume_note(perfume_id,note_id) values (309,(select note_id from note where name='sandalwood' and type='BASE'));insert into perfume_note(perfume_id,note_id) values (309,(select note_id from note where name='patchouli' and type='BASE'));insert into perfume(perfume_id,concentration,image,name,price,rating,gender,volume,brand_id) values( '310','EDP','perfumes/310.webp',"Rare Pearls",3000,'3.0',0,'50.0',(select brand_id from brand where name="AVON"));insert into perfume_note(perfume_id,note_id) values( 310,(select note_id from note where name='floral' and type='TOP'));insert into perfume_note(perfume_id,note_id) values (310,(select note_id from note where name='patchouli' and type='MIDDLE'));insert into perfume_note(perfume_id,note_id) values (310,(select note_id from note where name='sandalwood' and type='MIDDLE'));insert into perfume_note(perfume_id,note_id) values (310,(select note_id from note where name='pearl musk' and type='MIDDLE'));insert into perfume_note(perfume_id,note_id) values (310,(select note_id from note where name='pearlescent' and type='BASE'));insert into perfume_note(perfume_id,note_id) values (310,(select note_id from note where name='pepper' and type='BASE'));insert into perfume_note(perfume_id,note_id) values (310,(select note_id from note where name='flower' and type='BASE'));insert into perfume_note(perfume_id,note_id) values (310,(select note_id from note where name='plum' and type='BASE'));insert into perfume_note(perfume_id,note_id) values (310,(select note_id from note where name='accord' and type='BASE'));insert into perfume_note(perfume_id,note_id) values (310,(select note_id from note where name='honey' and type='BASE'));insert into perfume_note(perfume_id,note_id) values (310,(select note_id from note where name='magnolia' and type='BASE'));insert into perfume_note(perfume_id,note_id) values (310,(select note_id from note where name='broom' and type='BASE'));insert into perfume(perfume_id,concentration,image,name,price,rating,gender,volume,brand_id) values( '311','EDP','perfumes/311.jpg',"Secret De Rochas",3000,'3.0',0,'100.0',(select brand_id from brand where name="ROCHAS"));insert into perfume_note(perfume_id,note_id) values( 311,(select note_id from note where name='fruity' and type='TOP'));insert into perfume_note(perfume_id,note_id) values (311,(select note_id from note where name='cedarwood' and type='MIDDLE'));insert into perfume_note(perfume_id,note_id) values (311,(select note_id from note where name='orris' and type='MIDDLE'));insert into perfume_note(perfume_id,note_id) values (311,(select note_id from note where name='civet' and type='MIDDLE'));insert into perfume_note(perfume_id,note_id) values (311,(select note_id from note where name='sandalwood' and type='MIDDLE'));insert into perfume_note(perfume_id,note_id) values (311,(select note_id from note where name='musk' and type='MIDDLE'));insert into perfume_note(perfume_id,note_id) values (311,(select note_id from note where name='tonka bean' and type='MIDDLE'));insert into perfume_note(perfume_id,note_id) values (311,(select note_id from note where name='oakmoss' and type='MIDDLE'));insert into perfume_note(perfume_id,note_id) values (311,(select note_id from note where name='jasmine' and type='BASE'));insert into perfume_note(perfume_id,note_id) values (311,(select note_id from note where name='osmanthus' and type='BASE'));insert into perfume(perfume_id,concentration,image,name,price,rating,gender,volume,brand_id) values( '312','EDP','perfumes/312.jpg',"Live Luxe",3000,'5.0',0,'100.0',(select brand_id from brand where name="jennifer lopez"));insert into perfume_note(perfume_id,note_id) values( 312,(select note_id from note where name='fresh' and type='TOP'));insert into perfume_note(perfume_id,note_id) values (312,(select note_id from note where name='soft musk' and type='MIDDLE'));insert into perfume_note(perfume_id,note_id) values (312,(select note_id from note where name='diamond musk' and type='MIDDLE'));insert into perfume_note(perfume_id,note_id) values (312,(select note_id from note where name='muguet petals' and type='BASE'));insert into perfume_note(perfume_id,note_id) values (312,(select note_id from note where name='exotic amethyst freesia' and type='BASE'));insert into perfume(perfume_id,concentration,image,name,price,rating,gender,volume,brand_id) values( '313','EDP','perfumes/313.webp',"Mon Florale",3000,'4.8',0,'100.0',(select brand_id from brand where name="Guerlain"));insert into perfume_note(perfume_id,note_id) values( 313,(select note_id from note where name='floral' and type='TOP'));insert into perfume_note(perfume_id,note_id) values (313,(select note_id from note where name='sandalwood' and type='MIDDLE'));insert into perfume_note(perfume_id,note_id) values (313,(select note_id from note where name='vanilla' and type='MIDDLE'));insert into perfume_note(perfume_id,note_id) values (313,(select note_id from note where name='iris' and type='MIDDLE'));insert into perfume_note(perfume_id,note_id) values (313,(select note_id from note where name='peach' and type='BASE'));insert into perfume_note(perfume_id,note_id) values (313,(select note_id from note where name='peony' and type='BASE'));insert into perfume_note(perfume_id,note_id) values (313,(select note_id from note where name='floral notes' and type='BASE'));insert into perfume_note(perfume_id,note_id) values (313,(select note_id from note where name='jasmine sambac' and type='BASE'));insert into perfume_note(perfume_id,note_id) values (313,(select note_id from note where name='ylangylang' and type='BASE'));insert into perfume_note(perfume_id,note_id) values (313,(select note_id from note where name='neroli' and type='BASE'));insert into perfume_note(perfume_id,note_id) values (313,(select note_id from note where name='lilyofthevalley' and type='BASE'));insert into perfume(perfume_id,concentration,image,name,price,rating,gender,volume,brand_id) values( '314','EDT','perfumes/314.jpg',"Guilty Intense",3000,'4.4',0,'90.0',(select brand_id from brand where name="GUCCI"));insert into perfume_note(perfume_id,note_id) values( 314,(select note_id from note where name='floral' and type='TOP'));insert into perfume_note(perfume_id,note_id) values (314,(select note_id from note where name='patchouli' and type='MIDDLE'));insert into perfume_note(perfume_id,note_id) values (314,(select note_id from note where name='virginia cedar' and type='MIDDLE'));insert into perfume_note(perfume_id,note_id) values (314,(select note_id from note where name='amber' and type='MIDDLE'));insert into perfume_note(perfume_id,note_id) values (314,(select note_id from note where name='african orange flower' and type='BASE'));insert into perfume_note(perfume_id,note_id) values (314,(select note_id from note where name='neroli' and type='BASE'));insert into perfume(perfume_id,concentration,image,name,price,rating,gender,volume,brand_id) values( '315','EDP','perfumes/315.jpg',"Milano Infusion D'iris",3000,'5.0',0,'100.0',(select brand_id from brand where name="PRADA"));insert into perfume_note(perfume_id,note_id) values( 315,(select note_id from note where name='woody' and type='TOP'));insert into perfume_note(perfume_id,note_id) values (315,(select note_id from note where name='benzoin' and type='MIDDLE'));insert into perfume_note(perfume_id,note_id) values (315,(select note_id from note where name='incense' and type='MIDDLE'));insert into perfume_note(perfume_id,note_id) values (315,(select note_id from note where name='cedar' and type='BASE'));insert into perfume_note(perfume_id,note_id) values (315,(select note_id from note where name='vetiver' and type='BASE'));insert into perfume_note(perfume_id,note_id) values (315,(select note_id from note where name='iris' and type='BASE'));insert into perfume(perfume_id,concentration,image,name,price,rating,gender,volume,brand_id) values( '316','EDP','perfumes/316.webp',"kors",3000,'5.0',0,'100.0',(select brand_id from brand where name="Michael Kors"));insert into perfume_note(perfume_id,note_id) values( 316,(select note_id from note where name='floral' and type='TOP'));insert into perfume_note(perfume_id,note_id) values (316,(select note_id from note where name='vetiver' and type='MIDDLE'));insert into perfume_note(perfume_id,note_id) values (316,(select note_id from note where name='cashmere wood' and type='MIDDLE'));insert into perfume_note(perfume_id,note_id) values (316,(select note_id from note where name='musk' and type='MIDDLE'));insert into perfume_note(perfume_id,note_id) values (316,(select note_id from note where name='peony' and type='BASE'));insert into perfume_note(perfume_id,note_id) values (316,(select note_id from note where name='iris' and type='BASE'));insert into perfume_note(perfume_id,note_id) values (316,(select note_id from note where name='arum lily' and type='BASE'));insert into perfume_note(perfume_id,note_id) values (316,(select note_id from note where name='tuberose' and type='BASE'));insert into perfume_note(perfume_id,note_id) values (316,(select note_id from note where name='orris root' and type='BASE'));insert into perfume(perfume_id,concentration,image,name,price,rating,gender,volume,brand_id) values( '317','EDP','perfumes/317.webp',"L'Homme",3000,'5.0',0,'100.0',(select brand_id from brand where name="Yves Saint Laurent"));insert into perfume_note(perfume_id,note_id) values( 317,(select note_id from note where name='woody' and type='TOP'));insert into perfume_note(perfume_id,note_id) values (317,(select note_id from note where name='cedar' and type='MIDDLE'));insert into perfume_note(perfume_id,note_id) values (317,(select note_id from note where name='benzoin' and type='MIDDLE'));insert into perfume_note(perfume_id,note_id) values (317,(select note_id from note where name='suede' and type='MIDDLE'));insert into perfume_note(perfume_id,note_id) values (317,(select note_id from note where name='accord' and type='MIDDLE'));insert into perfume_note(perfume_id,note_id) values (317,(select note_id from note where name='blossom' and type='BASE'));insert into perfume_note(perfume_id,note_id) values (317,(select note_id from note where name='leaf' and type='BASE'));insert into perfume_note(perfume_id,note_id) values (317,(select note_id from note where name='orange' and type='BASE'));insert into perfume_note(perfume_id,note_id) values (317,(select note_id from note where name='violet' and type='BASE'));insert into perfume(perfume_id,concentration,image,name,price,rating,gender,volume,brand_id) values( '318','EDP','perfumes/318.jpg',"Teenz",3000,'4.5',0,'50.0',(select brand_id from brand where name="Ajmal"));insert into perfume_note(perfume_id,note_id) values( 318,(select note_id from note where name='floral' and type='TOP'));insert into perfume_note(perfume_id,note_id) values (318,(select note_id from note where name='fruity' and type='MIDDLE'));insert into perfume_note(perfume_id,note_id) values (318,(select note_id from note where name='musky' and type='MIDDLE'));insert into perfume_note(perfume_id,note_id) values (318,(select note_id from note where name='floral' and type='MIDDLE'));insert into perfume_note(perfume_id,note_id) values (318,(select note_id from note where name='musky' and type='BASE'));insert into perfume_note(perfume_id,note_id) values (318,(select note_id from note where name='fruity' and type='BASE'));insert into perfume(perfume_id,concentration,image,name,price,rating,gender,volume,brand_id) values( '319','EDT','perfumes/319.jpg',"Creation",3000,'4.3',0,'100.0',(select brand_id from brand where name="TED LAPIDUS"));insert into perfume_note(perfume_id,note_id) values( 319,(select note_id from note where name='fruity' and type='TOP'));insert into perfume_note(perfume_id,note_id) values (319,(select note_id from note where name='sandalwood' and type='MIDDLE'));insert into perfume_note(perfume_id,note_id) values (319,(select note_id from note where name='amber' and type='MIDDLE'));insert into perfume_note(perfume_id,note_id) values (319,(select note_id from note where name='musk' and type='MIDDLE'));insert into perfume_note(perfume_id,note_id) values (319,(select note_id from note where name='veti' and type='MIDDLE'));insert into perfume_note(perfume_id,note_id) values (319,(select note_id from note where name='gardenia' and type='BASE'));insert into perfume_note(perfume_id,note_id) values (319,(select note_id from note where name='rose' and type='BASE'));insert into perfume_note(perfume_id,note_id) values (319,(select note_id from note where name='jasmine' and type='BASE'));insert into perfume_note(perfume_id,note_id) values (319,(select note_id from note where name='daffodil' and type='BASE'));insert into perfume_note(perfume_id,note_id) values (319,(select note_id from note where name='ylangylang' and type='BASE'));insert into perfume_note(perfume_id,note_id) values (319,(select note_id from note where name='tuberose' and type='BASE'));insert into perfume(perfume_id,concentration,image,name,price,rating,gender,volume,brand_id) values( '320','EDP','perfumes/320.jpg',"Goldea",3000,'4.5',0,'90.0',(select brand_id from brand where name="BVLGARI"));insert into perfume_note(perfume_id,note_id) values( 320,(select note_id from note where name='arabian' and type='TOP'));insert into perfume_note(perfume_id,note_id) values (320,(select note_id from note where name='patchouli' and type='MIDDLE'));insert into perfume_note(perfume_id,note_id) values (320,(select note_id from note where name='amber' and type='MIDDLE'));insert into perfume_note(perfume_id,note_id) values (320,(select note_id from note where name='papyrus' and type='MIDDLE'));insert into perfume_note(perfume_id,note_id) values (320,(select note_id from note where name='musk' and type='MIDDLE'));insert into perfume_note(perfume_id,note_id) values (320,(select note_id from note where name='ylangylang' and type='BASE'));insert into perfume_note(perfume_id,note_id) values (320,(select note_id from note where name='jasmine' and type='BASE'));insert into perfume_note(perfume_id,note_id) values (320,(select note_id from note where name='musk' and type='BASE'));insert into perfume(perfume_id,concentration,image,name,price,rating,gender,volume,brand_id) values( '321','EDT','perfumes/321.jpg',"Charlie Blue",3000,'4.2',0,'100.0',(select brand_id from brand where name="Revlon"));insert into perfume_note(perfume_id,note_id) values( 321,(select note_id from note where name='woody' and type='TOP'));insert into perfume_note(perfume_id,note_id) values (321,(select note_id from note where name='a' and type='MIDDLE'));insert into perfume_note(perfume_id,note_id) values (321,(select note_id from note where name='sandalwood' and type='MIDDLE'));insert into perfume_note(perfume_id,note_id) values (321,(select note_id from note where name='mix' and type='MIDDLE'));insert into perfume_note(perfume_id,note_id) values (321,(select note_id from note where name='oakmoss' and type='MIDDLE'));insert into perfume_note(perfume_id,note_id) values (321,(select note_id from note where name='ylangylang' and type='BASE'));insert into perfume_note(perfume_id,note_id) values (321,(select note_id from note where name='rose' and type='BASE'));insert into perfume_note(perfume_id,note_id) values (321,(select note_id from note where name='jasmine' and type='BASE'));insert into perfume_note(perfume_id,note_id) values (321,(select note_id from note where name='muguet' and type='BASE'));insert into perfume(perfume_id,concentration,image,name,price,rating,gender,volume,brand_id) values( '322','EDT','perfumes/322.webp',"Chrome",3000,'5.0',0,'100.0',(select brand_id from brand where name="AZZARO"));insert into perfume_note(perfume_id,note_id) values( 322,(select note_id from note where name='citrus' and type='TOP'));insert into perfume_note(perfume_id,note_id) values (322,(select note_id from note where name='brazilian' and type='MIDDLE'));insert into perfume_note(perfume_id,note_id) values (322,(select note_id from note where name='cedar' and type='MIDDLE'));insert into perfume_note(perfume_id,note_id) values (322,(select note_id from note where name='cardamom' and type='MIDDLE'));insert into perfume_note(perfume_id,note_id) values (322,(select note_id from note where name='sandalwood' and type='MIDDLE'));insert into perfume_note(perfume_id,note_id) values (322,(select note_id from note where name='rosewood' and type='MIDDLE'));insert into perfume_note(perfume_id,note_id) values (322,(select note_id from note where name='musk' and type='MIDDLE'));insert into perfume_note(perfume_id,note_id) values (322,(select note_id from note where name='tonka bean' and type='MIDDLE'));insert into perfume_note(perfume_id,note_id) values (322,(select note_id from note where name='oakmoss' and type='MIDDLE'));insert into perfume_note(perfume_id,note_id) values (322,(select note_id from note where name='coriander' and type='BASE'));insert into perfume_note(perfume_id,note_id) values (322,(select note_id from note where name='cyclamen' and type='BASE'));insert into perfume_note(perfume_id,note_id) values (322,(select note_id from note where name='oakmoss' and type='BASE'));insert into perfume_note(perfume_id,note_id) values (322,(select note_id from note where name='jasmine' and type='BASE'));insert into perfume(perfume_id,concentration,image,name,price,rating,gender,volume,brand_id) values( '323','EDT','perfumes/323.jpg',"CK IN2U",3000,'5.0',0,'100.0',(select brand_id from brand where name="Calvin Klein"));insert into perfume_note(perfume_id,note_id) values( 323,(select note_id from note where name='citrus' and type='TOP'));insert into perfume_note(perfume_id,note_id) values (323,(select note_id from note where name='amber' and type='MIDDLE'));insert into perfume_note(perfume_id,note_id) values (323,(select note_id from note where name='vanilla' and type='MIDDLE'));insert into perfume_note(perfume_id,note_id) values (323,(select note_id from note where name='red cader' and type='MIDDLE'));insert into perfume_note(perfume_id,note_id) values (323,(select note_id from note where name='cacao pod' and type='BASE'));insert into perfume(perfume_id,concentration,image,name,price,rating,gender,volume,brand_id) values( '324','EDP','perfumes/324.jpg',"Premiere",3000,'2.0',0,'75.0',(select brand_id from brand where name="GUCCI"));insert into perfume_note(perfume_id,note_id) values( 324,(select note_id from note where name='floral' and type='TOP'));insert into perfume_note(perfume_id,note_id) values (324,(select note_id from note where name='patchouli' and type='MIDDLE'));insert into perfume_note(perfume_id,note_id) values (324,(select note_id from note where name='sandalwood' and type='MIDDLE'));insert into perfume_note(perfume_id,note_id) values (324,(select note_id from note where name='blossom' and type='BASE'));insert into perfume_note(perfume_id,note_id) values (324,(select note_id from note where name='musk' and type='BASE'));insert into perfume_note(perfume_id,note_id) values (324,(select note_id from note where name='orange' and type='BASE'));insert into perfume(perfume_id,concentration,image,name,price,rating,gender,volume,brand_id) values( '325','EDP','perfumes/325.webp',"Allure Homme Sport EDT For",3000,'5.0',0,'100.0',(select brand_id from brand where name="CHANEL"));insert into perfume_note(perfume_id,note_id) values( 325,(select note_id from note where name='citrus' and type='TOP'));insert into perfume_note(perfume_id,note_id) values (325,(select note_id from note where name='pepper' and type='MIDDLE'));insert into perfume_note(perfume_id,note_id) values (325,(select note_id from note where name='atlas cedar' and type='MIDDLE'));insert into perfume_note(perfume_id,note_id) values (325,(select note_id from note where name='vetiver' and type='MIDDLE'));insert into perfume_note(perfume_id,note_id) values (325,(select note_id from note where name='white' and type='MIDDLE'));insert into perfume_note(perfume_id,note_id) values (325,(select note_id from note where name='musk' and type='MIDDLE'));insert into perfume_note(perfume_id,note_id) values (325,(select note_id from note where name='tonka bean' and type='MIDDLE'));insert into perfume_note(perfume_id,note_id) values (325,(select note_id from note where name='cedar' and type='BASE'));insert into perfume_note(perfume_id,note_id) values (325,(select note_id from note where name='neroli' and type='BASE'));insert into perfume_note(perfume_id,note_id) values (325,(select note_id from note where name='pepper' and type='BASE'));insert into perfume(perfume_id,concentration,image,name,price,rating,gender,volume,brand_id) values( '326','EDT','perfumes/326.jpg',"Aqva Marine Pour Homme",3000,'4.8',0,'100.0',(select brand_id from brand where name="BVLGARI"));insert into perfume_note(perfume_id,note_id) values( 326,(select note_id from note where name='citrus' and type='TOP'));insert into perfume_note(perfume_id,note_id) values (326,(select note_id from note where name='virginia cedar' and type='MIDDLE'));insert into perfume_note(perfume_id,note_id) values (326,(select note_id from note where name='amber' and type='MIDDLE'));insert into perfume_note(perfume_id,note_id) values (326,(select note_id from note where name='water notes' and type='BASE'));insert into perfume_note(perfume_id,note_id) values (326,(select note_id from note where name='rosemary' and type='BASE'));insert into perfume_note(perfume_id,note_id) values (326,(select note_id from note where name='seaweed' and type='BASE'));insert into perfume(perfume_id,concentration,image,name,price,rating,gender,volume,brand_id) values( '327','EDT','perfumes/327.jpg',"Dylan Blue",3000,'4.2',0,'5.0',(select brand_id from brand where name="VERSACE"));insert into perfume_note(perfume_id,note_id) values( 327,(select note_id from note where name='arabian' and type='TOP'));insert into perfume_note(perfume_id,note_id) values (327,(select note_id from note where name='incense' and type='MIDDLE'));insert into perfume_note(perfume_id,note_id) values (327,(select note_id from note where name='tonka bean' and type='MIDDLE'));insert into perfume_note(perfume_id,note_id) values (327,(select note_id from note where name='musk' and type='MIDDLE'));insert into perfume_note(perfume_id,note_id) values (327,(select note_id from note where name='saffron' and type='MIDDLE'));insert into perfume_note(perfume_id,note_id) values (327,(select note_id from note where name='pepper' and type='BASE'));insert into perfume_note(perfume_id,note_id) values (327,(select note_id from note where name='papyrus wood' and type='BASE'));insert into perfume_note(perfume_id,note_id) values (327,(select note_id from note where name='black' and type='BASE'));insert into perfume_note(perfume_id,note_id) values (327,(select note_id from note where name='ambergris' and type='BASE'));insert into perfume_note(perfume_id,note_id) values (327,(select note_id from note where name='violet leaves' and type='BASE'));insert into perfume_note(perfume_id,note_id) values (327,(select note_id from note where name='patchouli' and type='BASE'));insert into perfume(perfume_id,concentration,image,name,price,rating,gender,volume,brand_id) values( '328','EDT','perfumes/328.jpg',"Silver Scent",3000,'4.5',0,'100.0',(select brand_id from brand where name="Jacques Bogart"));insert into perfume_note(perfume_id,note_id) values( 328,(select note_id from note where name='arabian' and type='TOP'));insert into perfume_note(perfume_id,note_id) values (328,(select note_id from note where name='vetiver' and type='MIDDLE'));insert into perfume_note(perfume_id,note_id) values (328,(select note_id from note where name='teak' and type='MIDDLE'));insert into perfume_note(perfume_id,note_id) values (328,(select note_id from note where name='bean' and type='MIDDLE'));insert into perfume_note(perfume_id,note_id) values (328,(select note_id from note where name='wood' and type='MIDDLE'));insert into perfume_note(perfume_id,note_id) values (328,(select note_id from note where name='tonka' and type='MIDDLE'));insert into perfume_note(perfume_id,note_id) values (328,(select note_id from note where name='litchi' and type='MIDDLE'));insert into perfume_note(perfume_id,note_id) values (328,(select note_id from note where name='coriander' and type='BASE'));insert into perfume_note(perfume_id,note_id) values (328,(select note_id from note where name='nutmeg' and type='BASE'));insert into perfume_note(perfume_id,note_id) values (328,(select note_id from note where name='cardamom' and type='BASE'));insert into perfume_note(perfume_id,note_id) values (328,(select note_id from note where name='lavender' and type='BASE'));insert into perfume_note(perfume_id,note_id) values (328,(select note_id from note where name='geranium' and type='BASE'));insert into perfume_note(perfume_id,note_id) values (328,(select note_id from note where name='rosemary' and type='BASE'));insert into perfume(perfume_id,concentration,image,name,price,rating,gender,volume,brand_id) values( '329','EDP','perfumes/329.webp',"Si",3000,'5.0',0,'100.0',(select brand_id from brand where name="GIORGIO ARMANI"));insert into perfume_note(perfume_id,note_id) values( 329,(select note_id from note where name='floral' and type='TOP'));insert into perfume_note(perfume_id,note_id) values (329,(select note_id from note where name='orcanox' and type='MIDDLE'));insert into perfume_note(perfume_id,note_id) values (329,(select note_id from note where name='amber' and type='MIDDLE'));insert into perfume_note(perfume_id,note_id) values (329,(select note_id from note where name='woods' and type='MIDDLE'));insert into perfume_note(perfume_id,note_id) values (329,(select note_id from note where name='vanilla' and type='MIDDLE'));insert into perfume_note(perfume_id,note_id) values (329,(select note_id from note where name='patchouli' and type='MIDDLE'));insert into perfume_note(perfume_id,note_id) values (329,(select note_id from note where name='neroli' and type='BASE'));insert into perfume_note(perfume_id,note_id) values (329,(select note_id from note where name='freesia' and type='BASE'));insert into perfume_note(perfume_id,note_id) values (329,(select note_id from note where name='rose de mai' and type='BASE'));insert into perfume_note(perfume_id,note_id) values (329,(select note_id from note where name='egyptian jasmine' and type='BASE'));insert into perfume(perfume_id,concentration,image,name,price,rating,gender,volume,brand_id) values( '330','EDP','perfumes/330.jpg',"Debut Night",3000,'5.0',0,'100.0',(select brand_id from brand where name="AIGNER"));insert into perfume_note(perfume_id,note_id) values( 330,(select note_id from note where name='floral' and type='TOP'));insert into perfume_note(perfume_id,note_id) values (330,(select note_id from note where name='cedar' and type='MIDDLE'));insert into perfume_note(perfume_id,note_id) values (330,(select note_id from note where name='raspberry' and type='MIDDLE'));insert into perfume_note(perfume_id,note_id) values (330,(select note_id from note where name='vanilla' and type='MIDDLE'));insert into perfume_note(perfume_id,note_id) values (330,(select note_id from note where name='orange blossom' and type='BASE'));insert into perfume_note(perfume_id,note_id) values (330,(select note_id from note where name='rose' and type='BASE'));insert into perfume_note(perfume_id,note_id) values (330,(select note_id from note where name='water lily' and type='BASE'));insert into perfume(perfume_id,concentration,image,name,price,rating,gender,volume,brand_id) values( '331','EDT','perfumes/331.jpg',"Omnia Crystalline",3000,'5.0',0,'65.0',(select brand_id from brand where name="BVLGARI"));insert into perfume_note(perfume_id,note_id) values( 331,(select note_id from note where name='woody' and type='TOP'));insert into perfume_note(perfume_id,note_id) values (331,(select note_id from note where name='white sandalwood' and type='MIDDLE'));insert into perfume_note(perfume_id,note_id) values (331,(select note_id from note where name='benzoin' and type='MIDDLE'));insert into perfume_note(perfume_id,note_id) values (331,(select note_id from note where name='musks' and type='MIDDLE'));insert into perfume_note(perfume_id,note_id) values (331,(select note_id from note where name='from' and type='MIDDLE'));insert into perfume_note(perfume_id,note_id) values (331,(select note_id from note where name='siam' and type='MIDDLE'));insert into perfume_note(perfume_id,note_id) values (331,(select note_id from note where name='lotus flower' and type='BASE'));insert into perfume_note(perfume_id,note_id) values (331,(select note_id from note where name='concrete' and type='BASE'));insert into perfume_note(perfume_id,note_id) values (331,(select note_id from note where name='heliotrope' and type='BASE'));insert into perfume_note(perfume_id,note_id) values (331,(select note_id from note where name='orris' and type='BASE'));insert into perfume(perfume_id,concentration,image,name,price,rating,gender,volume,brand_id) values( '332','EDT','perfumes/332.jpg',"Idôle ED",3000,'5.0',0,'2.0',(select brand_id from brand where name="Lancome"));insert into perfume_note(perfume_id,note_id) values( 332,(select note_id from note where name='floral' and type='TOP'));insert into perfume_note(perfume_id,note_id) values (332,(select note_id from note where name='patchouli' and type='MIDDLE'));insert into perfume_note(perfume_id,note_id) values (332,(select note_id from note where name='amber' and type='MIDDLE'));insert into perfume_note(perfume_id,note_id) values (332,(select note_id from note where name='vanilla' and type='MIDDLE'));insert into perfume_note(perfume_id,note_id) values (332,(select note_id from note where name='musk' and type='MIDDLE'));insert into perfume_note(perfume_id,note_id) values (332,(select note_id from note where name='geranium' and type='BASE'));insert into perfume_note(perfume_id,note_id) values (332,(select note_id from note where name='jasmine' and type='BASE'));insert into perfume_note(perfume_id,note_id) values (332,(select note_id from note where name='neroli' and type='BASE'));insert into perfume_note(perfume_id,note_id) values (332,(select note_id from note where name='ylangylang' and type='BASE'));insert into perfume(perfume_id,concentration,image,name,price,rating,gender,volume,brand_id) values( '333','EDP','perfumes/333.jpg',"Oud Sharqia",3000,'4.4',0,'80.0',(select brand_id from brand where name="Ard Al Zaafaran"));insert into perfume_note(perfume_id,note_id) values( 333,(select note_id from note where name='arabian' and type='TOP'));insert into perfume_note(perfume_id,note_id) values (333,(select note_id from note where name='sweet wood' and type='MIDDLE'));insert into perfume_note(perfume_id,note_id) values (333,(select note_id from note where name='citric' and type='BASE'));insert into perfume(perfume_id,concentration,image,name,price,rating,gender,volume,brand_id) values( '334','EDT','perfumes/334.jpg',"1 Million Lucky",3000,'4.5',0,'100.0',(select brand_id from brand where name="PACO RABANNE"));insert into perfume_note(perfume_id,note_id) values( 334,(select note_id from note where name='woody' and type='TOP'));insert into perfume_note(perfume_id,note_id) values (334,(select note_id from note where name='patchouli' and type='MIDDLE'));insert into perfume_note(perfume_id,note_id) values (334,(select note_id from note where name='vetiver' and type='MIDDLE'));insert into perfume_note(perfume_id,note_id) values (334,(select note_id from note where name='oakmoss' and type='MIDDLE'));insert into perfume_note(perfume_id,note_id) values (334,(select note_id from note where name='cashmere wood' and type='BASE'));insert into perfume_note(perfume_id,note_id) values (334,(select note_id from note where name='jasmine' and type='BASE'));insert into perfume_note(perfume_id,note_id) values (334,(select note_id from note where name='honey' and type='BASE'));insert into perfume_note(perfume_id,note_id) values (334,(select note_id from note where name='cedar wood' and type='BASE'));insert into perfume_note(perfume_id,note_id) values (334,(select note_id from note where name='hazelnut' and type='BASE'));insert into perfume(perfume_id,concentration,image,name,price,rating,gender,volume,brand_id) values( '335','EDT','perfumes/335.jpg',"Eros",3000,'4.9',0,'200.0',(select brand_id from brand where name="VERSACE"));insert into perfume_note(perfume_id,note_id) values( 335,(select note_id from note where name='arabian' and type='TOP'));insert into perfume_note(perfume_id,note_id) values (335,(select note_id from note where name='cedar' and type='MIDDLE'));insert into perfume_note(perfume_id,note_id) values (335,(select note_id from note where name='vanilla' and type='MIDDLE'));insert into perfume_note(perfume_id,note_id) values (335,(select note_id from note where name='vetiver' and type='MIDDLE'));insert into perfume_note(perfume_id,note_id) values (335,(select note_id from note where name='oakmoss' and type='MIDDLE'));insert into perfume_note(perfume_id,note_id) values (335,(select note_id from note where name='geranium' and type='BASE'));insert into perfume_note(perfume_id,note_id) values (335,(select note_id from note where name='tonka beans' and type='BASE'));insert into perfume_note(perfume_id,note_id) values (335,(select note_id from note where name='ambroxan' and type='BASE'));insert into perfume(perfume_id,concentration,image,name,price,rating,gender,volume,brand_id) values( '336','EDP','perfumes/336.jpg',"Reveal",3000,'4.4',0,'100.0',(select brand_id from brand where name="Calvin Klein"));insert into perfume_note(perfume_id,note_id) values( 336,(select note_id from note where name='floral' and type='TOP'));insert into perfume_note(perfume_id,note_id) values (336,(select note_id from note where name='vetiver' and type='MIDDLE'));insert into perfume_note(perfume_id,note_id) values (336,(select note_id from note where name='cashmere' and type='MIDDLE'));insert into perfume_note(perfume_id,note_id) values (336,(select note_id from note where name='sandalwood' and type='MIDDLE'));insert into perfume_note(perfume_id,note_id) values (336,(select note_id from note where name='musk' and type='MIDDLE'));insert into perfume_note(perfume_id,note_id) values (336,(select note_id from note where name='ambergris' and type='BASE'));insert into perfume_note(perfume_id,note_id) values (336,(select note_id from note where name='powdery' and type='BASE'));insert into perfume_note(perfume_id,note_id) values (336,(select note_id from note where name='iris' and type='BASE'));insert into perfume(perfume_id,concentration,image,name,price,rating,gender,volume,brand_id) values( '337','EDP','perfumes/337.jpg',"Bloom Nettare Di Fiori",3000,'5.0',0,'100.0',(select brand_id from brand where name="GUCCI"));insert into perfume_note(perfume_id,note_id) values( 337,(select note_id from note where name='floral' and type='TOP'));insert into perfume_note(perfume_id,note_id) values (337,(select note_id from note where name='patchouli' and type='MIDDLE'));insert into perfume_note(perfume_id,note_id) values (337,(select note_id from note where name='osmanthus' and type='MIDDLE'));insert into perfume_note(perfume_id,note_id) values (337,(select note_id from note where name='musks' and type='MIDDLE'));insert into perfume_note(perfume_id,note_id) values (337,(select note_id from note where name='honeysuckle' and type='BASE'));insert into perfume_note(perfume_id,note_id) values (337,(select note_id from note where name='jasmine' and type='BASE'));insert into perfume_note(perfume_id,note_id) values (337,(select note_id from note where name='tuberose' and type='BASE'));insert into perfume(perfume_id,concentration,image,name,price,rating,gender,volume,brand_id) values( '338','EDT','perfumes/338.jpg',"Lanvin",3000,'5.0',0,'100.0',(select brand_id from brand where name="LANVIN"));insert into perfume_note(perfume_id,note_id) values( 338,(select note_id from note where name='woody' and type='TOP'));insert into perfume_note(perfume_id,note_id) values (338,(select note_id from note where name='sandalwood' and type='MIDDLE'));insert into perfume_note(perfume_id,note_id) values (338,(select note_id from note where name='vanilla' and type='MIDDLE'));insert into perfume_note(perfume_id,note_id) values (338,(select note_id from note where name='musk' and type='MIDDLE'));insert into perfume_note(perfume_id,note_id) values (338,(select note_id from note where name='amber' and type='MIDDLE'));insert into perfume_note(perfume_id,note_id) values (338,(select note_id from note where name='pepper' and type='BASE'));insert into perfume_note(perfume_id,note_id) values (338,(select note_id from note where name='mint' and type='BASE'));insert into perfume_note(perfume_id,note_id) values (338,(select note_id from note where name='sage' and type='BASE'));insert into perfume_note(perfume_id,note_id) values (338,(select note_id from note where name='cardamom' and type='BASE'));insert into perfume(perfume_id,concentration,image,name,price,rating,gender,volume,brand_id) values( '339','EDP','perfumes/339.jpg',"Femme",3000,'4.8',0,'75.0',(select brand_id from brand where name="HUGO BOSS"));insert into perfume_note(perfume_id,note_id) values( 339,(select note_id from note where name='floral' and type='TOP'));insert into perfume_note(perfume_id,note_id) values (339,(select note_id from note where name='lemon tree' and type='MIDDLE'));insert into perfume_note(perfume_id,note_id) values (339,(select note_id from note where name='amber' and type='MIDDLE'));insert into perfume_note(perfume_id,note_id) values (339,(select note_id from note where name='apricot' and type='MIDDLE'));insert into perfume_note(perfume_id,note_id) values (339,(select note_id from note where name='lily' and type='BASE'));insert into perfume_note(perfume_id,note_id) values (339,(select note_id from note where name='jasmine' and type='BASE'));insert into perfume_note(perfume_id,note_id) values (339,(select note_id from note where name='bulgarian rose' and type='BASE'));insert into perfume(perfume_id,concentration,image,name,price,rating,gender,volume,brand_id) values( '340','EDP','perfumes/340.jpg',"Fantasy",3000,'4.5',0,'100.0',(select brand_id from brand where name="Britney Spears"));insert into perfume_note(perfume_id,note_id) values( 340,(select note_id from note where name='floral' and type='TOP'));insert into perfume_note(perfume_id,note_id) values (340,(select note_id from note where name='creamy musk' and type='MIDDLE'));insert into perfume_note(perfume_id,note_id) values (340,(select note_id from note where name='woods' and type='MIDDLE'));insert into perfume_note(perfume_id,note_id) values (340,(select note_id from note where name='root' and type='MIDDLE'));insert into perfume_note(perfume_id,note_id) values (340,(select note_id from note where name='orris' and type='MIDDLE'));insert into perfume_note(perfume_id,note_id) values (340,(select note_id from note where name='sensual' and type='MIDDLE'));insert into perfume_note(perfume_id,note_id) values (340,(select note_id from note where name='chocolate' and type='BASE'));insert into perfume_note(perfume_id,note_id) values (340,(select note_id from note where name='jasmine' and type='BASE'));insert into perfume_note(perfume_id,note_id) values (340,(select note_id from note where name='orchid' and type='BASE'));insert into perfume_note(perfume_id,note_id) values (340,(select note_id from note where name='white' and type='BASE'));insert into perfume_note(perfume_id,note_id) values (340,(select note_id from note where name='cupcake' and type='BASE'));insert into perfume(perfume_id,concentration,image,name,price,rating,gender,volume,brand_id) values( '341','EDP','perfumes/341.jpg',"Royal",3000,'5.0',0,'90.0',(select brand_id from brand where name="ELIE SAAB"));insert into perfume_note(perfume_id,note_id) values( 341,(select note_id from note where name='floral' and type='TOP'));insert into perfume_note(perfume_id,note_id) values (341,(select note_id from note where name='indonesian patchouli essence' and type='MIDDLE'));insert into perfume_note(perfume_id,note_id) values (341,(select note_id from note where name='vanilla' and type='MIDDLE'));insert into perfume_note(perfume_id,note_id) values (341,(select note_id from note where name='amber' and type='MIDDLE'));insert into perfume_note(perfume_id,note_id) values (341,(select note_id from note where name='indian sandalwood' and type='MIDDLE'));insert into perfume_note(perfume_id,note_id) values (341,(select note_id from note where name='turkish rose absolute' and type='BASE'));insert into perfume_note(perfume_id,note_id) values (341,(select note_id from note where name='bulgarian rose absolute' and type='BASE'));insert into perfume_note(perfume_id,note_id) values (341,(select note_id from note where name='lebanese neroli' and type='BASE'));insert into perfume(perfume_id,concentration,image,name,price,rating,gender,volume,brand_id) values( '342','EDP','perfumes/342.jpg',"Si Fiori",3000,'5.0',0,'100.0',(select brand_id from brand where name="GIORGIO ARMANI"));insert into perfume_note(perfume_id,note_id) values( 342,(select note_id from note where name='floral' and type='TOP'));insert into perfume_note(perfume_id,note_id) values (342,(select note_id from note where name='vanilla' and type='MIDDLE'));insert into perfume_note(perfume_id,note_id) values (342,(select note_id from note where name='white musk' and type='MIDDLE'));insert into perfume_note(perfume_id,note_id) values (342,(select note_id from note where name='rose' and type='BASE'));insert into perfume_note(perfume_id,note_id) values (342,(select note_id from note where name='neroli' and type='BASE'));insert into perfume(perfume_id,concentration,image,name,price,rating,gender,volume,brand_id) values( '343','EDT','perfumes/343.jpg',"212 Men Nyc",3000,'4.3',0,'100.0',(select brand_id from brand where name="CAROLINA HERRERA"));insert into perfume_note(perfume_id,note_id) values( 343,(select note_id from note where name='woody' and type='TOP'));insert into perfume_note(perfume_id,note_id) values (343,(select note_id from note where name='guaiac wood' and type='MIDDLE'));insert into perfume_note(perfume_id,note_id) values (343,(select note_id from note where name='incense' and type='MIDDLE'));insert into perfume_note(perfume_id,note_id) values (343,(select note_id from note where name='labdanum' and type='MIDDLE'));insert into perfume_note(perfume_id,note_id) values (343,(select note_id from note where name='vetiver' and type='MIDDLE'));insert into perfume_note(perfume_id,note_id) values (343,(select note_id from note where name='sandalwood' and type='MIDDLE'));insert into perfume_note(perfume_id,note_id) values (343,(select note_id from note where name='musk' and type='MIDDLE'));insert into perfume_note(perfume_id,note_id) values (343,(select note_id from note where name='violet' and type='BASE'));insert into perfume_note(perfume_id,note_id) values (343,(select note_id from note where name='gardenia' and type='BASE'));insert into perfume_note(perfume_id,note_id) values (343,(select note_id from note where name='ginger' and type='BASE'));insert into perfume_note(perfume_id,note_id) values (343,(select note_id from note where name='sage' and type='BASE'));insert into perfume(perfume_id,concentration,image,name,price,rating,gender,volume,brand_id) values( '344','EDP','perfumes/344.jpg',"Jeu D'Amour L'elixir",3000,'4.6',0,'75.0',(select brand_id from brand where name="Kenzo"));insert into perfume_note(perfume_id,note_id) values( 344,(select note_id from note where name='fruity' and type='TOP'));insert into perfume_note(perfume_id,note_id) values (344,(select note_id from note where name='caramel' and type='MIDDLE'));insert into perfume_note(perfume_id,note_id) values (344,(select note_id from note where name='rum' and type='MIDDLE'));insert into perfume_note(perfume_id,note_id) values (344,(select note_id from note where name='sandalwood' and type='MIDDLE'));insert into perfume_note(perfume_id,note_id) values (344,(select note_id from note where name='vanilla' and type='MIDDLE'));insert into perfume_note(perfume_id,note_id) values (344,(select note_id from note where name='patchouli' and type='MIDDLE'));insert into perfume_note(perfume_id,note_id) values (344,(select note_id from note where name='jasmine' and type='BASE'));insert into perfume_note(perfume_id,note_id) values (344,(select note_id from note where name='tuberose' and type='BASE'));insert into perfume(perfume_id,concentration,image,name,price,rating,gender,volume,brand_id) values( '345','EDT','perfumes/345.jpg',"Hugo",3000,'4.2',0,'125.0',(select brand_id from brand where name="HUGO BOSS"));insert into perfume_note(perfume_id,note_id) values( 345,(select note_id from note where name='aromatic' and type='TOP'));insert into perfume_note(perfume_id,note_id) values (345,(select note_id from note where name='patchouli' and type='MIDDLE'));insert into perfume_note(perfume_id,note_id) values (345,(select note_id from note where name='fir' and type='MIDDLE'));insert into perfume_note(perfume_id,note_id) values (345,(select note_id from note where name='cedar wood' and type='MIDDLE'));insert into perfume_note(perfume_id,note_id) values (345,(select note_id from note where name='geranium' and type='BASE'));insert into perfume_note(perfume_id,note_id) values (345,(select note_id from note where name='jasmine' and type='BASE'));insert into perfume_note(perfume_id,note_id) values (345,(select note_id from note where name='carnation' and type='BASE'));insert into perfume_note(perfume_id,note_id) values (345,(select note_id from note where name='sage' and type='BASE'));insert into perfume(perfume_id,concentration,image,name,price,rating,gender,volume,brand_id) values( '346','EDT','perfumes/346.jpg',"Euphoria Intense",3000,'5.0',0,'100.0',(select brand_id from brand where name="Calvin Klein"));insert into perfume_note(perfume_id,note_id) values( 346,(select note_id from note where name='spicy' and type='TOP'));insert into perfume_note(perfume_id,note_id) values (346,(select note_id from note where name='amber' and type='MIDDLE'));insert into perfume_note(perfume_id,note_id) values (346,(select note_id from note where name='agarwood' and type='MIDDLE'));insert into perfume_note(perfume_id,note_id) values (346,(select note_id from note where name='labdanun' and type='MIDDLE'));insert into perfume_note(perfume_id,note_id) values (346,(select note_id from note where name='patchouli' and type='MIDDLE'));insert into perfume_note(perfume_id,note_id) values (346,(select note_id from note where name='myrrh' and type='MIDDLE'));insert into perfume_note(perfume_id,note_id) values (346,(select note_id from note where name='black basil' and type='BASE'));insert into perfume_note(perfume_id,note_id) values (346,(select note_id from note where name='sage' and type='BASE'));insert into perfume_note(perfume_id,note_id) values (346,(select note_id from note where name='cedar' and type='BASE'));insert into perfume_note(perfume_id,note_id) values (346,(select note_id from note where name='vetiver' and type='BASE'));insert into perfume(perfume_id,concentration,image,name,price,rating,gender,volume,brand_id) values( '347','EDT','perfumes/347.webp',"Legend Spirit",3000,'4.7',0,'100.0',(select brand_id from brand where name="MONTBLANC"));insert into perfume_note(perfume_id,note_id) values( 347,(select note_id from note where name='citrus' and type='TOP'));insert into perfume_note(perfume_id,note_id) values (347,(select note_id from note where name='white woods' and type='MIDDLE'));insert into perfume_note(perfume_id,note_id) values (347,(select note_id from note where name='oakmoss' and type='MIDDLE'));insert into perfume_note(perfume_id,note_id) values (347,(select note_id from note where name='white musk' and type='MIDDLE'));insert into perfume_note(perfume_id,note_id) values (347,(select note_id from note where name='cashmere wood' and type='MIDDLE'));insert into perfume_note(perfume_id,note_id) values (347,(select note_id from note where name='cardamom' and type='BASE'));insert into perfume_note(perfume_id,note_id) values (347,(select note_id from note where name='water notes' and type='BASE'));insert into perfume_note(perfume_id,note_id) values (347,(select note_id from note where name='lavender' and type='BASE'));insert into perfume(perfume_id,concentration,image,name,price,rating,gender,volume,brand_id) values( '348','EDT','perfumes/348.jpg',"Pegasus",3000,'4.5',0,'125.0',(select brand_id from brand where name="Parfums De Marly"));insert into perfume_note(perfume_id,note_id) values( 348,(select note_id from note where name='citrus' and type='TOP'));insert into perfume_note(perfume_id,note_id) values (348,(select note_id from note where name='ambergris' and type='MIDDLE'));insert into perfume_note(perfume_id,note_id) values (348,(select note_id from note where name='musk' and type='MIDDLE'));insert into perfume_note(perfume_id,note_id) values (348,(select note_id from note where name='orange blossom' and type='BASE'));insert into perfume_note(perfume_id,note_id) values (348,(select note_id from note where name='iris' and type='BASE'));insert into perfume(perfume_id,concentration,image,name,price,rating,gender,volume,brand_id) values( '349','EDT','perfumes/349.jpg',"Invictus",3000,'5.0',0,'150.0',(select brand_id from brand where name="PACO RABANNE"));insert into perfume_note(perfume_id,note_id) values( 349,(select note_id from note where name='citrus' and type='TOP'));insert into perfume_note(perfume_id,note_id) values (349,(select note_id from note where name='guaiac' and type='MIDDLE'));insert into perfume_note(perfume_id,note_id) values (349,(select note_id from note where name='patchouli' and type='MIDDLE'));insert into perfume_note(perfume_id,note_id) values (349,(select note_id from note where name='heart' and type='MIDDLE'));insert into perfume_note(perfume_id,note_id) values (349,(select note_id from note where name='wood' and type='MIDDLE'));insert into perfume_note(perfume_id,note_id) values (349,(select note_id from note where name='accord' and type='BASE'));insert into perfume_note(perfume_id,note_id) values (349,(select note_id from note where name='zests' and type='BASE'));insert into perfume_note(perfume_id,note_id) values (349,(select note_id from note where name='ambregris' and type='BASE'));insert into perfume_note(perfume_id,note_id) values (349,(select note_id from note where name='grapefruit' and type='BASE'));insert into perfume(perfume_id,concentration,image,name,price,rating,gender,volume,brand_id) values( '350','EDT','perfumes/350.jpg',"Uomo",3000,'4.1',0,'100.0',(select brand_id from brand where name="TRUSSARDI"));insert into perfume_note(perfume_id,note_id) values( 350,(select note_id from note where name='floral' and type='TOP'));insert into perfume_note(perfume_id,note_id) values (350,(select note_id from note where name='patchouli' and type='MIDDLE'));insert into perfume_note(perfume_id,note_id) values (350,(select note_id from note where name='leather' and type='MIDDLE'));insert into perfume_note(perfume_id,note_id) values (350,(select note_id from note where name='oak moss' and type='MIDDLE'));insert into perfume_note(perfume_id,note_id) values (350,(select note_id from note where name='geranium' and type='BASE'));insert into perfume_note(perfume_id,note_id) values (350,(select note_id from note where name='clary sage' and type='BASE'));insert into perfume_note(perfume_id,note_id) values (350,(select note_id from note where name='violet' and type='BASE'));insert into perfume(perfume_id,concentration,image,name,price,rating,gender,volume,brand_id) values( '351','EDT','perfumes/351.webp',"Esencia Pour Homme",3000,'5.0',0,'150.0',(select brand_id from brand where name="LOEWE"));insert into perfume_note(perfume_id,note_id) values( 351,(select note_id from note where name='woody' and type='TOP'));insert into perfume_note(perfume_id,note_id) values (351,(select note_id from note where name='amber' and type='MIDDLE'));insert into perfume_note(perfume_id,note_id) values (351,(select note_id from note where name='fir' and type='MIDDLE'));insert into perfume_note(perfume_id,note_id) values (351,(select note_id from note where name='styrax' and type='MIDDLE'));insert into perfume_note(perfume_id,note_id) values (351,(select note_id from note where name='vetiver' and type='MIDDLE'));insert into perfume_note(perfume_id,note_id) values (351,(select note_id from note where name='cedar' and type='MIDDLE'));insert into perfume_note(perfume_id,note_id) values (351,(select note_id from note where name='sandalwood' and type='MIDDLE'));insert into perfume_note(perfume_id,note_id) values (351,(select note_id from note where name='musk' and type='MIDDLE'));insert into perfume_note(perfume_id,note_id) values (351,(select note_id from note where name='patchouli' and type='MIDDLE'));insert into perfume_note(perfume_id,note_id) values (351,(select note_id from note where name='leather' and type='MIDDLE'));insert into perfume_note(perfume_id,note_id) values (351,(select note_id from note where name='tonka bean' and type='MIDDLE'));insert into perfume_note(perfume_id,note_id) values (351,(select note_id from note where name='oakmoss' and type='MIDDLE'));insert into perfume_note(perfume_id,note_id) values (351,(select note_id from note where name='clary sage' and type='BASE'));insert into perfume_note(perfume_id,note_id) values (351,(select note_id from note where name='rose' and type='BASE'));insert into perfume_note(perfume_id,note_id) values (351,(select note_id from note where name='jasmine' and type='BASE'));insert into perfume_note(perfume_id,note_id) values (351,(select note_id from note where name='nutmeg' and type='BASE'));insert into perfume_note(perfume_id,note_id) values (351,(select note_id from note where name='currant' and type='BASE'));insert into perfume_note(perfume_id,note_id) values (351,(select note_id from note where name='black' and type='BASE'));insert into perfume_note(perfume_id,note_id) values (351,(select note_id from note where name='pine tree needles' and type='BASE'));insert into perfume_note(perfume_id,note_id) values (351,(select note_id from note where name='neroli' and type='BASE'));insert into perfume_note(perfume_id,note_id) values (351,(select note_id from note where name='geranium' and type='BASE'));insert into perfume_note(perfume_id,note_id) values (351,(select note_id from note where name='lilyofthevalley' and type='BASE'));insert into perfume_note(perfume_id,note_id) values (351,(select note_id from note where name='basil' and type='BASE'));insert into perfume(perfume_id,concentration,image,name,price,rating,gender,volume,brand_id) values( '352','EDP','perfumes/352.webp',"Escape",3000,'5.0',0,'100.0',(select brand_id from brand where name="Calvin Klein"));insert into perfume_note(perfume_id,note_id) values( 352,(select note_id from note where name='oriental' and type='TOP'));insert into perfume_note(perfume_id,note_id) values (352,(select note_id from note where name='amber' and type='MIDDLE'));insert into perfume_note(perfume_id,note_id) values (352,(select note_id from note where name='cedar' and type='MIDDLE'));insert into perfume_note(perfume_id,note_id) values (352,(select note_id from note where name='vetiver' and type='MIDDLE'));insert into perfume_note(perfume_id,note_id) values (352,(select note_id from note where name='sandalwood' and type='MIDDLE'));insert into perfume_note(perfume_id,note_id) values (352,(select note_id from note where name='vanilla' and type='MIDDLE'));insert into perfume_note(perfume_id,note_id) values (352,(select note_id from note where name='musk' and type='MIDDLE'));insert into perfume_note(perfume_id,note_id) values (352,(select note_id from note where name='oakmoss' and type='MIDDLE'));insert into perfume_note(perfume_id,note_id) values (352,(select note_id from note where name='valley' and type='BASE'));insert into perfume_note(perfume_id,note_id) values (352,(select note_id from note where name='peach' and type='BASE'));insert into perfume_note(perfume_id,note_id) values (352,(select note_id from note where name='the' and type='BASE'));insert into perfume_note(perfume_id,note_id) values (352,(select note_id from note where name='rose' and type='BASE'));insert into perfume_note(perfume_id,note_id) values (352,(select note_id from note where name='jasmine' and type='BASE'));insert into perfume_note(perfume_id,note_id) values (352,(select note_id from note where name='carnation' and type='BASE'));insert into perfume_note(perfume_id,note_id) values (352,(select note_id from note where name='lily' and type='BASE'));insert into perfume_note(perfume_id,note_id) values (352,(select note_id from note where name='cloves' and type='BASE'));insert into perfume(perfume_id,concentration,image,name,price,rating,gender,volume,brand_id) values( '353','EDP','perfumes/353.jpg',"Explorer",3000,'5.0',0,'100.0',(select brand_id from brand where name="MONTBLANC"));insert into perfume_note(perfume_id,note_id) values( 353,(select note_id from note where name='woody' and type='TOP'));insert into perfume_note(perfume_id,note_id) values (353,(select note_id from note where name='akigalawood' and type='MIDDLE'));insert into perfume_note(perfume_id,note_id) values (353,(select note_id from note where name='indonesian patchouli leaf' and type='MIDDLE'));insert into perfume_note(perfume_id,note_id) values (353,(select note_id from note where name='ambroxan' and type='MIDDLE'));insert into perfume_note(perfume_id,note_id) values (353,(select note_id from note where name='cacao pod' and type='MIDDLE'));insert into perfume_note(perfume_id,note_id) values (353,(select note_id from note where name='leather' and type='BASE'));insert into perfume_note(perfume_id,note_id) values (353,(select note_id from note where name='haitian vetiver' and type='BASE'));insert into perfume(perfume_id,concentration,image,name,price,rating,gender,volume,brand_id) values( '354','EDP','perfumes/354.jpg',"Furiosa",3000,'4.6',0,'50.0',(select brand_id from brand where name="Fendi"));insert into perfume_note(perfume_id,note_id) values( 354,(select note_id from note where name='floral' and type='TOP'));insert into perfume_note(perfume_id,note_id) values (354,(select note_id from note where name='guaiac wood' and type='MIDDLE'));insert into perfume_note(perfume_id,note_id) values (354,(select note_id from note where name='amber' and type='MIDDLE'));insert into perfume_note(perfume_id,note_id) values (354,(select note_id from note where name='incense' and type='MIDDLE'));insert into perfume_note(perfume_id,note_id) values (354,(select note_id from note where name='flower' and type='BASE'));insert into perfume_note(perfume_id,note_id) values (354,(select note_id from note where name='jasmine' and type='BASE'));insert into perfume_note(perfume_id,note_id) values (354,(select note_id from note where name='gardenia' and type='BASE'));insert into perfume_note(perfume_id,note_id) values (354,(select note_id from note where name='violaciocca' and type='BASE'));insert into perfume(perfume_id,concentration,image,name,price,rating,gender,volume,brand_id) values( '355','EDT','perfumes/355.jpg',"Guilty Pour Homme",3000,'4.5',0,'90.0',(select brand_id from brand where name="GUCCI"));insert into perfume_note(perfume_id,note_id) values( 355,(select note_id from note where name='floral' and type='TOP'));insert into perfume_note(perfume_id,note_id) values (355,(select note_id from note where name='patchouli' and type='MIDDLE'));insert into perfume_note(perfume_id,note_id) values (355,(select note_id from note where name='virginia' and type='MIDDLE'));insert into perfume_note(perfume_id,note_id) values (355,(select note_id from note where name='cedar' and type='MIDDLE'));insert into perfume_note(perfume_id,note_id) values (355,(select note_id from note where name='african orange flower' and type='BASE'));insert into perfume(perfume_id,concentration,image,name,price,rating,gender,volume,brand_id) values( '356','EDT','perfumes/356.webp',"Legend",3000,'4.7',0,'100.0',(select brand_id from brand where name="MONTBLANC"));insert into perfume_note(perfume_id,note_id) values( 356,(select note_id from note where name='spicy' and type='TOP'));insert into perfume_note(perfume_id,note_id) values (356,(select note_id from note where name='sandalwood' and type='MIDDLE'));insert into perfume_note(perfume_id,note_id) values (356,(select note_id from note where name='tonka bean' and type='MIDDLE'));insert into perfume_note(perfume_id,note_id) values (356,(select note_id from note where name='coumarin' and type='BASE'));insert into perfume_note(perfume_id,note_id) values (356,(select note_id from note where name='apple' and type='BASE'));insert into perfume_note(perfume_id,note_id) values (356,(select note_id from note where name='rose' and type='BASE'));insert into perfume_note(perfume_id,note_id) values (356,(select note_id from note where name='dried fruit' and type='BASE'));insert into perfume_note(perfume_id,note_id) values (356,(select note_id from note where name='oak moss' and type='BASE'));insert into perfume_note(perfume_id,note_id) values (356,(select note_id from note where name='geranium' and type='BASE'));insert into perfume(perfume_id,concentration,image,name,price,rating,gender,volume,brand_id) values( '357','EDP','perfumes/357.jpg',"miu miu",3000,'5.0',0,'100.0',(select brand_id from brand where name="Miu Miu"));insert into perfume_note(perfume_id,note_id) values( 357,(select note_id from note where name='floral' and type='TOP'));insert into perfume_note(perfume_id,note_id) values (357,(select note_id from note where name='akigalawood' and type='MIDDLE'));insert into perfume_note(perfume_id,note_id) values (357,(select note_id from note where name='rose' and type='BASE'));insert into perfume_note(perfume_id,note_id) values (357,(select note_id from note where name='jasmine' and type='BASE'));insert into perfume_note(perfume_id,note_id) values (357,(select note_id from note where name='green notes' and type='BASE'));insert into perfume(perfume_id,concentration,image,name,price,rating,gender,volume,brand_id) values( '358','EDP','perfumes/358.jpg',"L'Interdit",3000,'5.0',0,'50.0',(select brand_id from brand where name="Givenchy"));insert into perfume_note(perfume_id,note_id) values( 358,(select note_id from note where name='floral' and type='TOP'));insert into perfume_note(perfume_id,note_id) values (358,(select note_id from note where name='vetiver' and type='MIDDLE'));insert into perfume_note(perfume_id,note_id) values (358,(select note_id from note where name='patchouli' and type='MIDDLE'));insert into perfume_note(perfume_id,note_id) values (358,(select note_id from note where name='vanilla' and type='MIDDLE'));insert into perfume_note(perfume_id,note_id) values (358,(select note_id from note where name='ambroxan' and type='MIDDLE'));insert into perfume_note(perfume_id,note_id) values (358,(select note_id from note where name='orange blossom' and type='BASE'));insert into perfume_note(perfume_id,note_id) values (358,(select note_id from note where name='jasmine' and type='BASE'));insert into perfume_note(perfume_id,note_id) values (358,(select note_id from note where name='tuberose' and type='BASE'));insert into perfume(perfume_id,concentration,image,name,price,rating,gender,volume,brand_id) values( '359','EDP','perfumes/359.jpg',"White Linen",3000,'4.6',0,'60.0',(select brand_id from brand where name="Estee Lauder"));insert into perfume_note(perfume_id,note_id) values( 359,(select note_id from note where name='oriental' and type='TOP'));insert into perfume_note(perfume_id,note_id) values (359,(select note_id from note where name='amber' and type='MIDDLE'));insert into perfume_note(perfume_id,note_id) values (359,(select note_id from note where name='vetiver' and type='MIDDLE'));insert into perfume_note(perfume_id,note_id) values (359,(select note_id from note where name='benzoin' and type='MIDDLE'));insert into perfume_note(perfume_id,note_id) values (359,(select note_id from note where name='sandalwood' and type='MIDDLE'));insert into perfume_note(perfume_id,note_id) values (359,(select note_id from note where name='cedar' and type='MIDDLE'));insert into perfume_note(perfume_id,note_id) values (359,(select note_id from note where name='honey' and type='MIDDLE'));insert into perfume_note(perfume_id,note_id) values (359,(select note_id from note where name='tonka bean' and type='MIDDLE'));insert into perfume_note(perfume_id,note_id) values (359,(select note_id from note where name='oakmoss' and type='MIDDLE'));insert into perfume_note(perfume_id,note_id) values (359,(select note_id from note where name='iris' and type='BASE'));insert into perfume_note(perfume_id,note_id) values (359,(select note_id from note where name='orris' and type='BASE'));insert into perfume_note(perfume_id,note_id) values (359,(select note_id from note where name='rose' and type='BASE'));insert into perfume_note(perfume_id,note_id) values (359,(select note_id from note where name='jasmine' and type='BASE'));insert into perfume_note(perfume_id,note_id) values (359,(select note_id from note where name='carnation' and type='BASE'));insert into perfume_note(perfume_id,note_id) values (359,(select note_id from note where name='orchid' and type='BASE'));insert into perfume_note(perfume_id,note_id) values (359,(select note_id from note where name='ylangylang' and type='BASE'));insert into perfume_note(perfume_id,note_id) values (359,(select note_id from note where name='violet' and type='BASE'));insert into perfume_note(perfume_id,note_id) values (359,(select note_id from note where name='lilac' and type='BASE'));insert into perfume_note(perfume_id,note_id) values (359,(select note_id from note where name='lilyofthevalley' and type='BASE'));insert into perfume_note(perfume_id,note_id) values (359,(select note_id from note where name='hyacinth' and type='BASE'));insert into perfume(perfume_id,concentration,image,name,price,rating,gender,volume,brand_id) values( '360','EDP','perfumes/360.webp',"White Linen",3000,'5.0',0,'60.0',(select brand_id from brand where name="Estee Lauder"));insert into perfume_note(perfume_id,note_id) values( 360,(select note_id from note where name='arabian' and type='TOP'));insert into perfume_note(perfume_id,note_id) values (360,(select note_id from note where name='amber' and type='MIDDLE'));insert into perfume_note(perfume_id,note_id) values (360,(select note_id from note where name='vetiver' and type='MIDDLE'));insert into perfume_note(perfume_id,note_id) values (360,(select note_id from note where name='benzoin' and type='MIDDLE'));insert into perfume_note(perfume_id,note_id) values (360,(select note_id from note where name='sandalwood' and type='MIDDLE'));insert into perfume_note(perfume_id,note_id) values (360,(select note_id from note where name='honey' and type='MIDDLE'));insert into perfume_note(perfume_id,note_id) values (360,(select note_id from note where name='tonka bean' and type='MIDDLE'));insert into perfume_note(perfume_id,note_id) values (360,(select note_id from note where name='oakmoss' and type='MIDDLE'));insert into perfume_note(perfume_id,note_id) values (360,(select note_id from note where name='iris' and type='BASE'));insert into perfume_note(perfume_id,note_id) values (360,(select note_id from note where name='orris' and type='BASE'));insert into perfume_note(perfume_id,note_id) values (360,(select note_id from note where name='rose' and type='BASE'));insert into perfume_note(perfume_id,note_id) values (360,(select note_id from note where name='jasmine' and type='BASE'));insert into perfume_note(perfume_id,note_id) values (360,(select note_id from note where name='carnation' and type='BASE'));insert into perfume_note(perfume_id,note_id) values (360,(select note_id from note where name='orchid' and type='BASE'));insert into perfume_note(perfume_id,note_id) values (360,(select note_id from note where name='ylangylang' and type='BASE'));insert into perfume_note(perfume_id,note_id) values (360,(select note_id from note where name='violet' and type='BASE'));insert into perfume_note(perfume_id,note_id) values (360,(select note_id from note where name='lilac' and type='BASE'));insert into perfume_note(perfume_id,note_id) values (360,(select note_id from note where name='lilyofthevalley' and type='BASE'));insert into perfume_note(perfume_id,note_id) values (360,(select note_id from note where name='hyacinth' and type='BASE'));insert into perfume(perfume_id,concentration,image,name,price,rating,gender,volume,brand_id) values( '361','EDT','perfumes/361.webp',"CK One",3000,'3.3',0,'200.0',(select brand_id from brand where name="Calvin Klein"));insert into perfume_note(perfume_id,note_id) values( 361,(select note_id from note where name='citrus' and type='TOP'));insert into perfume_note(perfume_id,note_id) values (361,(select note_id from note where name='amber' and type='MIDDLE'));insert into perfume_note(perfume_id,note_id) values (361,(select note_id from note where name='cedar' and type='MIDDLE'));insert into perfume_note(perfume_id,note_id) values (361,(select note_id from note where name='sandalwood' and type='MIDDLE'));insert into perfume_note(perfume_id,note_id) values (361,(select note_id from note where name='musk' and type='MIDDLE'));insert into perfume_note(perfume_id,note_id) values (361,(select note_id from note where name='oakmoss' and type='MIDDLE'));insert into perfume_note(perfume_id,note_id) values (361,(select note_id from note where name='valley' and type='BASE'));insert into perfume_note(perfume_id,note_id) values (361,(select note_id from note where name='the' and type='BASE'));insert into perfume_note(perfume_id,note_id) values (361,(select note_id from note where name='rose' and type='BASE'));insert into perfume_note(perfume_id,note_id) values (361,(select note_id from note where name='jasmine' and type='BASE'));insert into perfume_note(perfume_id,note_id) values (361,(select note_id from note where name='nutmeg' and type='BASE'));insert into perfume_note(perfume_id,note_id) values (361,(select note_id from note where name='lily' and type='BASE'));insert into perfume_note(perfume_id,note_id) values (361,(select note_id from note where name='violet' and type='BASE'));insert into perfume_note(perfume_id,note_id) values (361,(select note_id from note where name='orris root' and type='BASE'));insert into perfume(perfume_id,concentration,image,name,price,rating,gender,volume,brand_id) values( '362','EDP','perfumes/362.jpg',"Ultraviolet",3000,'4.8',0,'80.0',(select brand_id from brand where name="PACO RABANNE"));insert into perfume_note(perfume_id,note_id) values( 362,(select note_id from note where name='floral' and type='TOP'));insert into perfume_note(perfume_id,note_id) values (362,(select note_id from note where name='madagascar' and type='MIDDLE'));insert into perfume_note(perfume_id,note_id) values (362,(select note_id from note where name='vanilla' and type='MIDDLE'));insert into perfume_note(perfume_id,note_id) values (362,(select note_id from note where name='absolute' and type='MIDDLE'));insert into perfume_note(perfume_id,note_id) values (362,(select note_id from note where name='ambergris' and type='MIDDLE'));insert into perfume_note(perfume_id,note_id) values (362,(select note_id from note where name='chinese' and type='BASE'));insert into perfume_note(perfume_id,note_id) values (362,(select note_id from note where name='jasmine' and type='BASE'));insert into perfume_note(perfume_id,note_id) values (362,(select note_id from note where name='osmanthus' and type='BASE'));insert into perfume_note(perfume_id,note_id) values (362,(select note_id from note where name='sambac' and type='BASE'));insert into perfume_note(perfume_id,note_id) values (362,(select note_id from note where name='indian' and type='BASE'));insert into perfume(perfume_id,concentration,image,name,price,rating,gender,volume,brand_id) values( '363','EDT','perfumes/363.webp',"Play Intense",3000,'4.4',0,'50.0',(select brand_id from brand where name="Givenchy"));insert into perfume_note(perfume_id,note_id) values( 363,(select note_id from note where name='spicy' and type='TOP'));insert into perfume_note(perfume_id,note_id) values (363,(select note_id from note where name='french labdanum' and type='MIDDLE'));insert into perfume_note(perfume_id,note_id) values (363,(select note_id from note where name='patchouli' and type='MIDDLE'));insert into perfume_note(perfume_id,note_id) values (363,(select note_id from note where name='tonka bean' and type='MIDDLE'));insert into perfume_note(perfume_id,note_id) values (363,(select note_id from note where name='vetyver' and type='MIDDLE'));insert into perfume_note(perfume_id,note_id) values (363,(select note_id from note where name='pink pepper' and type='BASE'));insert into perfume_note(perfume_id,note_id) values (363,(select note_id from note where name='coffee' and type='BASE'));insert into perfume_note(perfume_id,note_id) values (363,(select note_id from note where name='amyris' and type='BASE'));insert into perfume(perfume_id,concentration,image,name,price,rating,gender,volume,brand_id) values( '364','EDT','perfumes/364.jpg',"Brit Sheer",3000,'4.8',0,'100.0',(select brand_id from brand where name="BURBERRY"));insert into perfume_note(perfume_id,note_id) values( 364,(select note_id from note where name='fruity' and type='TOP'));insert into perfume_note(perfume_id,note_id) values (364,(select note_id from note where name='white' and type='MIDDLE'));insert into perfume_note(perfume_id,note_id) values (364,(select note_id from note where name='wood' and type='MIDDLE'));insert into perfume_note(perfume_id,note_id) values (364,(select note_id from note where name='blond' and type='MIDDLE'));insert into perfume_note(perfume_id,note_id) values (364,(select note_id from note where name='musk' and type='MIDDLE'));insert into perfume_note(perfume_id,note_id) values (364,(select note_id from note where name='blossom' and type='BASE'));insert into perfume_note(perfume_id,note_id) values (364,(select note_id from note where name='peach' and type='BASE'));insert into perfume_note(perfume_id,note_id) values (364,(select note_id from note where name='nashi' and type='BASE'));insert into perfume_note(perfume_id,note_id) values (364,(select note_id from note where name='pink peony' and type='BASE'));insert into perfume_note(perfume_id,note_id) values (364,(select note_id from note where name='floral accent' and type='BASE'));insert into perfume(perfume_id,concentration,image,name,price,rating,gender,volume,brand_id) values( '365','EDP','perfumes/365.jpg',"Girl Of Now",3000,'4.0',0,'90.0',(select brand_id from brand where name="ELIE SAAB"));insert into perfume_note(perfume_id,note_id) values( 365,(select note_id from note where name='floral' and type='TOP'));insert into perfume_note(perfume_id,note_id) values (365,(select note_id from note where name='cashmeran' and type='MIDDLE'));insert into perfume_note(perfume_id,note_id) values (365,(select note_id from note where name='almond' and type='MIDDLE'));insert into perfume_note(perfume_id,note_id) values (365,(select note_id from note where name='milk' and type='MIDDLE'));insert into perfume_note(perfume_id,note_id) values (365,(select note_id from note where name='bean' and type='MIDDLE'));insert into perfume_note(perfume_id,note_id) values (365,(select note_id from note where name='tonka' and type='MIDDLE'));insert into perfume_note(perfume_id,note_id) values (365,(select note_id from note where name='patchouli' and type='MIDDLE'));insert into perfume_note(perfume_id,note_id) values (365,(select note_id from note where name='almond' and type='BASE'));insert into perfume_note(perfume_id,note_id) values (365,(select note_id from note where name='range blossom' and type='BASE'));insert into perfume_note(perfume_id,note_id) values (365,(select note_id from note where name='magnolia' and type='BASE'));insert into perfume(perfume_id,concentration,image,name,price,rating,gender,volume,brand_id) values( '366','EDT','perfumes/366.jpg',"Jaguar",3000,'4.5',0,'100.0',(select brand_id from brand where name="JAGUAR"));insert into perfume_note(perfume_id,note_id) values( 366,(select note_id from note where name='aromatic' and type='TOP'));insert into perfume_note(perfume_id,note_id) values (366,(select note_id from note where name='tobacco' and type='MIDDLE'));insert into perfume_note(perfume_id,note_id) values (366,(select note_id from note where name='amber' and type='MIDDLE'));insert into perfume_note(perfume_id,note_id) values (366,(select note_id from note where name='cedar' and type='MIDDLE'));insert into perfume_note(perfume_id,note_id) values (366,(select note_id from note where name='sandalwood' and type='MIDDLE'));insert into perfume_note(perfume_id,note_id) values (366,(select note_id from note where name='vanilla' and type='MIDDLE'));insert into perfume_note(perfume_id,note_id) values (366,(select note_id from note where name='musk' and type='MIDDLE'));insert into perfume_note(perfume_id,note_id) values (366,(select note_id from note where name='fern' and type='MIDDLE'));insert into perfume_note(perfume_id,note_id) values (366,(select note_id from note where name='patchouli' and type='MIDDLE'));insert into perfume_note(perfume_id,note_id) values (366,(select note_id from note where name='leather' and type='MIDDLE'));insert into perfume_note(perfume_id,note_id) values (366,(select note_id from note where name='tonka bean' and type='MIDDLE'));insert into perfume_note(perfume_id,note_id) values (366,(select note_id from note where name='oakmoss' and type='MIDDLE'));insert into perfume_note(perfume_id,note_id) values (366,(select note_id from note where name='fir' and type='BASE'));insert into perfume_note(perfume_id,note_id) values (366,(select note_id from note where name='gardenia' and type='BASE'));insert into perfume_note(perfume_id,note_id) values (366,(select note_id from note where name='cinnamon' and type='BASE'));insert into perfume_note(perfume_id,note_id) values (366,(select note_id from note where name='rose' and type='BASE'));insert into perfume_note(perfume_id,note_id) values (366,(select note_id from note where name='jasmine' and type='BASE'));insert into perfume_note(perfume_id,note_id) values (366,(select note_id from note where name='nutmeg' and type='BASE'));insert into perfume_note(perfume_id,note_id) values (366,(select note_id from note where name='carnation' and type='BASE'));insert into perfume_note(perfume_id,note_id) values (366,(select note_id from note where name='sage' and type='BASE'));insert into perfume_note(perfume_id,note_id) values (366,(select note_id from note where name='geranium' and type='BASE'));insert into perfume_note(perfume_id,note_id) values (366,(select note_id from note where name='cyclamen' and type='BASE'));insert into perfume_note(perfume_id,note_id) values (366,(select note_id from note where name='caraway' and type='BASE'));insert into perfume(perfume_id,concentration,image,name,price,rating,gender,volume,brand_id) values( '367','EDT','perfumes/367.jpg',"Eternally Hot",3000,'4.5',0,'100.0',(select brand_id from brand where name="DORALL COLLECTION"));insert into perfume_note(perfume_id,note_id) values( 367,(select note_id from note where name='woody' and type='TOP'));insert into perfume_note(perfume_id,note_id) values (367,(select note_id from note where name='vanilla' and type='MIDDLE'));insert into perfume_note(perfume_id,note_id) values (367,(select note_id from note where name='musk' and type='MIDDLE'));insert into perfume_note(perfume_id,note_id) values (367,(select note_id from note where name='jasmine' and type='BASE'));insert into perfume_note(perfume_id,note_id) values (367,(select note_id from note where name='gardenia' and type='BASE'));insert into perfume(perfume_id,concentration,image,name,price,rating,gender,volume,brand_id) values( '368','EDP','perfumes/368.jpg',"Place Vendome",3000,'4.5',0,'100.0',(select brand_id from brand where name="BOUCHERON"));insert into perfume_note(perfume_id,note_id) values( 368,(select note_id from note where name='floral' and type='TOP'));insert into perfume_note(perfume_id,note_id) values (368,(select note_id from note where name='cedar' and type='MIDDLE'));insert into perfume_note(perfume_id,note_id) values (368,(select note_id from note where name='white musk' and type='MIDDLE'));insert into perfume_note(perfume_id,note_id) values (368,(select note_id from note where name='rose' and type='BASE'));insert into perfume_note(perfume_id,note_id) values (368,(select note_id from note where name='jasmine' and type='BASE'));insert into perfume_note(perfume_id,note_id) values (368,(select note_id from note where name='iris' and type='BASE'));insert into perfume(perfume_id,concentration,image,name,price,rating,gender,volume,brand_id) values( '369','EDP','perfumes/369.webp',"Habit Rouge",3000,'4.5',0,'100.0',(select brand_id from brand where name="Guerlain"));insert into perfume_note(perfume_id,note_id) values( 369,(select note_id from note where name='woody' and type='TOP'));insert into perfume_note(perfume_id,note_id) values (369,(select note_id from note where name='amber' and type='MIDDLE'));insert into perfume_note(perfume_id,note_id) values (369,(select note_id from note where name='labdanum' and type='MIDDLE'));insert into perfume_note(perfume_id,note_id) values (369,(select note_id from note where name='benzoin' and type='MIDDLE'));insert into perfume_note(perfume_id,note_id) values (369,(select note_id from note where name='vanilla' and type='MIDDLE'));insert into perfume_note(perfume_id,note_id) values (369,(select note_id from note where name='leather' and type='MIDDLE'));insert into perfume_note(perfume_id,note_id) values (369,(select note_id from note where name='oakmoss' and type='MIDDLE'));insert into perfume_note(perfume_id,note_id) values (369,(select note_id from note where name='cinnamon' and type='BASE'));insert into perfume_note(perfume_id,note_id) values (369,(select note_id from note where name='rose' and type='BASE'));insert into perfume_note(perfume_id,note_id) values (369,(select note_id from note where name='jasmine' and type='BASE'));insert into perfume_note(perfume_id,note_id) values (369,(select note_id from note where name='carnation' and type='BASE'));insert into perfume_note(perfume_id,note_id) values (369,(select note_id from note where name='cedar' and type='BASE'));insert into perfume_note(perfume_id,note_id) values (369,(select note_id from note where name='sandalwood' and type='BASE'));insert into perfume_note(perfume_id,note_id) values (369,(select note_id from note where name='patchouli' and type='BASE'));insert into perfume(perfume_id,concentration,image,name,price,rating,gender,volume,brand_id) values( '370','EDP','perfumes/370.jpg',"Gabrielle",3000,'3.7',0,'100.0',(select brand_id from brand where name="CHANEL"));insert into perfume_note(perfume_id,note_id) values( 370,(select note_id from note where name='floral' and type='TOP'));insert into perfume_note(perfume_id,note_id) values (370,(select note_id from note where name='sandalwood' and type='MIDDLE'));insert into perfume_note(perfume_id,note_id) values (370,(select note_id from note where name='musk' and type='MIDDLE'));insert into perfume_note(perfume_id,note_id) values (370,(select note_id from note where name='blossom' and type='BASE'));insert into perfume_note(perfume_id,note_id) values (370,(select note_id from note where name='orange' and type='BASE'));insert into perfume_note(perfume_id,note_id) values (370,(select note_id from note where name='jasmine' and type='BASE'));insert into perfume_note(perfume_id,note_id) values (370,(select note_id from note where name='ylangylang' and type='BASE'));insert into perfume_note(perfume_id,note_id) values (370,(select note_id from note where name='tuberose' and type='BASE'));insert into perfume(perfume_id,concentration,image,name,price,rating,gender,volume,brand_id) values( '371','EDP','perfumes/371.jpg',"Ma Vie",3000,'5.0',0,'75.0',(select brand_id from brand where name="HUGO BOSS"));insert into perfume_note(perfume_id,note_id) values( 371,(select note_id from note where name='floral' and type='TOP'));insert into perfume_note(perfume_id,note_id) values (371,(select note_id from note where name='cedar' and type='MIDDLE'));insert into perfume_note(perfume_id,note_id) values (371,(select note_id from note where name='woody notes' and type='MIDDLE'));insert into perfume_note(perfume_id,note_id) values (371,(select note_id from note where name='rose' and type='BASE'));insert into perfume_note(perfume_id,note_id) values (371,(select note_id from note where name='jasmine' and type='BASE'));insert into perfume_note(perfume_id,note_id) values (371,(select note_id from note where name='pink freesia' and type='BASE'));insert into perfume(perfume_id,concentration,image,name,price,rating,gender,volume,brand_id) values( '372','EDP','perfumes/372.jpg',"Paradisio Azzuro",3000,'4.8',0,'75.0',(select brand_id from brand where name="Roberto Cavalli"));insert into perfume_note(perfume_id,note_id) values( 372,(select note_id from note where name='floral' and type='TOP'));insert into perfume_note(perfume_id,note_id) values (372,(select note_id from note where name='cashmere wood' and type='MIDDLE'));insert into perfume_note(perfume_id,note_id) values (372,(select note_id from note where name='cypress' and type='MIDDLE'));insert into perfume_note(perfume_id,note_id) values (372,(select note_id from note where name='amberwood' and type='MIDDLE'));insert into perfume_note(perfume_id,note_id) values (372,(select note_id from note where name='sandalwood' and type='MIDDLE'));insert into perfume_note(perfume_id,note_id) values (372,(select note_id from note where name='vanilla' and type='MIDDLE'));insert into perfume_note(perfume_id,note_id) values (372,(select note_id from note where name='peach' and type='BASE'));insert into perfume_note(perfume_id,note_id) values (372,(select note_id from note where name='apple' and type='BASE'));insert into perfume_note(perfume_id,note_id) values (372,(select note_id from note where name='rose' and type='BASE'));insert into perfume_note(perfume_id,note_id) values (372,(select note_id from note where name='jasmine' and type='BASE'));insert into perfume_note(perfume_id,note_id) values (372,(select note_id from note where name='tuberose' and type='BASE'));insert into perfume_note(perfume_id,note_id) values (372,(select note_id from note where name='water notes' and type='BASE'));insert into perfume(perfume_id,concentration,image,name,price,rating,gender,volume,brand_id) values( '373','EDT','perfumes/373.jpg',"The One",3000,'4.5',0,'100.0',(select brand_id from brand where name="Dolce & Gabbana"));insert into perfume_note(perfume_id,note_id) values( 373,(select note_id from note where name='spicy' and type='TOP'));insert into perfume_note(perfume_id,note_id) values (373,(select note_id from note where name='amber' and type='MIDDLE'));insert into perfume_note(perfume_id,note_id) values (373,(select note_id from note where name='vetiver' and type='MIDDLE'));insert into perfume_note(perfume_id,note_id) values (373,(select note_id from note where name='moss' and type='MIDDLE'));insert into perfume_note(perfume_id,note_id) values (373,(select note_id from note where name='vanilla' and type='MIDDLE'));insert into perfume_note(perfume_id,note_id) values (373,(select note_id from note where name='musk' and type='MIDDLE'));insert into perfume_note(perfume_id,note_id) values (373,(select note_id from note where name='valley' and type='BASE'));insert into perfume_note(perfume_id,note_id) values (373,(select note_id from note where name='the' and type='BASE'));insert into perfume_note(perfume_id,note_id) values (373,(select note_id from note where name='genisteae' and type='BASE'));insert into perfume_note(perfume_id,note_id) values (373,(select note_id from note where name='jasmine' and type='BASE'));insert into perfume_note(perfume_id,note_id) values (373,(select note_id from note where name='orange tree blossom' and type='BASE'));insert into perfume_note(perfume_id,note_id) values (373,(select note_id from note where name='ylangylang' and type='BASE'));insert into perfume_note(perfume_id,note_id) values (373,(select note_id from note where name='lily' and type='BASE'));insert into perfume(perfume_id,concentration,image,name,price,rating,gender,volume,brand_id) values( '374','EDP','perfumes/374.jpg',"Momentum Intense",3000,'5.0',0,'100.0',(select brand_id from brand where name="BENTLEY"));insert into perfume_note(perfume_id,note_id) values( 374,(select note_id from note where name='woody' and type='TOP'));insert into perfume_note(perfume_id,note_id) values (374,(select note_id from note where name='white' and type='MIDDLE'));insert into perfume_note(perfume_id,note_id) values (374,(select note_id from note where name='sandalwood' and type='MIDDLE'));insert into perfume_note(perfume_id,note_id) values (374,(select note_id from note where name='amber wood' and type='MIDDLE'));insert into perfume_note(perfume_id,note_id) values (374,(select note_id from note where name='musk' and type='MIDDLE'));insert into perfume_note(perfume_id,note_id) values (374,(select note_id from note where name='bean' and type='BASE'));insert into perfume_note(perfume_id,note_id) values (374,(select note_id from note where name='marine' and type='BASE'));insert into perfume_note(perfume_id,note_id) values (374,(select note_id from note where name='ambergris' and type='BASE'));insert into perfume_note(perfume_id,note_id) values (374,(select note_id from note where name='tonka' and type='BASE'));insert into perfume_note(perfume_id,note_id) values (374,(select note_id from note where name='geranium' and type='BASE'));insert into perfume(perfume_id,concentration,image,name,price,rating,gender,volume,brand_id) values( '375','EDT','perfumes/375.jpg',"Mon Bloom Of Rose",3000,'4.0',0,'100.0',(select brand_id from brand where name="Guerlain"));insert into perfume_note(perfume_id,note_id) values( 375,(select note_id from note where name='floral' and type='TOP'));insert into perfume_note(perfume_id,note_id) values (375,(select note_id from note where name='rose' and type='MIDDLE'));insert into perfume_note(perfume_id,note_id) values (375,(select note_id from note where name='neroli' and type='MIDDLE'));insert into perfume_note(perfume_id,note_id) values (375,(select note_id from note where name='sambac jasmine' and type='BASE'));insert into perfume(perfume_id,concentration,image,name,price,rating,gender,volume,brand_id) values( '376','EDT','perfumes/376.jpg',"In White",3000,'5.0',0,'88.0',(select brand_id from brand where name="KORLOFF"));insert into perfume_note(perfume_id,note_id) values( 376,(select note_id from note where name='citrus' and type='TOP'));insert into perfume_note(perfume_id,note_id) values (376,(select note_id from note where name='cashmeran' and type='MIDDLE'));insert into perfume_note(perfume_id,note_id) values (376,(select note_id from note where name='virginia cedar' and type='MIDDLE'));insert into perfume_note(perfume_id,note_id) values (376,(select note_id from note where name='bean' and type='MIDDLE'));insert into perfume_note(perfume_id,note_id) values (376,(select note_id from note where name='musk' and type='MIDDLE'));insert into perfume_note(perfume_id,note_id) values (376,(select note_id from note where name='tonka' and type='MIDDLE'));insert into perfume_note(perfume_id,note_id) values (376,(select note_id from note where name='orange' and type='BASE'));insert into perfume_note(perfume_id,note_id) values (376,(select note_id from note where name='flower' and type='BASE'));insert into perfume_note(perfume_id,note_id) values (376,(select note_id from note where name='sage' and type='BASE'));insert into perfume_note(perfume_id,note_id) values (376,(select note_id from note where name='clary' and type='BASE'));insert into perfume_note(perfume_id,note_id) values (376,(select note_id from note where name='lavender' and type='BASE'));insert into perfume_note(perfume_id,note_id) values (376,(select note_id from note where name='african' and type='BASE'));insert into perfume(perfume_id,concentration,image,name,price,rating,gender,volume,brand_id) values( '377','EDT','perfumes/377.jpg',"Orchidea della Cina",3000,'4.3',0,'100.0',(select brand_id from brand where name="TESORI D´ORIENTE"));insert into perfume_note(perfume_id,note_id) values( 377,(select note_id from note where name='floral' and type='TOP'));insert into perfume_note(perfume_id,note_id) values (377,(select note_id from note where name='praline' and type='MIDDLE'));insert into perfume_note(perfume_id,note_id) values (377,(select note_id from note where name='sandalwood' and type='MIDDLE'));insert into perfume_note(perfume_id,note_id) values (377,(select note_id from note where name='vanilla' and type='MIDDLE'));insert into perfume_note(perfume_id,note_id) values (377,(select note_id from note where name='musk' and type='MIDDLE'));insert into perfume_note(perfume_id,note_id) values (377,(select note_id from note where name='myrrh' and type='MIDDLE'));insert into perfume_note(perfume_id,note_id) values (377,(select note_id from note where name='orange blossom' and type='BASE'));insert into perfume_note(perfume_id,note_id) values (377,(select note_id from note where name='jasmine' and type='BASE'));insert into perfume_note(perfume_id,note_id) values (377,(select note_id from note where name='tiare flower' and type='BASE'));insert into perfume_note(perfume_id,note_id) values (377,(select note_id from note where name='orchid' and type='BASE'));insert into perfume(perfume_id,concentration,image,name,price,rating,gender,volume,brand_id) values( '378','EDP','perfumes/378.jpg',"Passenger",3000,'4.9',0,'100.0',(select brand_id from brand where name="S.T.Dupont"));insert into perfume_note(perfume_id,note_id) values( 378,(select note_id from note where name='fruity' and type='TOP'));insert into perfume_note(perfume_id,note_id) values (378,(select note_id from note where name='iris' and type='MIDDLE'));insert into perfume_note(perfume_id,note_id) values (378,(select note_id from note where name='white' and type='MIDDLE'));insert into perfume_note(perfume_id,note_id) values (378,(select note_id from note where name='sandalwood' and type='MIDDLE'));insert into perfume_note(perfume_id,note_id) values (378,(select note_id from note where name='vanilla' and type='MIDDLE'));insert into perfume_note(perfume_id,note_id) values (378,(select note_id from note where name='musk' and type='MIDDLE'));insert into perfume_note(perfume_id,note_id) values (378,(select note_id from note where name='peach' and type='BASE'));insert into perfume_note(perfume_id,note_id) values (378,(select note_id from note where name='gardenia' and type='BASE'));insert into perfume_note(perfume_id,note_id) values (378,(select note_id from note where name='rose' and type='BASE'));insert into perfume_note(perfume_id,note_id) values (378,(select note_id from note where name='white' and type='BASE'));insert into perfume_note(perfume_id,note_id) values (378,(select note_id from note where name='cyclamen' and type='BASE'));insert into perfume(perfume_id,concentration,image,name,price,rating,gender,volume,brand_id) values( '379','EDT','perfumes/379.jpg',"Uomo",3000,'5.0',0,'100.0',(select brand_id from brand where name="TRUSSARDI"));insert into perfume_note(perfume_id,note_id) values( 379,(select note_id from note where name='spicy' and type='TOP'));insert into perfume_note(perfume_id,note_id) values (379,(select note_id from note where name='patchouli' and type='MIDDLE'));insert into perfume_note(perfume_id,note_id) values (379,(select note_id from note where name='leather' and type='MIDDLE'));insert into perfume_note(perfume_id,note_id) values (379,(select note_id from note where name='moss' and type='MIDDLE'));insert into perfume_note(perfume_id,note_id) values (379,(select note_id from note where name='clary sage' and type='BASE'));insert into perfume_note(perfume_id,note_id) values (379,(select note_id from note where name='violet' and type='BASE'));insert into perfume(perfume_id,concentration,image,name,price,rating,gender,volume,brand_id) values( '380','EDT','perfumes/380.jpg',"DC Marine Noir",3000,'3.4',0,'100.0',(select brand_id from brand where name="DORALL COLLECTION"));insert into perfume_note(perfume_id,note_id) values( 380,(select note_id from note where name='floral' and type='TOP'));insert into perfume_note(perfume_id,note_id) values (380,(select note_id from note where name='amber' and type='MIDDLE'));insert into perfume_note(perfume_id,note_id) values (380,(select note_id from note where name='incense' and type='MIDDLE'));insert into perfume_note(perfume_id,note_id) values (380,(select note_id from note where name='cedar' and type='MIDDLE'));insert into perfume_note(perfume_id,note_id) values (380,(select note_id from note where name='vetiver' and type='MIDDLE'));insert into perfume_note(perfume_id,note_id) values (380,(select note_id from note where name='musk' and type='MIDDLE'));insert into perfume_note(perfume_id,note_id) values (380,(select note_id from note where name='patchouli' and type='MIDDLE'));insert into perfume_note(perfume_id,note_id) values (380,(select note_id from note where name='rosemary' and type='BASE'));insert into perfume_note(perfume_id,note_id) values (380,(select note_id from note where name='sage' and type='BASE'));insert into perfume_note(perfume_id,note_id) values (380,(select note_id from note where name='water' and type='BASE'));insert into perfume(perfume_id,concentration,image,name,price,rating,gender,volume,brand_id) values( '381','EDP','perfumes/381.webp',"Body",3000,'5.0',0,'85.0',(select brand_id from brand where name="BURBERRY"));insert into perfume_note(perfume_id,note_id) values( 381,(select note_id from note where name='woody' and type='TOP'));insert into perfume_note(perfume_id,note_id) values (381,(select note_id from note where name='amber' and type='MIDDLE'));insert into perfume_note(perfume_id,note_id) values (381,(select note_id from note where name='cashmere wood' and type='MIDDLE'));insert into perfume_note(perfume_id,note_id) values (381,(select note_id from note where name='vanille' and type='MIDDLE'));insert into perfume_note(perfume_id,note_id) values (381,(select note_id from note where name='musk' and type='MIDDLE'));insert into perfume_note(perfume_id,note_id) values (381,(select note_id from note where name='sandalwood' and type='BASE'));insert into perfume_note(perfume_id,note_id) values (381,(select note_id from note where name='rose' and type='BASE'));insert into perfume_note(perfume_id,note_id) values (381,(select note_id from note where name='iris' and type='BASE'));insert into perfume(perfume_id,concentration,image,name,price,rating,gender,volume,brand_id) values( '382','EDP','perfumes/382.jpg',"Bamboo",3000,'4.8',0,'75.0',(select brand_id from brand where name="GUCCI"));insert into perfume_note(perfume_id,note_id) values( 382,(select note_id from note where name='floral' and type='TOP'));insert into perfume_note(perfume_id,note_id) values (382,(select note_id from note where name='sandalwood' and type='MIDDLE'));insert into perfume_note(perfume_id,note_id) values (382,(select note_id from note where name='casablanca' and type='BASE'));insert into perfume_note(perfume_id,note_id) values (382,(select note_id from note where name='ylang' and type='BASE'));insert into perfume_note(perfume_id,note_id) values (382,(select note_id from note where name='lily' and type='BASE'));insert into perfume_note(perfume_id,note_id) values (382,(select note_id from note where name='extracomoros' and type='BASE'));insert into perfume(perfume_id,concentration,image,name,price,rating,gender,volume,brand_id) values( '383','EDT','perfumes/383.jpg',"Charli Blue",3000,'5.0',0,'100.0',(select brand_id from brand where name="Revlon"));insert into perfume_note(perfume_id,note_id) values( 383,(select note_id from note where name='woody' and type='TOP'));insert into perfume_note(perfume_id,note_id) values (383,(select note_id from note where name='sandalwood' and type='MIDDLE'));insert into perfume_note(perfume_id,note_id) values (383,(select note_id from note where name='musk' and type='MIDDLE'));insert into perfume_note(perfume_id,note_id) values (383,(select note_id from note where name='oakmoss' and type='MIDDLE'));insert into perfume_note(perfume_id,note_id) values (383,(select note_id from note where name='ylangylang' and type='BASE'));insert into perfume_note(perfume_id,note_id) values (383,(select note_id from note where name='rose' and type='BASE'));insert into perfume_note(perfume_id,note_id) values (383,(select note_id from note where name='jasmine' and type='BASE'));insert into perfume_note(perfume_id,note_id) values (383,(select note_id from note where name='muguet' and type='BASE'));insert into perfume(perfume_id,concentration,image,name,price,rating,gender,volume,brand_id) values( '384','EDT','perfumes/384.webp',"Hugo Man",3000,'4.3',0,'75.0',(select brand_id from brand where name="HUGO BOSS"));insert into perfume_note(perfume_id,note_id) values( 384,(select note_id from note where name='fresh' and type='TOP'));insert into perfume_note(perfume_id,note_id) values (384,(select note_id from note where name='patchouli' and type='MIDDLE'));insert into perfume_note(perfume_id,note_id) values (384,(select note_id from note where name='fir' and type='MIDDLE'));insert into perfume_note(perfume_id,note_id) values (384,(select note_id from note where name='cedar' and type='MIDDLE'));insert into perfume_note(perfume_id,note_id) values (384,(select note_id from note where name='geranium' and type='BASE'));insert into perfume_note(perfume_id,note_id) values (384,(select note_id from note where name='sage' and type='BASE'));insert into perfume_note(perfume_id,note_id) values (384,(select note_id from note where name='carnation' and type='BASE'));insert into perfume_note(perfume_id,note_id) values (384,(select note_id from note where name='jasmine' and type='BASE'));insert into perfume(perfume_id,concentration,image,name,price,rating,gender,volume,brand_id) values( '385','EDP','perfumes/385.jpg',"Absolute",3000,'5.0',0,'100.0',(select brand_id from brand where name="BENTLEY"));insert into perfume_note(perfume_id,note_id) values( 385,(select note_id from note where name='woody' and type='TOP'));insert into perfume_note(perfume_id,note_id) values (385,(select note_id from note where name='atlas cedar' and type='MIDDLE'));insert into perfume_note(perfume_id,note_id) values (385,(select note_id from note where name='amber' and type='MIDDLE'));insert into perfume_note(perfume_id,note_id) values (385,(select note_id from note where name='moss' and type='MIDDLE'));insert into perfume_note(perfume_id,note_id) values (385,(select note_id from note where name='agarwood' and type='MIDDLE'));insert into perfume_note(perfume_id,note_id) values (385,(select note_id from note where name='sandalwood' and type='BASE'));insert into perfume_note(perfume_id,note_id) values (385,(select note_id from note where name='papyrus' and type='BASE'));insert into perfume_note(perfume_id,note_id) values (385,(select note_id from note where name='olibanum' and type='BASE'));insert into perfume(perfume_id,concentration,image,name,price,rating,gender,volume,brand_id) values( '386','EDP','perfumes/386.webp',"Burberry Body",3000,'4.8',0,'85.0',(select brand_id from brand where name="BURBERRY"));insert into perfume_note(perfume_id,note_id) values( 386,(select note_id from note where name='fruity' and type='TOP'));insert into perfume_note(perfume_id,note_id) values (386,(select note_id from note where name='creamy vanilla' and type='MIDDLE'));insert into perfume_note(perfume_id,note_id) values (386,(select note_id from note where name='amber' and type='MIDDLE'));insert into perfume_note(perfume_id,note_id) values (386,(select note_id from note where name='woody cashmeran' and type='MIDDLE'));insert into perfume_note(perfume_id,note_id) values (386,(select note_id from note where name='musk.' and type='MIDDLE'));insert into perfume_note(perfume_id,note_id) values (386,(select note_id from note where name='natural rose absolute' and type='BASE'));insert into perfume_note(perfume_id,note_id) values (386,(select note_id from note where name='warm' and type='BASE'));insert into perfume_note(perfume_id,note_id) values (386,(select note_id from note where name='sandalwood.' and type='BASE'));insert into perfume_note(perfume_id,note_id) values (386,(select note_id from note where name='iris' and type='BASE'));insert into perfume(perfume_id,concentration,image,name,price,rating,gender,volume,brand_id) values( '387','EDT','perfumes/387.jpg',"Reveal",3000,'5.0',0,'100.0',(select brand_id from brand where name="Calvin Klein"));insert into perfume_note(perfume_id,note_id) values( 387,(select note_id from note where name='vanilla' and type='TOP'));insert into perfume_note(perfume_id,note_id) values (387,(select note_id from note where name='amber' and type='MIDDLE'));insert into perfume_note(perfume_id,note_id) values (387,(select note_id from note where name='golden' and type='MIDDLE'));insert into perfume_note(perfume_id,note_id) values (387,(select note_id from note where name='vintage' and type='MIDDLE'));insert into perfume_note(perfume_id,note_id) values (387,(select note_id from note where name='vanilla' and type='MIDDLE'));insert into perfume_note(perfume_id,note_id) values (387,(select note_id from note where name='haitian vetiver' and type='MIDDLE'));insert into perfume_note(perfume_id,note_id) values (387,(select note_id from note where name='agave' and type='BASE'));insert into perfume_note(perfume_id,note_id) values (387,(select note_id from note where name='kiwano' and type='BASE'));insert into perfume_note(perfume_id,note_id) values (387,(select note_id from note where name='nectar' and type='BASE'));insert into perfume(perfume_id,concentration,image,name,price,rating,gender,volume,brand_id) values( '388','EDT','perfumes/388.jpg',"Chrome",3000,'4.0',0,'100.0',(select brand_id from brand where name="AZZARO"));insert into perfume_note(perfume_id,note_id) values( 388,(select note_id from note where name='citrus' and type='TOP'));insert into perfume_note(perfume_id,note_id) values (388,(select note_id from note where name='brazilian' and type='MIDDLE'));insert into perfume_note(perfume_id,note_id) values (388,(select note_id from note where name='cedar' and type='MIDDLE'));insert into perfume_note(perfume_id,note_id) values (388,(select note_id from note where name='cardamom' and type='MIDDLE'));insert into perfume_note(perfume_id,note_id) values (388,(select note_id from note where name='sandalwood' and type='MIDDLE'));insert into perfume_note(perfume_id,note_id) values (388,(select note_id from note where name='rosewood' and type='MIDDLE'));insert into perfume_note(perfume_id,note_id) values (388,(select note_id from note where name='musk' and type='MIDDLE'));insert into perfume_note(perfume_id,note_id) values (388,(select note_id from note where name='tonka bean' and type='MIDDLE'));insert into perfume_note(perfume_id,note_id) values (388,(select note_id from note where name='oakmoss' and type='MIDDLE'));insert into perfume_note(perfume_id,note_id) values (388,(select note_id from note where name='pineapple' and type='BASE'));insert into perfume_note(perfume_id,note_id) values (388,(select note_id from note where name='bergamot' and type='BASE'));insert into perfume_note(perfume_id,note_id) values (388,(select note_id from note where name='neroli' and type='BASE'));insert into perfume_note(perfume_id,note_id) values (388,(select note_id from note where name='rosemary' and type='BASE'));insert into perfume_note(perfume_id,note_id) values (388,(select note_id from note where name='lemon' and type='BASE'));insert into perfume(perfume_id,concentration,image,name,price,rating,gender,volume,brand_id) values( '389','EDT','perfumes/389.jpg',"Custom",3000,'4.3',0,'100.0',(select brand_id from brand where name="Dunhill"));insert into perfume_note(perfume_id,note_id) values( 389,(select note_id from note where name='floral' and type='TOP'));insert into perfume_note(perfume_id,note_id) values (389,(select note_id from note where name='virginia cedar' and type='MIDDLE'));insert into perfume_note(perfume_id,note_id) values (389,(select note_id from note where name='incense' and type='MIDDLE'));insert into perfume_note(perfume_id,note_id) values (389,(select note_id from note where name='pepper' and type='BASE'));insert into perfume(perfume_id,concentration,image,name,price,rating,gender,volume,brand_id) values( '390','EDT','perfumes/390.jpg',"Super Cobra",3000,'5.0',0,'100.0',(select brand_id from brand where name="DORALL COLLECTION"));insert into perfume_note(perfume_id,note_id) values( 390,(select note_id from note where name='floral' and type='TOP'));insert into perfume_note(perfume_id,note_id) values (390,(select note_id from note where name='sandalwood' and type='MIDDLE'));insert into perfume_note(perfume_id,note_id) values (390,(select note_id from note where name='vanilla' and type='MIDDLE'));insert into perfume_note(perfume_id,note_id) values (390,(select note_id from note where name='mousse australian' and type='MIDDLE'));insert into perfume_note(perfume_id,note_id) values (390,(select note_id from note where name='amber milk' and type='MIDDLE'));insert into perfume_note(perfume_id,note_id) values (390,(select note_id from note where name='blossom' and type='BASE'));insert into perfume_note(perfume_id,note_id) values (390,(select note_id from note where name='peach' and type='BASE'));insert into perfume_note(perfume_id,note_id) values (390,(select note_id from note where name='leaf' and type='BASE'));insert into perfume_note(perfume_id,note_id) values (390,(select note_id from note where name='orange' and type='BASE'));insert into perfume_note(perfume_id,note_id) values (390,(select note_id from note where name='raspberry' and type='BASE'));insert into perfume(perfume_id,concentration,image,name,price,rating,gender,volume,brand_id) values( '391','EDP','perfumes/391.jpg',"lolita",3000,'4.4',0,'100.0',(select brand_id from brand where name="Lolita Lempicka"));insert into perfume_note(perfume_id,note_id) values( 391,(select note_id from note where name='vanilla' and type='TOP'));insert into perfume_note(perfume_id,note_id) values (391,(select note_id from note where name='tonka beans' and type='MIDDLE'));insert into perfume_note(perfume_id,note_id) values (391,(select note_id from note where name='praline' and type='MIDDLE'));insert into perfume_note(perfume_id,note_id) values (391,(select note_id from note where name='vetiver' and type='MIDDLE'));insert into perfume_note(perfume_id,note_id) values (391,(select note_id from note where name='vanilla' and type='MIDDLE'));insert into perfume_note(perfume_id,note_id) values (391,(select note_id from note where name='musk' and type='MIDDLE'));insert into perfume_note(perfume_id,note_id) values (391,(select note_id from note where name='licorice' and type='BASE'));insert into perfume_note(perfume_id,note_id) values (391,(select note_id from note where name='iris' and type='BASE'));insert into perfume_note(perfume_id,note_id) values (391,(select note_id from note where name='cherry' and type='BASE'));insert into perfume_note(perfume_id,note_id) values (391,(select note_id from note where name='amaryllis' and type='BASE'));insert into perfume_note(perfume_id,note_id) values (391,(select note_id from note where name='orris root' and type='BASE'));insert into perfume(perfume_id,concentration,image,name,price,rating,gender,volume,brand_id) values( '392','EDP','perfumes/392.jpg',"Polo Blue",3000,'4.7',0,'125.0',(select brand_id from brand where name="RALPH LAUREN"));insert into perfume_note(perfume_id,note_id) values( 392,(select note_id from note where name='woody' and type='TOP'));insert into perfume_note(perfume_id,note_id) values (392,(select note_id from note where name='vetiver' and type='MIDDLE'));insert into perfume_note(perfume_id,note_id) values (392,(select note_id from note where name='blue orris accord' and type='BASE'));insert into perfume(perfume_id,concentration,image,name,price,rating,gender,volume,brand_id) values( '393','EDT','perfumes/393.webp',"Narciso Rodriguez For Her",3000,'4.7',0,'100.0',(select brand_id from brand where name="NARCISO RODRIGUEZ"));insert into perfume_note(perfume_id,note_id) values( 393,(select note_id from note where name='woody' and type='TOP'));insert into perfume_note(perfume_id,note_id) values (393,(select note_id from note where name='vetiver' and type='MIDDLE'));insert into perfume_note(perfume_id,note_id) values (393,(select note_id from note where name='vanilla' and type='MIDDLE'));insert into perfume_note(perfume_id,note_id) values (393,(select note_id from note where name='egyptian musk' and type='BASE'));insert into perfume_note(perfume_id,note_id) values (393,(select note_id from note where name='amber' and type='BASE'));insert into perfume(perfume_id,concentration,image,name,price,rating,gender,volume,brand_id) values( '394','EDP','perfumes/394.jpg',"Eaudemoiselle No.1154",3000,'4.9',0,'25.0',(select brand_id from brand where name="MINI COLLECTION"));insert into perfume_note(perfume_id,note_id) values( 394,(select note_id from note where name='oriental' and type='TOP'));insert into perfume_note(perfume_id,note_id) values (394,(select note_id from note where name='rose' and type='MIDDLE'));insert into perfume_note(perfume_id,note_id) values (394,(select note_id from note where name='cinnamon' and type='BASE'));insert into perfume(perfume_id,concentration,image,name,price,rating,gender,volume,brand_id) values( '395','EDP','perfumes/395.jpg',"Happy Spirit",3000,'5.0',0,'75.0',(select brand_id from brand where name="CHOPARD"));insert into perfume_note(perfume_id,note_id) values( 395,(select note_id from note where name='fruity' and type='TOP'));insert into perfume_note(perfume_id,note_id) values (395,(select note_id from note where name='amber' and type='MIDDLE'));insert into perfume_note(perfume_id,note_id) values (395,(select note_id from note where name='cashmere wood' and type='MIDDLE'));insert into perfume_note(perfume_id,note_id) values (395,(select note_id from note where name='musk' and type='MIDDLE'));insert into perfume_note(perfume_id,note_id) values (395,(select note_id from note where name='honeysuckle' and type='BASE'));insert into perfume_note(perfume_id,note_id) values (395,(select note_id from note where name='osmanthus' and type='BASE'));insert into perfume(perfume_id,concentration,image,name,price,rating,gender,volume,brand_id) values( '396','EDT','perfumes/396.jpg',"Ideal",3000,'4.0',0,'100.0',(select brand_id from brand where name="Guerlain"));insert into perfume_note(perfume_id,note_id) values( 396,(select note_id from note where name='woody' and type='TOP'));insert into perfume_note(perfume_id,note_id) values (396,(select note_id from note where name='cedar' and type='MIDDLE'));insert into perfume_note(perfume_id,note_id) values (396,(select note_id from note where name='leather' and type='MIDDLE'));insert into perfume_note(perfume_id,note_id) values (396,(select note_id from note where name='vetiver' and type='MIDDLE'));insert into perfume_note(perfume_id,note_id) values (396,(select note_id from note where name='bean' and type='BASE'));insert into perfume_note(perfume_id,note_id) values (396,(select note_id from note where name='almond' and type='BASE'));insert into perfume_note(perfume_id,note_id) values (396,(select note_id from note where name='tonka' and type='BASE'));insert into perfume(perfume_id,concentration,image,name,price,rating,gender,volume,brand_id) values( '397','EDP','perfumes/397.jpg',"Chloe",3000,'5.0',0,'50.0',(select brand_id from brand where name="CHLOE"));insert into perfume_note(perfume_id,note_id) values( 397,(select note_id from note where name='floral' and type='TOP'));insert into perfume_note(perfume_id,note_id) values (397,(select note_id from note where name='amber' and type='MIDDLE'));insert into perfume_note(perfume_id,note_id) values (397,(select note_id from note where name='virginia cedar' and type='MIDDLE'));insert into perfume_note(perfume_id,note_id) values (397,(select note_id from note where name='rose' and type='BASE'));insert into perfume_note(perfume_id,note_id) values (397,(select note_id from note where name='caribbean magnolia' and type='BASE'));insert into perfume_note(perfume_id,note_id) values (397,(select note_id from note where name='lilyofthevalley' and type='BASE'));insert into perfume(perfume_id,concentration,image,name,price,rating,gender,volume,brand_id) values( '398','EDT','perfumes/398.jpg',"Lapidus Pour Homme",3000,'5.0',0,'100.0',(select brand_id from brand where name="TED LAPIDUS"));insert into perfume_note(perfume_id,note_id) values( 398,(select note_id from note where name='woody' and type='TOP'));insert into perfume_note(perfume_id,note_id) values (398,(select note_id from note where name='amber' and type='MIDDLE'));insert into perfume_note(perfume_id,note_id) values (398,(select note_id from note where name='cedar' and type='MIDDLE'));insert into perfume_note(perfume_id,note_id) values (398,(select note_id from note where name='sandalwood' and type='MIDDLE'));insert into perfume_note(perfume_id,note_id) values (398,(select note_id from note where name='tobacco.' and type='MIDDLE'));insert into perfume_note(perfume_id,note_id) values (398,(select note_id from note where name='musk' and type='MIDDLE'));insert into perfume_note(perfume_id,note_id) values (398,(select note_id from note where name='patchouli' and type='MIDDLE'));insert into perfume_note(perfume_id,note_id) values (398,(select note_id from note where name='tonka bean' and type='MIDDLE'));insert into perfume_note(perfume_id,note_id) values (398,(select note_id from note where name='oakmoss' and type='MIDDLE'));insert into perfume_note(perfume_id,note_id) values (398,(select note_id from note where name='pine tree' and type='BASE'));insert into perfume_note(perfume_id,note_id) values (398,(select note_id from note where name='incense' and type='BASE'));insert into perfume_note(perfume_id,note_id) values (398,(select note_id from note where name='brazilian' and type='BASE'));insert into perfume_note(perfume_id,note_id) values (398,(select note_id from note where name='rose' and type='BASE'));insert into perfume_note(perfume_id,note_id) values (398,(select note_id from note where name='jasmine' and type='BASE'));insert into perfume_note(perfume_id,note_id) values (398,(select note_id from note where name='honey' and type='BASE'));insert into perfume_note(perfume_id,note_id) values (398,(select note_id from note where name='orris root' and type='BASE'));insert into perfume_note(perfume_id,note_id) values (398,(select note_id from note where name='rosewood' and type='BASE'));insert into perfume_note(perfume_id,note_id) values (398,(select note_id from note where name='petitgrain' and type='BASE'));insert into perfume_note(perfume_id,note_id) values (398,(select note_id from note where name='lilyofthevalley' and type='BASE'));insert into perfume_note(perfume_id,note_id) values (398,(select note_id from note where name='caraway' and type='BASE'));insert into perfume(perfume_id,concentration,image,name,price,rating,gender,volume,brand_id) values( '399','EDT','perfumes/399.jpg',"Bad Boy",3000,'5.0',0,'100.0',(select brand_id from brand where name="CAROLINA HERRERA"));insert into perfume_note(perfume_id,note_id) values( 399,(select note_id from note where name='spicy' and type='TOP'));insert into perfume_note(perfume_id,note_id) values (399,(select note_id from note where name='amberwood' and type='MIDDLE'));insert into perfume_note(perfume_id,note_id) values (399,(select note_id from note where name='tonka bean' and type='MIDDLE'));insert into perfume_note(perfume_id,note_id) values (399,(select note_id from note where name='cacao' and type='MIDDLE'));insert into perfume_note(perfume_id,note_id) values (399,(select note_id from note where name='cedar' and type='BASE'));insert into perfume_note(perfume_id,note_id) values (399,(select note_id from note where name='sage' and type='BASE'));insert into perfume(perfume_id,concentration,image,name,price,rating,gender,volume,brand_id) values( '400','EDT','perfumes/400.jpg',"Blue Jeans",3000,'4.4',0,'75.0',(select brand_id from brand where name="VERSACE"));insert into perfume_note(perfume_id,note_id) values( 400,(select note_id from note where name='arabian' and type='TOP'));insert into perfume_note(perfume_id,note_id) values (400,(select note_id from note where name='amber' and type='MIDDLE'));insert into perfume_note(perfume_id,note_id) values (400,(select note_id from note where name='iris' and type='MIDDLE'));insert into perfume_note(perfume_id,note_id) values (400,(select note_id from note where name='vetiver' and type='MIDDLE'));insert into perfume_note(perfume_id,note_id) values (400,(select note_id from note where name='cedar' and type='MIDDLE'));insert into perfume_note(perfume_id,note_id) values (400,(select note_id from note where name='sandalwood' and type='MIDDLE'));insert into perfume_note(perfume_id,note_id) values (400,(select note_id from note where name='vanilla' and type='MIDDLE'));insert into perfume_note(perfume_id,note_id) values (400,(select note_id from note where name='musk' and type='MIDDLE'));insert into perfume_note(perfume_id,note_id) values (400,(select note_id from note where name='patchouli' and type='MIDDLE'));insert into perfume_note(perfume_id,note_id) values (400,(select note_id from note where name='tonka bean' and type='MIDDLE'));insert into perfume_note(perfume_id,note_id) values (400,(select note_id from note where name='rose' and type='BASE'));insert into perfume_note(perfume_id,note_id) values (400,(select note_id from note where name='jasmine' and type='BASE'));insert into perfume_note(perfume_id,note_id) values (400,(select note_id from note where name='carnation' and type='BASE'));insert into perfume_note(perfume_id,note_id) values (400,(select note_id from note where name='sage' and type='BASE'));insert into perfume_note(perfume_id,note_id) values (400,(select note_id from note where name='lavender' and type='BASE'));insert into perfume_note(perfume_id,note_id) values (400,(select note_id from note where name='heliotrope' and type='BASE'));insert into perfume_note(perfume_id,note_id) values (400,(select note_id from note where name='geranium' and type='BASE'));insert into perfume_note(perfume_id,note_id) values (400,(select note_id from note where name='fir' and type='BASE'));insert into perfume_note(perfume_id,note_id) values (400,(select note_id from note where name='lilyofthevalley' and type='BASE'));insert into perfume(perfume_id,concentration,image,name,price,rating,gender,volume,brand_id) values( '401','EDT','perfumes/401.jpg',"Extreme",3000,'5.0',0,'100.0',(select brand_id from brand where name="BVLGARI"));insert into perfume_note(perfume_id,note_id) values( 401,(select note_id from note where name='citrus' and type='TOP'));insert into perfume_note(perfume_id,note_id) values (401,(select note_id from note where name='haitian' and type='MIDDLE'));insert into perfume_note(perfume_id,note_id) values (401,(select note_id from note where name='laotian' and type='MIDDLE'));insert into perfume_note(perfume_id,note_id) values (401,(select note_id from note where name='vetiver' and type='MIDDLE'));insert into perfume_note(perfume_id,note_id) values (401,(select note_id from note where name='benzoin' and type='MIDDLE'));insert into perfume_note(perfume_id,note_id) values (401,(select note_id from note where name='balsa wood' and type='MIDDLE'));insert into perfume_note(perfume_id,note_id) values (401,(select note_id from note where name='vegetal' and type='BASE'));insert into perfume_note(perfume_id,note_id) values (401,(select note_id from note where name='amber' and type='BASE'));insert into perfume_note(perfume_id,note_id) values (401,(select note_id from note where name='cardamom' and type='BASE'));insert into perfume_note(perfume_id,note_id) values (401,(select note_id from note where name='white freesia' and type='BASE'));insert into perfume_note(perfume_id,note_id) values (401,(select note_id from note where name='guatemalan' and type='BASE'));insert into perfume(perfume_id,concentration,image,name,price,rating,gender,volume,brand_id) values( '402','EDP','perfumes/402.jpg',"Pour Femme",3000,'4.5',0,'90.0',(select brand_id from brand where name="LACOSTE"));insert into perfume_note(perfume_id,note_id) values( 402,(select note_id from note where name='floral' and type='TOP'));insert into perfume_note(perfume_id,note_id) values (402,(select note_id from note where name='cedar' and type='MIDDLE'));insert into perfume_note(perfume_id,note_id) values (402,(select note_id from note where name='sandalwood' and type='MIDDLE'));insert into perfume_note(perfume_id,note_id) values (402,(select note_id from note where name='vetiver' and type='MIDDLE'));insert into perfume_note(perfume_id,note_id) values (402,(select note_id from note where name='musk' and type='MIDDLE'));insert into perfume_note(perfume_id,note_id) values (402,(select note_id from note where name='white' and type='BASE'));insert into perfume_note(perfume_id,note_id) values (402,(select note_id from note where name='hibiscus' and type='BASE'));insert into perfume_note(perfume_id,note_id) values (402,(select note_id from note where name='jasmine petals' and type='BASE'));insert into perfume_note(perfume_id,note_id) values (402,(select note_id from note where name='heliotrope' and type='BASE'));insert into perfume(perfume_id,concentration,image,name,price,rating,gender,volume,brand_id) values( '403','EDT','perfumes/403.jpg',"Dupont",3000,'4.4',0,'100.0',(select brand_id from brand where name="S.T.Dupont"));insert into perfume_note(perfume_id,note_id) values( 403,(select note_id from note where name='spicy' and type='TOP'));insert into perfume_note(perfume_id,note_id) values (403,(select note_id from note where name='amber' and type='MIDDLE'));insert into perfume_note(perfume_id,note_id) values (403,(select note_id from note where name='vitae' and type='MIDDLE'));insert into perfume_note(perfume_id,note_id) values (403,(select note_id from note where name='musk' and type='MIDDLE'));insert into perfume_note(perfume_id,note_id) values (403,(select note_id from note where name='heliotrope' and type='MIDDLE'));insert into perfume_note(perfume_id,note_id) values (403,(select note_id from note where name='lignum' and type='MIDDLE'));insert into perfume_note(perfume_id,note_id) values (403,(select note_id from note where name='iris' and type='BASE'));insert into perfume_note(perfume_id,note_id) values (403,(select note_id from note where name='cedar' and type='BASE'));insert into perfume_note(perfume_id,note_id) values (403,(select note_id from note where name='birch' and type='BASE'));insert into perfume_note(perfume_id,note_id) values (403,(select note_id from note where name='wood' and type='BASE'));insert into perfume_note(perfume_id,note_id) values (403,(select note_id from note where name='essence' and type='BASE'));insert into perfume(perfume_id,concentration,image,name,price,rating,gender,volume,brand_id) values( '404','EDT','perfumes/404.webp',"Simple",3000,'4.3',0,'100.0',(select brand_id from brand where name="DORALL COLLECTION"));insert into perfume_note(perfume_id,note_id) values( 404,(select note_id from note where name='floral' and type='TOP'));insert into perfume_note(perfume_id,note_id) values (404,(select note_id from note where name='amber' and type='MIDDLE'));insert into perfume_note(perfume_id,note_id) values (404,(select note_id from note where name='sandalwood' and type='MIDDLE'));insert into perfume_note(perfume_id,note_id) values (404,(select note_id from note where name='vanilla' and type='MIDDLE'));insert into perfume_note(perfume_id,note_id) values (404,(select note_id from note where name='musk' and type='MIDDLE'));insert into perfume_note(perfume_id,note_id) values (404,(select note_id from note where name='patchouli' and type='MIDDLE'));insert into perfume_note(perfume_id,note_id) values (404,(select note_id from note where name='valley' and type='BASE'));insert into perfume_note(perfume_id,note_id) values (404,(select note_id from note where name='gardenia' and type='BASE'));insert into perfume_note(perfume_id,note_id) values (404,(select note_id from note where name='the' and type='BASE'));insert into perfume_note(perfume_id,note_id) values (404,(select note_id from note where name='jasmine' and type='BASE'));insert into perfume_note(perfume_id,note_id) values (404,(select note_id from note where name='lily' and type='BASE'));insert into perfume_note(perfume_id,note_id) values (404,(select note_id from note where name='magnolia' and type='BASE'));insert into perfume_note(perfume_id,note_id) values (404,(select note_id from note where name='freesia' and type='BASE'));insert into perfume(perfume_id,concentration,image,name,price,rating,gender,volume,brand_id) values( '405','EDP','perfumes/405.jpg',"Happy Spirit",3000,'5.0',0,'75.0',(select brand_id from brand where name="CHOPARD"));insert into perfume_note(perfume_id,note_id) values( 405,(select note_id from note where name='fruity' and type='TOP'));insert into perfume_note(perfume_id,note_id) values (405,(select note_id from note where name='amber' and type='MIDDLE'));insert into perfume_note(perfume_id,note_id) values (405,(select note_id from note where name='cashmere wood' and type='MIDDLE'));insert into perfume_note(perfume_id,note_id) values (405,(select note_id from note where name='musk' and type='MIDDLE'));insert into perfume_note(perfume_id,note_id) values (405,(select note_id from note where name='honeysuckle' and type='BASE'));insert into perfume_note(perfume_id,note_id) values (405,(select note_id from note where name='osmanthus' and type='BASE'));insert into perfume(perfume_id,concentration,image,name,price,rating,gender,volume,brand_id) values( '406','EDP','perfumes/406.jpg',"New York",3000,'4.7',0,'90.0',(select brand_id from brand where name="COACH"));insert into perfume_note(perfume_id,note_id) values( 406,(select note_id from note where name='fruity' and type='TOP'));insert into perfume_note(perfume_id,note_id) values (406,(select note_id from note where name='suede musk sandalwood cashmeran' and type='MIDDLE'));insert into perfume_note(perfume_id,note_id) values (406,(select note_id from note where name='turkish rose gardenia cyclamen' and type='BASE'));insert into perfume(perfume_id,concentration,image,name,price,rating,gender,volume,brand_id) values( '407','EDP','perfumes/407.jpg',"Place Vendome",3000,'4.5',0,'100.0',(select brand_id from brand where name="BOUCHERON"));insert into perfume_note(perfume_id,note_id) values( 407,(select note_id from note where name='floral' and type='TOP'));insert into perfume_note(perfume_id,note_id) values (407,(select note_id from note where name='cedar' and type='MIDDLE'));insert into perfume_note(perfume_id,note_id) values (407,(select note_id from note where name='benzoin' and type='MIDDLE'));insert into perfume_note(perfume_id,note_id) values (407,(select note_id from note where name='sensual' and type='MIDDLE'));insert into perfume_note(perfume_id,note_id) values (407,(select note_id from note where name='creamy honey' and type='BASE'));insert into perfume_note(perfume_id,note_id) values (407,(select note_id from note where name='jasmine petals' and type='BASE'));insert into perfume_note(perfume_id,note_id) values (407,(select note_id from note where name='peony' and type='BASE'));insert into perfume(perfume_id,concentration,image,name,price,rating,gender,volume,brand_id) values( '408','EDT','perfumes/408.jpg',"Declaration D'Un Soir",3000,'4.8',0,'100.0',(select brand_id from brand where name="CARTIER"));insert into perfume_note(perfume_id,note_id) values( 408,(select note_id from note where name='spicy' and type='TOP'));insert into perfume_note(perfume_id,note_id) values (408,(select note_id from note where name='sandalwood' and type='MIDDLE'));insert into perfume_note(perfume_id,note_id) values (408,(select note_id from note where name='rose' and type='BASE'));insert into perfume_note(perfume_id,note_id) values (408,(select note_id from note where name='nutmeg' and type='BASE'));insert into perfume(perfume_id,concentration,image,name,price,rating,gender,volume,brand_id) values( '409','EDT','perfumes/409.jpg',"Allure Homme Sport EDT For",3000,'5.0',0,'100.0',(select brand_id from brand where name="CHANEL"));insert into perfume_note(perfume_id,note_id) values( 409,(select note_id from note where name='citrus' and type='TOP'));insert into perfume_note(perfume_id,note_id) values (409,(select note_id from note where name='pepper' and type='MIDDLE'));insert into perfume_note(perfume_id,note_id) values (409,(select note_id from note where name='atlas cedar' and type='MIDDLE'));insert into perfume_note(perfume_id,note_id) values (409,(select note_id from note where name='vetiver' and type='MIDDLE'));insert into perfume_note(perfume_id,note_id) values (409,(select note_id from note where name='white' and type='MIDDLE'));insert into perfume_note(perfume_id,note_id) values (409,(select note_id from note where name='musk' and type='MIDDLE'));insert into perfume_note(perfume_id,note_id) values (409,(select note_id from note where name='tonka bean' and type='MIDDLE'));insert into perfume_note(perfume_id,note_id) values (409,(select note_id from note where name='cedar' and type='BASE'));insert into perfume_note(perfume_id,note_id) values (409,(select note_id from note where name='neroli' and type='BASE'));insert into perfume_note(perfume_id,note_id) values (409,(select note_id from note where name='pepper' and type='BASE'));insert into perfume(perfume_id,concentration,image,name,price,rating,gender,volume,brand_id) values( '410','EDP','perfumes/410.jpg',"Leather Blend",3000,'5.0',0,'100.0',(select brand_id from brand where name="DAVIDOFF"));insert into perfume_note(perfume_id,note_id) values( 410,(select note_id from note where name='spicy' and type='TOP'));insert into perfume_note(perfume_id,note_id) values (410,(select note_id from note where name='leather' and type='MIDDLE'));insert into perfume_note(perfume_id,note_id) values (410,(select note_id from note where name='papyrus' and type='MIDDLE'));insert into perfume_note(perfume_id,note_id) values (410,(select note_id from note where name='rose' and type='BASE'));insert into perfume_note(perfume_id,note_id) values (410,(select note_id from note where name='amber' and type='BASE'));insert into perfume(perfume_id,concentration,image,name,price,rating,gender,volume,brand_id) values( '411','EDP','perfumes/411.jpg',"Shiyoukh Al Oud",3000,'4.5',0,'100.0',(select brand_id from brand where name="Al Fakhr"));insert into perfume_note(perfume_id,note_id) values( 411,(select note_id from note where name='woody' and type='TOP'));insert into perfume_note(perfume_id,note_id) values (411,(select note_id from note where name='cedarwood' and type='MIDDLE'));insert into perfume_note(perfume_id,note_id) values (411,(select note_id from note where name='sandalwood' and type='MIDDLE'));insert into perfume_note(perfume_id,note_id) values (411,(select note_id from note where name='cardamom' and type='BASE'));insert into perfume_note(perfume_id,note_id) values (411,(select note_id from note where name='black pepper' and type='BASE'));insert into perfume(perfume_id,concentration,image,name,price,rating,gender,volume,brand_id) values( '412','EDP','perfumes/412.jpg',"Intenso",3000,'4.5',0,'125.0',(select brand_id from brand where name="Dolce & Gabbana"));insert into perfume_note(perfume_id,note_id) values( 412,(select note_id from note where name='spicy' and type='TOP'));insert into perfume_note(perfume_id,note_id) values (412,(select note_id from note where name='amber' and type='MIDDLE'));insert into perfume_note(perfume_id,note_id) values (412,(select note_id from note where name='cypress' and type='MIDDLE'));insert into perfume_note(perfume_id,note_id) values (412,(select note_id from note where name='labdanum' and type='MIDDLE'));insert into perfume_note(perfume_id,note_id) values (412,(select note_id from note where name='sandalwood' and type='MIDDLE'));insert into perfume_note(perfume_id,note_id) values (412,(select note_id from note where name='musk' and type='MIDDLE'));insert into perfume_note(perfume_id,note_id) values (412,(select note_id from note where name='moepel accord' and type='BASE'));insert into perfume_note(perfume_id,note_id) values (412,(select note_id from note where name='tobacco' and type='BASE'));insert into perfume_note(perfume_id,note_id) values (412,(select note_id from note where name='sage' and type='BASE'));insert into perfume_note(perfume_id,note_id) values (412,(select note_id from note where name='hay' and type='BASE'));insert into perfume_note(perfume_id,note_id) values (412,(select note_id from note where name='clary' and type='BASE'));insert into perfume_note(perfume_id,note_id) values (412,(select note_id from note where name='bran' and type='BASE'));insert into perfume(perfume_id,concentration,image,name,price,rating,gender,volume,brand_id) values( '413','EDT','perfumes/413.webp',"L'imperatrice 3",3000,'4.3',0,'100.0',(select brand_id from brand where name="Dolce & Gabbana"));insert into perfume_note(perfume_id,note_id) values( 413,(select note_id from note where name='floral' and type='TOP'));insert into perfume_note(perfume_id,note_id) values (413,(select note_id from note where name='sandalwood' and type='MIDDLE'));insert into perfume_note(perfume_id,note_id) values (413,(select note_id from note where name='citrus wood' and type='MIDDLE'));insert into perfume_note(perfume_id,note_id) values (413,(select note_id from note where name='musks' and type='MIDDLE'));insert into perfume_note(perfume_id,note_id) values (413,(select note_id from note where name='cyclamen' and type='BASE'));insert into perfume_note(perfume_id,note_id) values (413,(select note_id from note where name='watermelon' and type='BASE'));insert into perfume_note(perfume_id,note_id) values (413,(select note_id from note where name='jasmine' and type='BASE'));insert into perfume(perfume_id,concentration,image,name,price,rating,gender,volume,brand_id) values( '414','EDP','perfumes/414.jpg',"Oud Mood Gold Elixir",3000,'3.8',0,'100.0',(select brand_id from brand where name="Lattafa"));insert into perfume_note(perfume_id,note_id) values( 414,(select note_id from note where name='arabian' and type='TOP'));insert into perfume_note(perfume_id,note_id) values (414,(select note_id from note where name='ambra' and type='MIDDLE'));insert into perfume_note(perfume_id,note_id) values (414,(select note_id from note where name='vanilla' and type='MIDDLE'));insert into perfume_note(perfume_id,note_id) values (414,(select note_id from note where name='lemd de santal' and type='BASE'));insert into perfume_note(perfume_id,note_id) values (414,(select note_id from note where name='leather notes' and type='BASE'));insert into perfume_note(perfume_id,note_id) values (414,(select note_id from note where name='agar' and type='BASE'));insert into perfume_note(perfume_id,note_id) values (414,(select note_id from note where name='oud wood' and type='BASE'));insert into perfume(perfume_id,concentration,image,name,price,rating,gender,volume,brand_id) values( '415','EDT','perfumes/415.jpg',"Courageous",3000,'4.7',0,'100.0',(select brand_id from brand where name="DORALL COLLECTION"));insert into perfume_note(perfume_id,note_id) values( 415,(select note_id from note where name='floral' and type='TOP'));insert into perfume_note(perfume_id,note_id) values (415,(select note_id from note where name='vanilla' and type='MIDDLE'));insert into perfume_note(perfume_id,note_id) values (415,(select note_id from note where name='musk' and type='MIDDLE'));insert into perfume_note(perfume_id,note_id) values (415,(select note_id from note where name='orris root' and type='MIDDLE'));insert into perfume_note(perfume_id,note_id) values (415,(select note_id from note where name='roses' and type='BASE'));insert into perfume_note(perfume_id,note_id) values (415,(select note_id from note where name='iris' and type='BASE'));insert into perfume(perfume_id,concentration,image,name,price,rating,gender,volume,brand_id) values( '416','EDT','perfumes/416.jpg',"Sculpture Homme",3000,'4.7',0,'100.0',(select brand_id from brand where name="Nikos"));insert into perfume_note(perfume_id,note_id) values( 416,(select note_id from note where name='floral' and type='TOP'));insert into perfume_note(perfume_id,note_id) values (416,(select note_id from note where name='cedar' and type='MIDDLE'));insert into perfume_note(perfume_id,note_id) values (416,(select note_id from note where name='benzoin' and type='MIDDLE'));insert into perfume_note(perfume_id,note_id) values (416,(select note_id from note where name='amber' and type='MIDDLE'));insert into perfume_note(perfume_id,note_id) values (416,(select note_id from note where name='tonka bean' and type='MIDDLE'));insert into perfume_note(perfume_id,note_id) values (416,(select note_id from note where name='geranium' and type='BASE'));insert into perfume_note(perfume_id,note_id) values (416,(select note_id from note where name='rose' and type='BASE'));insert into perfume_note(perfume_id,note_id) values (416,(select note_id from note where name='jasmine' and type='BASE'));insert into perfume_note(perfume_id,note_id) values (416,(select note_id from note where name='lilyofthevalley' and type='BASE'));insert into perfume(perfume_id,concentration,image,name,price,rating,gender,volume,brand_id) values( '417','EDT','perfumes/417.jpg',"Open",3000,'4.8',0,'100.0',(select brand_id from brand where name="ROGER & GALLET"));insert into perfume_note(perfume_id,note_id) values( 417,(select note_id from note where name='spicy' and type='TOP'));insert into perfume_note(perfume_id,note_id) values (417,(select note_id from note where name='patchouli' and type='MIDDLE'));insert into perfume_note(perfume_id,note_id) values (417,(select note_id from note where name='tobacco' and type='MIDDLE'));insert into perfume_note(perfume_id,note_id) values (417,(select note_id from note where name='vetiver' and type='MIDDLE'));insert into perfume_note(perfume_id,note_id) values (417,(select note_id from note where name='sage' and type='BASE'));insert into perfume_note(perfume_id,note_id) values (417,(select note_id from note where name='thyme' and type='BASE'));insert into perfume(perfume_id,concentration,image,name,price,rating,gender,volume,brand_id) values( '418','EDP','perfumes/418.jpg',"Aventus",3000,'5.0',0,'100.0',(select brand_id from brand where name="CREED"));insert into perfume_note(perfume_id,note_id) values( 418,(select note_id from note where name='fruity' and type='TOP'));insert into perfume_note(perfume_id,note_id) values (418,(select note_id from note where name='vanilla' and type='MIDDLE'));insert into perfume_note(perfume_id,note_id) values (418,(select note_id from note where name='ambergris' and type='MIDDLE'));insert into perfume_note(perfume_id,note_id) values (418,(select note_id from note where name='oak moss' and type='MIDDLE'));insert into perfume_note(perfume_id,note_id) values (418,(select note_id from note where name='musk' and type='MIDDLE'));insert into perfume_note(perfume_id,note_id) values (418,(select note_id from note where name='rose' and type='BASE'));insert into perfume_note(perfume_id,note_id) values (418,(select note_id from note where name='jasmine' and type='BASE'));insert into perfume_note(perfume_id,note_id) values (418,(select note_id from note where name='moroccan' and type='BASE'));insert into perfume_note(perfume_id,note_id) values (418,(select note_id from note where name='patchouli' and type='BASE'));insert into perfume_note(perfume_id,note_id) values (418,(select note_id from note where name='dry birch' and type='BASE'));insert into perfume(perfume_id,concentration,image,name,price,rating,gender,volume,brand_id) values( '419','EDT','perfumes/419.jpg',"L.12.12 Rouge",3000,'4.0',0,'100.0',(select brand_id from brand where name="LACOSTE"));insert into perfume_note(perfume_id,note_id) values( 419,(select note_id from note where name='spicy' and type='TOP'));insert into perfume_note(perfume_id,note_id) values (419,(select note_id from note where name='acacia wood' and type='MIDDLE'));insert into perfume_note(perfume_id,note_id) values (419,(select note_id from note where name='rooibos tea extract red bush tea' and type='BASE'));insert into perfume(perfume_id,concentration,image,name,price,rating,gender,volume,brand_id) values( '420','EDP','perfumes/420.webp',"Sacrifice",3000,'4.2',0,'50.0',(select brand_id from brand where name="Ajmal"));insert into perfume_note(perfume_id,note_id) values( 420,(select note_id from note where name='floral' and type='TOP'));insert into perfume_note(perfume_id,note_id) values (420,(select note_id from note where name='ambergris' and type='MIDDLE'));insert into perfume_note(perfume_id,note_id) values (420,(select note_id from note where name='musk' and type='MIDDLE'));insert into perfume_note(perfume_id,note_id) values (420,(select note_id from note where name='orange blossom' and type='BASE'));insert into perfume_note(perfume_id,note_id) values (420,(select note_id from note where name='vanilla' and type='BASE'));insert into perfume(perfume_id,concentration,image,name,price,rating,gender,volume,brand_id) values( '421','EDP','perfumes/421.jpg',"Oud Vanille",3000,'5.0',0,'100.0',(select brand_id from brand where name="Franck Olivier"));insert into perfume_note(perfume_id,note_id) values( 421,(select note_id from note where name='arabian' and type='TOP'));insert into perfume_note(perfume_id,note_id) values (421,(select note_id from note where name='woody notes' and type='MIDDLE'));insert into perfume_note(perfume_id,note_id) values (421,(select note_id from note where name='vanilla' and type='MIDDLE'));insert into perfume_note(perfume_id,note_id) values (421,(select note_id from note where name='musk' and type='MIDDLE'));insert into perfume_note(perfume_id,note_id) values (421,(select note_id from note where name='spices' and type='MIDDLE'));insert into perfume_note(perfume_id,note_id) values (421,(select note_id from note where name='incense' and type='BASE'));insert into perfume_note(perfume_id,note_id) values (421,(select note_id from note where name='rose' and type='BASE'));insert into perfume_note(perfume_id,note_id) values (421,(select note_id from note where name='jasmine' and type='BASE'));insert into perfume_note(perfume_id,note_id) values (421,(select note_id from note where name='violet' and type='BASE'));insert into perfume_note(perfume_id,note_id) values (421,(select note_id from note where name='patchouli' and type='BASE'));insert into perfume(perfume_id,concentration,image,name,price,rating,gender,volume,brand_id) values( '422','EDP','perfumes/422.jpg',"The Beat",3000,'4.3',0,'75.0',(select brand_id from brand where name="BURBERRY"));insert into perfume_note(perfume_id,note_id) values( 422,(select note_id from note where name='floral' and type='TOP'));insert into perfume_note(perfume_id,note_id) values (422,(select note_id from note where name='vetiver' and type='MIDDLE'));insert into perfume_note(perfume_id,note_id) values (422,(select note_id from note where name='cedar' and type='MIDDLE'));insert into perfume_note(perfume_id,note_id) values (422,(select note_id from note where name='wood' and type='MIDDLE'));insert into perfume_note(perfume_id,note_id) values (422,(select note_id from note where name='white musk' and type='MIDDLE'));insert into perfume_note(perfume_id,note_id) values (422,(select note_id from note where name='ceylon tea' and type='BASE'));insert into perfume_note(perfume_id,note_id) values (422,(select note_id from note where name='bluebell' and type='BASE'));insert into perfume_note(perfume_id,note_id) values (422,(select note_id from note where name='iris' and type='BASE'));insert into perfume(perfume_id,concentration,image,name,price,rating,gender,volume,brand_id) values( '423','EDP','perfumes/423.webp',"Sacrifice",3000,'4.6',0,'50.0',(select brand_id from brand where name="Ajmal"));insert into perfume_note(perfume_id,note_id) values( 423,(select note_id from note where name='floral' and type='TOP'));insert into perfume_note(perfume_id,note_id) values (423,(select note_id from note where name='oriental' and type='MIDDLE'));insert into perfume_note(perfume_id,note_id) values (423,(select note_id from note where name='musky' and type='MIDDLE'));insert into perfume_note(perfume_id,note_id) values (423,(select note_id from note where name='woody' and type='MIDDLE'));insert into perfume_note(perfume_id,note_id) values (423,(select note_id from note where name='musky' and type='BASE'));insert into perfume_note(perfume_id,note_id) values (423,(select note_id from note where name='floral' and type='BASE'));insert into perfume(perfume_id,concentration,image,name,price,rating,gender,volume,brand_id) values( '424','EDT','perfumes/424.jpg',"Eau De Moiselle",3000,'5.0',0,'100.0',(select brand_id from brand where name="Givenchy"));insert into perfume_note(perfume_id,note_id) values( 424,(select note_id from note where name='floral' and type='TOP'));insert into perfume_note(perfume_id,note_id) values (424,(select note_id from note where name='tonka beans' and type='MIDDLE'));insert into perfume_note(perfume_id,note_id) values (424,(select note_id from note where name='ambrette seeds' and type='MIDDLE'));insert into perfume_note(perfume_id,note_id) values (424,(select note_id from note where name='musk' and type='MIDDLE'));insert into perfume_note(perfume_id,note_id) values (424,(select note_id from note where name='rose' and type='BASE'));insert into perfume_note(perfume_id,note_id) values (424,(select note_id from note where name='ylang ylang' and type='BASE'));insert into perfume(perfume_id,concentration,image,name,price,rating,gender,volume,brand_id) values( '425','EDT','perfumes/425.jpg',"Chrome Legend",3000,'5.0',0,'125.0',(select brand_id from brand where name="AZZARO"));insert into perfume_note(perfume_id,note_id) values( 425,(select note_id from note where name='woody' and type='TOP'));insert into perfume_note(perfume_id,note_id) values (425,(select note_id from note where name='cedar' and type='MIDDLE'));insert into perfume_note(perfume_id,note_id) values (425,(select note_id from note where name='vetiver' and type='MIDDLE'));insert into perfume_note(perfume_id,note_id) values (425,(select note_id from note where name='moss' and type='BASE'));insert into perfume_note(perfume_id,note_id) values (425,(select note_id from note where name='musk' and type='BASE'));insert into perfume(perfume_id,concentration,image,name,price,rating,gender,volume,brand_id) values( '426','EDT','perfumes/426.jpg',"DC",3000,'4.0',0,'100.0',(select brand_id from brand where name="DORALL COLLECTION"));insert into perfume_note(perfume_id,note_id) values( 426,(select note_id from note where name='floral' and type='TOP'));insert into perfume_note(perfume_id,note_id) values (426,(select note_id from note where name='vetiver' and type='MIDDLE'));insert into perfume_note(perfume_id,note_id) values (426,(select note_id from note where name='sandalwood' and type='MIDDLE'));insert into perfume_note(perfume_id,note_id) values (426,(select note_id from note where name='musk' and type='MIDDLE'));insert into perfume_note(perfume_id,note_id) values (426,(select note_id from note where name='patchouli' and type='MIDDLE'));insert into perfume_note(perfume_id,note_id) values (426,(select note_id from note where name='oakmoss' and type='MIDDLE'));insert into perfume_note(perfume_id,note_id) values (426,(select note_id from note where name='coumarin' and type='BASE'));insert into perfume_note(perfume_id,note_id) values (426,(select note_id from note where name='rosemary' and type='BASE'));insert into perfume_note(perfume_id,note_id) values (426,(select note_id from note where name='jasmine' and type='BASE'));insert into perfume_note(perfume_id,note_id) values (426,(select note_id from note where name='galbanum' and type='BASE'));insert into perfume(perfume_id,concentration,image,name,price,rating,gender,volume,brand_id) values( '427','EDP','perfumes/427.jpg',"play around",3000,'4.0',0,'100.0',(select brand_id from brand where name="Juicy Couture"));insert into perfume_note(perfume_id,note_id) values( 427,(select note_id from note where name='floral' and type='TOP'));insert into perfume_note(perfume_id,note_id) values (427,(select note_id from note where name='patchouli' and type='MIDDLE'));insert into perfume_note(perfume_id,note_id) values (427,(select note_id from note where name='vanilla' and type='MIDDLE'));insert into perfume_note(perfume_id,note_id) values (427,(select note_id from note where name='caramel' and type='MIDDLE'));insert into perfume_note(perfume_id,note_id) values (427,(select note_id from note where name='wild' and type='BASE'));insert into perfume_note(perfume_id,note_id) values (427,(select note_id from note where name='rose' and type='BASE'));insert into perfume_note(perfume_id,note_id) values (427,(select note_id from note where name='princess lily' and type='BASE'));insert into perfume_note(perfume_id,note_id) values (427,(select note_id from note where name='tuberose' and type='BASE'));insert into perfume(perfume_id,concentration,image,name,price,rating,gender,volume,brand_id) values( '428','EDP','perfumes/428.jpg',"New York Platinum",3000,'4.5',0,'2.0',(select brand_id from brand where name="COACH"));insert into perfume_note(perfume_id,note_id) values( 428,(select note_id from note where name='oriental' and type='TOP'));insert into perfume_note(perfume_id,note_id) values (428,(select note_id from note where name='patchouli' and type='MIDDLE'));insert into perfume_note(perfume_id,note_id) values (428,(select note_id from note where name='leather' and type='MIDDLE'));insert into perfume_note(perfume_id,note_id) values (428,(select note_id from note where name='vanilla' and type='MIDDLE'));insert into perfume_note(perfume_id,note_id) values (428,(select note_id from note where name='aromatic accords' and type='BASE'));insert into perfume(perfume_id,concentration,image,name,price,rating,gender,volume,brand_id) values( '429','EDT','perfumes/429.webp',"212 Vip",3000,'5.0',0,'100.0',(select brand_id from brand where name="CAROLINA HERRERA"));insert into perfume_note(perfume_id,note_id) values( 429,(select note_id from note where name='vanilla' and type='TOP'));insert into perfume_note(perfume_id,note_id) values (429,(select note_id from note where name='salty' and type='MIDDLE'));insert into perfume_note(perfume_id,note_id) values (429,(select note_id from note where name='amber' and type='MIDDLE'));insert into perfume_note(perfume_id,note_id) values (429,(select note_id from note where name='king wood' and type='MIDDLE'));insert into perfume_note(perfume_id,note_id) values (429,(select note_id from note where name='beans' and type='MIDDLE'));insert into perfume_note(perfume_id,note_id) values (429,(select note_id from note where name='tonka' and type='MIDDLE'));insert into perfume_note(perfume_id,note_id) values (429,(select note_id from note where name='apple' and type='BASE'));insert into perfume_note(perfume_id,note_id) values (429,(select note_id from note where name='slice' and type='BASE'));insert into perfume_note(perfume_id,note_id) values (429,(select note_id from note where name='hot' and type='BASE'));insert into perfume_note(perfume_id,note_id) values (429,(select note_id from note where name='chilled vodka' and type='BASE'));insert into perfume_note(perfume_id,note_id) values (429,(select note_id from note where name='ginger' and type='BASE'));insert into perfume(perfume_id,concentration,image,name,price,rating,gender,volume,brand_id) values( '430','EDT','perfumes/430.jpg',"Club Black",3000,'5.0',0,'100.0',(select brand_id from brand where name="Mercedes-Benz"));insert into perfume_note(perfume_id,note_id) values( 430,(select note_id from note where name='vanilla' and type='TOP'));insert into perfume_note(perfume_id,note_id) values (430,(select note_id from note where name='woodsy' and type='MIDDLE'));insert into perfume_note(perfume_id,note_id) values (430,(select note_id from note where name='benzoin' and type='MIDDLE'));insert into perfume_note(perfume_id,note_id) values (430,(select note_id from note where name='notes' and type='MIDDLE'));insert into perfume_note(perfume_id,note_id) values (430,(select note_id from note where name='vanilla' and type='MIDDLE'));insert into perfume_note(perfume_id,note_id) values (430,(select note_id from note where name='ambroxan' and type='MIDDLE'));insert into perfume_note(perfume_id,note_id) values (430,(select note_id from note where name='jasmine' and type='BASE'));insert into perfume_note(perfume_id,note_id) values (430,(select note_id from note where name='incense' and type='BASE'));insert into perfume(perfume_id,concentration,image,name,price,rating,gender,volume,brand_id) values( '431','EDT','perfumes/431.jpg',"Tommy Girl",3000,'4.4',0,'100.0',(select brand_id from brand where name="TOMMY HILFIGER"));insert into perfume_note(perfume_id,note_id) values( 431,(select note_id from note where name='citrus' and type='TOP'));insert into perfume_note(perfume_id,note_id) values (431,(select note_id from note where name='wild' and type='MIDDLE'));insert into perfume_note(perfume_id,note_id) values (431,(select note_id from note where name='cherokee rose' and type='MIDDLE'));insert into perfume_note(perfume_id,note_id) values (431,(select note_id from note where name='cedar' and type='MIDDLE'));insert into perfume_note(perfume_id,note_id) values (431,(select note_id from note where name='sandalwood' and type='MIDDLE'));insert into perfume_note(perfume_id,note_id) values (431,(select note_id from note where name='dakota lilies' and type='MIDDLE'));insert into perfume_note(perfume_id,note_id) values (431,(select note_id from note where name='heather' and type='MIDDLE'));insert into perfume_note(perfume_id,note_id) values (431,(select note_id from note where name='desert jasmin' and type='MIDDLE'));insert into perfume_note(perfume_id,note_id) values (431,(select note_id from note where name='magnolia petals' and type='MIDDLE'));insert into perfume_note(perfume_id,note_id) values (431,(select note_id from note where name='citrus orchards' and type='BASE'));insert into perfume_note(perfume_id,note_id) values (431,(select note_id from note where name='honeysuckle' and type='BASE'));insert into perfume_note(perfume_id,note_id) values (431,(select note_id from note where name='crisp green notes' and type='BASE'));insert into perfume_note(perfume_id,note_id) values (431,(select note_id from note where name='violets' and type='BASE'));insert into perfume_note(perfume_id,note_id) values (431,(select note_id from note where name='grapefruit' and type='BASE'));insert into perfume_note(perfume_id,note_id) values (431,(select note_id from note where name='butterfly' and type='BASE'));insert into perfume(perfume_id,concentration,image,name,price,rating,gender,volume,brand_id) values( '432','EDT','perfumes/432.jpg',"Vetiver",3000,'5.0',0,'100.0',(select brand_id from brand where name="Guerlain"));insert into perfume_note(perfume_id,note_id) values( 432,(select note_id from note where name='aromatic' and type='TOP'));insert into perfume_note(perfume_id,note_id) values (432,(select note_id from note where name='amber' and type='MIDDLE'));insert into perfume_note(perfume_id,note_id) values (432,(select note_id from note where name='civet' and type='MIDDLE'));insert into perfume_note(perfume_id,note_id) values (432,(select note_id from note where name='vetiver' and type='MIDDLE'));insert into perfume_note(perfume_id,note_id) values (432,(select note_id from note where name='leather' and type='MIDDLE'));insert into perfume_note(perfume_id,note_id) values (432,(select note_id from note where name='myrrh' and type='MIDDLE'));insert into perfume_note(perfume_id,note_id) values (432,(select note_id from note where name='tonka bean' and type='MIDDLE'));insert into perfume_note(perfume_id,note_id) values (432,(select note_id from note where name='oakmoss' and type='MIDDLE'));insert into perfume_note(perfume_id,note_id) values (432,(select note_id from note where name='pepper' and type='BASE'));insert into perfume_note(perfume_id,note_id) values (432,(select note_id from note where name='sage' and type='BASE'));insert into perfume_note(perfume_id,note_id) values (432,(select note_id from note where name='carnation' and type='BASE'));insert into perfume_note(perfume_id,note_id) values (432,(select note_id from note where name='vetiver' and type='BASE'));insert into perfume_note(perfume_id,note_id) values (432,(select note_id from note where name='sandalwood' and type='BASE'));insert into perfume_note(perfume_id,note_id) values (432,(select note_id from note where name='orris root' and type='BASE'));insert into perfume(perfume_id,concentration,image,name,price,rating,gender,volume,brand_id) values( '433','EDT','perfumes/433.jpg',"Sauvage",3000,'5.0',0,'100.0',(select brand_id from brand where name="Dior"));insert into perfume_note(perfume_id,note_id) values( 433,(select note_id from note where name='spicy' and type='TOP'));insert into perfume_note(perfume_id,note_id) values (433,(select note_id from note where name='cedar' and type='MIDDLE'));insert into perfume_note(perfume_id,note_id) values (433,(select note_id from note where name='ambroxan' and type='MIDDLE'));insert into perfume_note(perfume_id,note_id) values (433,(select note_id from note where name='patchouli' and type='BASE'));insert into perfume_note(perfume_id,note_id) values (433,(select note_id from note where name='elemi' and type='BASE'));insert into perfume_note(perfume_id,note_id) values (433,(select note_id from note where name='pink pepper' and type='BASE'));insert into perfume_note(perfume_id,note_id) values (433,(select note_id from note where name='lavender' and type='BASE'));insert into perfume_note(perfume_id,note_id) values (433,(select note_id from note where name='vetiver' and type='BASE'));insert into perfume_note(perfume_id,note_id) values (433,(select note_id from note where name='geranium' and type='BASE'));insert into perfume(perfume_id,concentration,image,name,price,rating,gender,volume,brand_id) values( '434','EDT','perfumes/434.jpg',"Darknet Pour Homme",3000,'3.0',0,'100.0',(select brand_id from brand where name="Shirley May"));insert into perfume_note(perfume_id,note_id) values( 434,(select note_id from note where name='woody' and type='TOP'));insert into perfume_note(perfume_id,note_id) values (434,(select note_id from note where name='moss' and type='MIDDLE'));insert into perfume_note(perfume_id,note_id) values (434,(select note_id from note where name='musk' and type='MIDDLE'));insert into perfume_note(perfume_id,note_id) values (434,(select note_id from note where name='anise' and type='BASE'));insert into perfume_note(perfume_id,note_id) values (434,(select note_id from note where name='cardamom' and type='BASE'));insert into perfume_note(perfume_id,note_id) values (434,(select note_id from note where name='cinnamon' and type='BASE'));insert into perfume(perfume_id,concentration,image,name,price,rating,gender,volume,brand_id) values( '435','EDP','perfumes/435.jpg',"Lady Million",3000,'4.7',0,'80.0',(select brand_id from brand where name="PACO RABANNE"));insert into perfume_note(perfume_id,note_id) values( 435,(select note_id from note where name='floral' and type='TOP'));insert into perfume_note(perfume_id,note_id) values (435,(select note_id from note where name='patchouli' and type='MIDDLE'));insert into perfume_note(perfume_id,note_id) values (435,(select note_id from note where name='white' and type='MIDDLE'));insert into perfume_note(perfume_id,note_id) values (435,(select note_id from note where name='honey' and type='MIDDLE'));insert into perfume_note(perfume_id,note_id) values (435,(select note_id from note where name='amber' and type='MIDDLE'));insert into perfume_note(perfume_id,note_id) values (435,(select note_id from note where name='gardenia' and type='BASE'));insert into perfume_note(perfume_id,note_id) values (435,(select note_id from note where name='orange' and type='BASE'));insert into perfume_note(perfume_id,note_id) values (435,(select note_id from note where name='flower' and type='BASE'));insert into perfume_note(perfume_id,note_id) values (435,(select note_id from note where name='jasmine' and type='BASE'));insert into perfume_note(perfume_id,note_id) values (435,(select note_id from note where name='african' and type='BASE'));insert into perfume(perfume_id,concentration,image,name,price,rating,gender,volume,brand_id) values( '436','EDP','perfumes/436.webp',"La Panthere",3000,'4.7',0,'75.0',(select brand_id from brand where name="CARTIER"));insert into perfume_note(perfume_id,note_id) values( 436,(select note_id from note where name='fruity' and type='TOP'));insert into perfume_note(perfume_id,note_id) values (436,(select note_id from note where name='patchouli' and type='MIDDLE'));insert into perfume_note(perfume_id,note_id) values (436,(select note_id from note where name='leather' and type='MIDDLE'));insert into perfume_note(perfume_id,note_id) values (436,(select note_id from note where name='musk' and type='MIDDLE'));insert into perfume_note(perfume_id,note_id) values (436,(select note_id from note where name='oakmoss' and type='MIDDLE'));insert into perfume_note(perfume_id,note_id) values (436,(select note_id from note where name='pear' and type='BASE'));insert into perfume_note(perfume_id,note_id) values (436,(select note_id from note where name='gardenia' and type='BASE'));insert into perfume_note(perfume_id,note_id) values (436,(select note_id from note where name='rose' and type='BASE'));insert into perfume_note(perfume_id,note_id) values (436,(select note_id from note where name='ylangylang' and type='BASE'));insert into perfume_note(perfume_id,note_id) values (436,(select note_id from note where name='orange blossom' and type='BASE'));insert into perfume(perfume_id,concentration,image,name,price,rating,gender,volume,brand_id) values( '437','EDT','perfumes/437.jpg',"The Game",3000,'5.0',0,'100.0',(select brand_id from brand where name="DAVIDOFF"));insert into perfume_note(perfume_id,note_id) values( 437,(select note_id from note where name='woody' and type='TOP'));insert into perfume_note(perfume_id,note_id) values (437,(select note_id from note where name='ebony wood' and type='MIDDLE'));insert into perfume_note(perfume_id,note_id) values (437,(select note_id from note where name='woody notes' and type='BASE'));insert into perfume_note(perfume_id,note_id) values (437,(select note_id from note where name='iris' and type='BASE'));insert into perfume(perfume_id,concentration,image,name,price,rating,gender,volume,brand_id) values( '438','EDT','perfumes/438.jpg',"Ultraviolet",3000,'4.4',0,'100.0',(select brand_id from brand where name="PACO RABANNE"));insert into perfume_note(perfume_id,note_id) values( 438,(select note_id from note where name='woody' and type='TOP'));insert into perfume_note(perfume_id,note_id) values (438,(select note_id from note where name='patchouli' and type='MIDDLE'));insert into perfume_note(perfume_id,note_id) values (438,(select note_id from note where name='indonesian' and type='MIDDLE'));insert into perfume_note(perfume_id,note_id) values (438,(select note_id from note where name='oakmoss' and type='MIDDLE'));insert into perfume_note(perfume_id,note_id) values (438,(select note_id from note where name='pepper' and type='BASE'));insert into perfume_note(perfume_id,note_id) values (438,(select note_id from note where name='ambergris' and type='BASE'));insert into perfume_note(perfume_id,note_id) values (438,(select note_id from note where name='tanzanian' and type='BASE'));insert into perfume_note(perfume_id,note_id) values (438,(select note_id from note where name='black' and type='BASE'));insert into perfume(perfume_id,concentration,image,name,price,rating,gender,volume,brand_id) values( '439','EDT','perfumes/439.jpg',"Black Car",3000,'4.5',0,'100.0',(select brand_id from brand where name="Shirley May"));insert into perfume_note(perfume_id,note_id) values( 439,(select note_id from note where name='citrus' and type='TOP'));insert into perfume_note(perfume_id,note_id) values (439,(select note_id from note where name='amber' and type='MIDDLE'));insert into perfume_note(perfume_id,note_id) values (439,(select note_id from note where name='rosewood' and type='MIDDLE'));insert into perfume_note(perfume_id,note_id) values (439,(select note_id from note where name='palisander' and type='MIDDLE'));insert into perfume_note(perfume_id,note_id) values (439,(select note_id from note where name='cedar' and type='BASE'));insert into perfume_note(perfume_id,note_id) values (439,(select note_id from note where name='spicy' and type='BASE'));insert into perfume_note(perfume_id,note_id) values (439,(select note_id from note where name='notes' and type='BASE'));insert into perfume(perfume_id,concentration,image,name,price,rating,gender,volume,brand_id) values( '440','EDP','perfumes/440.jpg',"Oud Sharqia",3000,'4.4',0,'80.0',(select brand_id from brand where name="Ard Al Zaafaran"));insert into perfume_note(perfume_id,note_id) values( 440,(select note_id from note where name='arabian' and type='TOP'));insert into perfume_note(perfume_id,note_id) values (440,(select note_id from note where name='sweet wood' and type='MIDDLE'));insert into perfume_note(perfume_id,note_id) values (440,(select note_id from note where name='citric' and type='BASE'));insert into perfume(perfume_id,concentration,image,name,price,rating,gender,volume,brand_id) values( '441','EDP','perfumes/441.jpg',"Santal Royal",3000,'5.0',0,'125.0',(select brand_id from brand where name="Guerlain"));insert into perfume_note(perfume_id,note_id) values( 441,(select note_id from note where name='arabian' and type='TOP'));insert into perfume_note(perfume_id,note_id) values (441,(select note_id from note where name='amber notes' and type='MIDDLE'));insert into perfume_note(perfume_id,note_id) values (441,(select note_id from note where name='oud' and type='MIDDLE'));insert into perfume_note(perfume_id,note_id) values (441,(select note_id from note where name='sandalwood' and type='MIDDLE'));insert into perfume_note(perfume_id,note_id) values (441,(select note_id from note where name='leather note' and type='MIDDLE'));insert into perfume_note(perfume_id,note_id) values (441,(select note_id from note where name='muscs note' and type='MIDDLE'));insert into perfume_note(perfume_id,note_id) values (441,(select note_id from note where name='rose' and type='BASE'));insert into perfume_note(perfume_id,note_id) values (441,(select note_id from note where name='peach' and type='BASE'));insert into perfume_note(perfume_id,note_id) values (441,(select note_id from note where name='cinnamon' and type='BASE'));insert into perfume(perfume_id,concentration,image,name,price,rating,gender,volume,brand_id) values( '442','EDT','perfumes/442.jpg',"Marciano",3000,'4.7',0,'100.0',(select brand_id from brand where name="GUESS"));insert into perfume_note(perfume_id,note_id) values( 442,(select note_id from note where name='spicy' and type='TOP'));insert into perfume_note(perfume_id,note_id) values (442,(select note_id from note where name='spicy' and type='MIDDLE'));insert into perfume_note(perfume_id,note_id) values (442,(select note_id from note where name='woody' and type='MIDDLE'));insert into perfume_note(perfume_id,note_id) values (442,(select note_id from note where name='lavenday' and type='BASE'));insert into perfume_note(perfume_id,note_id) values (442,(select note_id from note where name='spicy' and type='BASE'));insert into perfume_note(perfume_id,note_id) values (442,(select note_id from note where name='sage' and type='BASE'));insert into perfume(perfume_id,concentration,image,name,price,rating,gender,volume,brand_id) values( '443','EDP','perfumes/443.jpg',"Modern Muse Nuit",3000,'5.0',0,'100.0',(select brand_id from brand where name="Estee Lauder"));insert into perfume_note(perfume_id,note_id) values( 443,(select note_id from note where name='floral' and type='TOP'));insert into perfume_note(perfume_id,note_id) values (443,(select note_id from note where name='patchouli' and type='MIDDLE'));insert into perfume_note(perfume_id,note_id) values (443,(select note_id from note where name='sandalwood' and type='MIDDLE'));insert into perfume_note(perfume_id,note_id) values (443,(select note_id from note where name='amber' and type='MIDDLE'));insert into perfume_note(perfume_id,note_id) values (443,(select note_id from note where name='vanilla' and type='MIDDLE'));insert into perfume_note(perfume_id,note_id) values (443,(select note_id from note where name='chamomile' and type='BASE'));insert into perfume_note(perfume_id,note_id) values (443,(select note_id from note where name='jasmine' and type='BASE'));insert into perfume_note(perfume_id,note_id) values (443,(select note_id from note where name='chinese' and type='BASE'));insert into perfume_note(perfume_id,note_id) values (443,(select note_id from note where name='heliotrope' and type='BASE'));insert into perfume(perfume_id,concentration,image,name,price,rating,gender,volume,brand_id) values( '444','EDP','perfumes/444.jpg',"My Burberry",3000,'5.0',0,'90.0',(select brand_id from brand where name="BURBERRY"));insert into perfume_note(perfume_id,note_id) values( 444,(select note_id from note where name='floral' and type='TOP'));insert into perfume_note(perfume_id,note_id) values (444,(select note_id from note where name='oined' and type='MIDDLE'));insert into perfume_note(perfume_id,note_id) values (444,(select note_id from note where name='rose' and type='MIDDLE'));insert into perfume_note(perfume_id,note_id) values (444,(select note_id from note where name='damascus' and type='MIDDLE'));insert into perfume_note(perfume_id,note_id) values (444,(select note_id from note where name='centifolia' and type='MIDDLE'));insert into perfume_note(perfume_id,note_id) values (444,(select note_id from note where name='quince' and type='BASE'));insert into perfume_note(perfume_id,note_id) values (444,(select note_id from note where name='freesia' and type='BASE'));insert into perfume_note(perfume_id,note_id) values (444,(select note_id from note where name='flowers' and type='BASE'));insert into perfume_note(perfume_id,note_id) values (444,(select note_id from note where name='golden' and type='BASE'));insert into perfume(perfume_id,concentration,image,name,price,rating,gender,volume,brand_id) values( '445','EDP','perfumes/445.jpg',"Hatem",3000,'5.0',0,'75.0',(select brand_id from brand where name="Rasasi"));insert into perfume_note(perfume_id,note_id) values( 445,(select note_id from note where name='spicy' and type='TOP'));insert into perfume_note(perfume_id,note_id) values (445,(select note_id from note where name='aandal' and type='MIDDLE'));insert into perfume_note(perfume_id,note_id) values (445,(select note_id from note where name='cedar' and type='MIDDLE'));insert into perfume_note(perfume_id,note_id) values (445,(select note_id from note where name='wood' and type='MIDDLE'));insert into perfume_note(perfume_id,note_id) values (445,(select note_id from note where name='musk' and type='MIDDLE'));insert into perfume_note(perfume_id,note_id) values (445,(select note_id from note where name='woody' and type='MIDDLE'));insert into perfume_note(perfume_id,note_id) values (445,(select note_id from note where name='rose' and type='BASE'));insert into perfume_note(perfume_id,note_id) values (445,(select note_id from note where name='jasmine' and type='BASE'));insert into perfume(perfume_id,concentration,image,name,price,rating,gender,volume,brand_id) values( '446','EDT','perfumes/446.jpg',"Joy Of Pink",3000,'4.4',0,'90.0',(select brand_id from brand where name="LACOSTE"));insert into perfume_note(perfume_id,note_id) values( 446,(select note_id from note where name='floral' and type='TOP'));insert into perfume_note(perfume_id,note_id) values (446,(select note_id from note where name='vanilla' and type='MIDDLE'));insert into perfume_note(perfume_id,note_id) values (446,(select note_id from note where name='musk' and type='MIDDLE'));insert into perfume_note(perfume_id,note_id) values (446,(select note_id from note where name='spicy' and type='BASE'));insert into perfume_note(perfume_id,note_id) values (446,(select note_id from note where name='jasmine' and type='BASE'));insert into perfume_note(perfume_id,note_id) values (446,(select note_id from note where name='coriander' and type='BASE'));insert into perfume_note(perfume_id,note_id) values (446,(select note_id from note where name='carrot' and type='BASE'));insert into perfume(perfume_id,concentration,image,name,price,rating,gender,volume,brand_id) values( '447','EDP','perfumes/447.jpg',"Le'Parfum",3000,'4.4',0,'100.0',(select brand_id from brand where name="LALIQUE"));insert into perfume_note(perfume_id,note_id) values( 447,(select note_id from note where name='oriental' and type='TOP'));insert into perfume_note(perfume_id,note_id) values (447,(select note_id from note where name='patchouli' and type='MIDDLE'));insert into perfume_note(perfume_id,note_id) values (447,(select note_id from note where name='sandalwood' and type='MIDDLE'));insert into perfume_note(perfume_id,note_id) values (447,(select note_id from note where name='tonka bean' and type='MIDDLE'));insert into perfume_note(perfume_id,note_id) values (447,(select note_id from note where name='vanilla' and type='MIDDLE'));insert into perfume_note(perfume_id,note_id) values (447,(select note_id from note where name='jasmine' and type='BASE'));insert into perfume_note(perfume_id,note_id) values (447,(select note_id from note where name='heliotrope' and type='BASE'));insert into perfume(perfume_id,concentration,image,name,price,rating,gender,volume,brand_id) values( '448','EDP','perfumes/448.webp',"Memoire  D'une Odeur EDP For Uni",3000,'5.0',0,'100.0',(select brand_id from brand where name="GUCCI"));insert into perfume_note(perfume_id,note_id) values( 448,(select note_id from note where name='fresh' and type='TOP'));insert into perfume_note(perfume_id,note_id) values (448,(select note_id from note where name='cedar' and type='MIDDLE'));insert into perfume_note(perfume_id,note_id) values (448,(select note_id from note where name='sandalwood' and type='MIDDLE'));insert into perfume_note(perfume_id,note_id) values (448,(select note_id from note where name='vanilla' and type='MIDDLE'));insert into perfume_note(perfume_id,note_id) values (448,(select note_id from note where name='coral jasmine' and type='BASE'));insert into perfume_note(perfume_id,note_id) values (448,(select note_id from note where name='jasmine petals' and type='BASE'));insert into perfume_note(perfume_id,note_id) values (448,(select note_id from note where name='musks' and type='BASE'));insert into perfume(perfume_id,concentration,image,name,price,rating,gender,volume,brand_id) values( '449','EDP','perfumes/449.jpg',"Versace",3000,'4.4',0,'100.0',(select brand_id from brand where name="VERSACE"));insert into perfume_note(perfume_id,note_id) values( 449,(select note_id from note where name='fruity' and type='TOP'));insert into perfume_note(perfume_id,note_id) values (449,(select note_id from note where name='grey' and type='MIDDLE'));insert into perfume_note(perfume_id,note_id) values (449,(select note_id from note where name='amber' and type='MIDDLE'));insert into perfume_note(perfume_id,note_id) values (449,(select note_id from note where name='wood' and type='MIDDLE'));insert into perfume_note(perfume_id,note_id) values (449,(select note_id from note where name='musk' and type='MIDDLE'));insert into perfume_note(perfume_id,note_id) values (449,(select note_id from note where name='inoki' and type='MIDDLE'));insert into perfume_note(perfume_id,note_id) values (449,(select note_id from note where name='blue' and type='BASE'));insert into perfume_note(perfume_id,note_id) values (449,(select note_id from note where name='raspberry' and type='BASE'));insert into perfume_note(perfume_id,note_id) values (449,(select note_id from note where name='plum' and type='BASE'));insert into perfume_note(perfume_id,note_id) values (449,(select note_id from note where name='cedar' and type='BASE'));insert into perfume_note(perfume_id,note_id) values (449,(select note_id from note where name='lebanese' and type='BASE'));insert into perfume_note(perfume_id,note_id) values (449,(select note_id from note where name='lotus' and type='BASE'));insert into perfume(perfume_id,concentration,image,name,price,rating,gender,volume,brand_id) values( '450','PDT','perfumes/450.jpg',"Oud Wood",3000,'4.3',0,'100.0',(select brand_id from brand where name="DORALL COLLECTION"));insert into perfume_note(perfume_id,note_id) values( 450,(select note_id from note where name='citrus' and type='TOP'));insert into perfume_note(perfume_id,note_id) values (450,(select note_id from note where name='tobacco' and type='MIDDLE'));insert into perfume_note(perfume_id,note_id) values (450,(select note_id from note where name='cedar' and type='MIDDLE'));insert into perfume_note(perfume_id,note_id) values (450,(select note_id from note where name='sandalwood' and type='MIDDLE'));insert into perfume_note(perfume_id,note_id) values (450,(select note_id from note where name='musk' and type='MIDDLE'));insert into perfume_note(perfume_id,note_id) values (450,(select note_id from note where name='patchouli' and type='MIDDLE'));insert into perfume_note(perfume_id,note_id) values (450,(select note_id from note where name='geranium' and type='BASE'));insert into perfume_note(perfume_id,note_id) values (450,(select note_id from note where name='marigold' and type='BASE'));insert into perfume_note(perfume_id,note_id) values (450,(select note_id from note where name='rose' and type='BASE'));insert into perfume_note(perfume_id,note_id) values (450,(select note_id from note where name='bay leaves' and type='BASE'));insert into perfume(perfume_id,concentration,image,name,price,rating,gender,volume,brand_id) values( '451','EDT','perfumes/451.jpg',"The Scent",3000,'3.6',0,'100.0',(select brand_id from brand where name="HUGO BOSS"));insert into perfume_note(perfume_id,note_id) values( 451,(select note_id from note where name='spicy' and type='TOP'));insert into perfume_note(perfume_id,note_id) values (451,(select note_id from note where name='leather' and type='MIDDLE'));insert into perfume_note(perfume_id,note_id) values (451,(select note_id from note where name='woody notes' and type='MIDDLE'));insert into perfume_note(perfume_id,note_id) values (451,(select note_id from note where name='lavender' and type='BASE'));insert into perfume_note(perfume_id,note_id) values (451,(select note_id from note where name='maninka' and type='BASE'));insert into perfume(perfume_id,concentration,image,name,price,rating,gender,volume,brand_id) values( '452','EDP','perfumes/452.jpg',"Casmir",3000,'4.5',0,'100.0',(select brand_id from brand where name="CHOPARD"));insert into perfume_note(perfume_id,note_id) values( 452,(select note_id from note where name='vanilla' and type='TOP'));insert into perfume_note(perfume_id,note_id) values (452,(select note_id from note where name='amber' and type='MIDDLE'));insert into perfume_note(perfume_id,note_id) values (452,(select note_id from note where name='woods' and type='MIDDLE'));insert into perfume_note(perfume_id,note_id) values (452,(select note_id from note where name='sandalwood' and type='MIDDLE'));insert into perfume_note(perfume_id,note_id) values (452,(select note_id from note where name='vanilla' and type='MIDDLE'));insert into perfume_note(perfume_id,note_id) values (452,(select note_id from note where name='musk' and type='MIDDLE'));insert into perfume_note(perfume_id,note_id) values (452,(select note_id from note where name='patchouli' and type='MIDDLE'));insert into perfume_note(perfume_id,note_id) values (452,(select note_id from note where name='geranium' and type='BASE'));insert into perfume_note(perfume_id,note_id) values (452,(select note_id from note where name='jasmine' and type='BASE'));insert into perfume_note(perfume_id,note_id) values (452,(select note_id from note where name='lilyofthevalley' and type='BASE'));insert into perfume(perfume_id,concentration,image,name,price,rating,gender,volume,brand_id) values( '453','EDP','perfumes/453.webp',"212 Sexy",3000,'4.7',0,'100.0',(select brand_id from brand where name="CAROLINA HERRERA"));insert into perfume_note(perfume_id,note_id) values( 453,(select note_id from note where name='floral' and type='TOP'));insert into perfume_note(perfume_id,note_id) values (453,(select note_id from note where name='sandalwood' and type='MIDDLE'));insert into perfume_note(perfume_id,note_id) values (453,(select note_id from note where name='vanilla' and type='MIDDLE'));insert into perfume_note(perfume_id,note_id) values (453,(select note_id from note where name='cotton candy' and type='MIDDLE'));insert into perfume_note(perfume_id,note_id) values (453,(select note_id from note where name='musk' and type='MIDDLE'));insert into perfume_note(perfume_id,note_id) values (453,(select note_id from note where name='geranium' and type='BASE'));insert into perfume_note(perfume_id,note_id) values (453,(select note_id from note where name='gardenia' and type='BASE'));insert into perfume(perfume_id,concentration,image,name,price,rating,gender,volume,brand_id) values( '454','EDP','perfumes/454.jpg',"L'instant",3000,'4.2',0,'100.0',(select brand_id from brand where name="Guerlain"));insert into perfume_note(perfume_id,note_id) values( 454,(select note_id from note where name='vanilla' and type='TOP'));insert into perfume_note(perfume_id,note_id) values (454,(select note_id from note where name='benzoin' and type='MIDDLE'));insert into perfume_note(perfume_id,note_id) values (454,(select note_id from note where name='amber' and type='MIDDLE'));insert into perfume_note(perfume_id,note_id) values (454,(select note_id from note where name='vanilla' and type='MIDDLE'));insert into perfume_note(perfume_id,note_id) values (454,(select note_id from note where name='musk' and type='MIDDLE'));insert into perfume_note(perfume_id,note_id) values (454,(select note_id from note where name='ylangylang' and type='BASE'));insert into perfume_note(perfume_id,note_id) values (454,(select note_id from note where name='sambac jasmine' and type='BASE'));insert into perfume_note(perfume_id,note_id) values (454,(select note_id from note where name='magnolia' and type='BASE'));insert into perfume_note(perfume_id,note_id) values (454,(select note_id from note where name='iris' and type='BASE'));insert into perfume(perfume_id,concentration,image,name,price,rating,gender,volume,brand_id) values( '455','EDP','perfumes/455.jpg',"Rose Essentielle",3000,'5.0',0,'100.0',(select brand_id from brand where name="BVLGARI"));insert into perfume_note(perfume_id,note_id) values( 455,(select note_id from note where name='floral' and type='TOP'));insert into perfume_note(perfume_id,note_id) values (455,(select note_id from note where name='patchouli' and type='MIDDLE'));insert into perfume_note(perfume_id,note_id) values (455,(select note_id from note where name='sandalwood' and type='MIDDLE'));insert into perfume_note(perfume_id,note_id) values (455,(select note_id from note where name='trace' and type='BASE'));insert into perfume_note(perfume_id,note_id) values (455,(select note_id from note where name='are' and type='BASE'));insert into perfume_note(perfume_id,note_id) values (455,(select note_id from note where name='jasmine' and type='BASE'));insert into perfume_note(perfume_id,note_id) values (455,(select note_id from note where name='delicate' and type='BASE'));insert into perfume_note(perfume_id,note_id) values (455,(select note_id from note where name='violet' and type='BASE'));insert into perfume_note(perfume_id,note_id) values (455,(select note_id from note where name='blackberry' and type='BASE'));insert into perfume_note(perfume_id,note_id) values (455,(select note_id from note where name='softened' and type='BASE'));insert into perfume(perfume_id,concentration,image,name,price,rating,gender,volume,brand_id) values( '456','EDP','perfumes/456.jpg',"Cabotine De Gres",3000,'4.5',0,'100.0',(select brand_id from brand where name="Parfums Gres"));insert into perfume_note(perfume_id,note_id) values( 456,(select note_id from note where name='floral' and type='TOP'));insert into perfume_note(perfume_id,note_id) values (456,(select note_id from note where name='patchouli' and type='MIDDLE'));insert into perfume_note(perfume_id,note_id) values (456,(select note_id from note where name='sandalwood' and type='MIDDLE'));insert into perfume_note(perfume_id,note_id) values (456,(select note_id from note where name='musk' and type='MIDDLE'));insert into perfume_note(perfume_id,note_id) values (456,(select note_id from note where name='wild' and type='BASE'));insert into perfume_note(perfume_id,note_id) values (456,(select note_id from note where name='tubereuse' and type='BASE'));insert into perfume_note(perfume_id,note_id) values (456,(select note_id from note where name='lily' and type='BASE'));insert into perfume_note(perfume_id,note_id) values (456,(select note_id from note where name='ginger' and type='BASE'));insert into perfume_note(perfume_id,note_id) values (456,(select note_id from note where name='hyacinth' and type='BASE'));insert into perfume(perfume_id,concentration,image,name,price,rating,gender,volume,brand_id) values( '457','EDT','perfumes/457.jpg',"Magie Noire L'eau",3000,'4.6',0,'75.0',(select brand_id from brand where name="Lancome"));insert into perfume_note(perfume_id,note_id) values( 457,(select note_id from note where name='woody' and type='TOP'));insert into perfume_note(perfume_id,note_id) values (457,(select note_id from note where name='patchouli' and type='MIDDLE'));insert into perfume_note(perfume_id,note_id) values (457,(select note_id from note where name='sandalwood' and type='MIDDLE'));insert into perfume_note(perfume_id,note_id) values (457,(select note_id from note where name='amber' and type='MIDDLE'));insert into perfume_note(perfume_id,note_id) values (457,(select note_id from note where name='ylangylang' and type='BASE'));insert into perfume_note(perfume_id,note_id) values (457,(select note_id from note where name='jasmine' and type='BASE'));insert into perfume(perfume_id,concentration,image,name,price,rating,gender,volume,brand_id) values( '458','EDT','perfumes/458.webp',"Esencia Pour Homme",3000,'5.0',0,'150.0',(select brand_id from brand where name="LOEWE"));insert into perfume_note(perfume_id,note_id) values( 458,(select note_id from note where name='woody' and type='TOP'));insert into perfume_note(perfume_id,note_id) values (458,(select note_id from note where name='amber' and type='MIDDLE'));insert into perfume_note(perfume_id,note_id) values (458,(select note_id from note where name='fir' and type='MIDDLE'));insert into perfume_note(perfume_id,note_id) values (458,(select note_id from note where name='styrax' and type='MIDDLE'));insert into perfume_note(perfume_id,note_id) values (458,(select note_id from note where name='vetiver' and type='MIDDLE'));insert into perfume_note(perfume_id,note_id) values (458,(select note_id from note where name='cedar' and type='MIDDLE'));insert into perfume_note(perfume_id,note_id) values (458,(select note_id from note where name='sandalwood' and type='MIDDLE'));insert into perfume_note(perfume_id,note_id) values (458,(select note_id from note where name='musk' and type='MIDDLE'));insert into perfume_note(perfume_id,note_id) values (458,(select note_id from note where name='patchouli' and type='MIDDLE'));insert into perfume_note(perfume_id,note_id) values (458,(select note_id from note where name='leather' and type='MIDDLE'));insert into perfume_note(perfume_id,note_id) values (458,(select note_id from note where name='tonka bean' and type='MIDDLE'));insert into perfume_note(perfume_id,note_id) values (458,(select note_id from note where name='oakmoss' and type='MIDDLE'));insert into perfume_note(perfume_id,note_id) values (458,(select note_id from note where name='clary sage' and type='BASE'));insert into perfume_note(perfume_id,note_id) values (458,(select note_id from note where name='rose' and type='BASE'));insert into perfume_note(perfume_id,note_id) values (458,(select note_id from note where name='jasmine' and type='BASE'));insert into perfume_note(perfume_id,note_id) values (458,(select note_id from note where name='nutmeg' and type='BASE'));insert into perfume_note(perfume_id,note_id) values (458,(select note_id from note where name='currant' and type='BASE'));insert into perfume_note(perfume_id,note_id) values (458,(select note_id from note where name='black' and type='BASE'));insert into perfume_note(perfume_id,note_id) values (458,(select note_id from note where name='pine tree needles' and type='BASE'));insert into perfume_note(perfume_id,note_id) values (458,(select note_id from note where name='neroli' and type='BASE'));insert into perfume_note(perfume_id,note_id) values (458,(select note_id from note where name='geranium' and type='BASE'));insert into perfume_note(perfume_id,note_id) values (458,(select note_id from note where name='lilyofthevalley' and type='BASE'));insert into perfume_note(perfume_id,note_id) values (458,(select note_id from note where name='basil' and type='BASE'));insert into perfume(perfume_id,concentration,image,name,price,rating,gender,volume,brand_id) values( '459','EDT','perfumes/459.jpg',"CK Be",3000,'5.0',0,'200.0',(select brand_id from brand where name="Calvin Klein"));insert into perfume_note(perfume_id,note_id) values( 459,(select note_id from note where name='spicy' and type='TOP'));insert into perfume_note(perfume_id,note_id) values (459,(select note_id from note where name='cedar' and type='MIDDLE'));insert into perfume_note(perfume_id,note_id) values (459,(select note_id from note where name='sandalwood' and type='MIDDLE'));insert into perfume_note(perfume_id,note_id) values (459,(select note_id from note where name='amber' and type='MIDDLE'));insert into perfume_note(perfume_id,note_id) values (459,(select note_id from note where name='oakmoss' and type='MIDDLE'));insert into perfume_note(perfume_id,note_id) values (459,(select note_id from note where name='peach' and type='BASE'));insert into perfume_note(perfume_id,note_id) values (459,(select note_id from note where name='green grass' and type='BASE'));insert into perfume_note(perfume_id,note_id) values (459,(select note_id from note where name='jasmine' and type='BASE'));insert into perfume_note(perfume_id,note_id) values (459,(select note_id from note where name='orchid' and type='BASE'));insert into perfume_note(perfume_id,note_id) values (459,(select note_id from note where name='magnolia' and type='BASE'));insert into perfume_note(perfume_id,note_id) values (459,(select note_id from note where name='freesia' and type='BASE'));insert into perfume(perfume_id,concentration,image,name,price,rating,gender,volume,brand_id) values( '460','EDT','perfumes/460.jpg',"Boss",3000,'4.7',0,'100.0',(select brand_id from brand where name="HUGO BOSS"));insert into perfume_note(perfume_id,note_id) values( 460,(select note_id from note where name='woody' and type='TOP'));insert into perfume_note(perfume_id,note_id) values (460,(select note_id from note where name='vetiver' and type='MIDDLE'));insert into perfume_note(perfume_id,note_id) values (460,(select note_id from note where name='cedarwood' and type='MIDDLE'));insert into perfume_note(perfume_id,note_id) values (460,(select note_id from note where name='sandalwood' and type='MIDDLE'));insert into perfume_note(perfume_id,note_id) values (460,(select note_id from note where name='vanilla' and type='MIDDLE'));insert into perfume_note(perfume_id,note_id) values (460,(select note_id from note where name='geranium' and type='BASE'));insert into perfume_note(perfume_id,note_id) values (460,(select note_id from note where name='cloves' and type='BASE'));insert into perfume_note(perfume_id,note_id) values (460,(select note_id from note where name='cinnamon' and type='BASE'));insert into perfume(perfume_id,concentration,image,name,price,rating,gender,volume,brand_id) values( '461','EDT','perfumes/461.jpg',"Daisy Eau So Fresh",3000,'5.0',0,'125.0',(select brand_id from brand where name="Marc Jacobs"));insert into perfume_note(perfume_id,note_id) values( 461,(select note_id from note where name='fruity' and type='TOP'));insert into perfume_note(perfume_id,note_id) values (461,(select note_id from note where name='cedarwood' and type='MIDDLE'));insert into perfume_note(perfume_id,note_id) values (461,(select note_id from note where name='plum' and type='MIDDLE'));insert into perfume_note(perfume_id,note_id) values (461,(select note_id from note where name='musk' and type='MIDDLE'));insert into perfume_note(perfume_id,note_id) values (461,(select note_id from note where name='wild rose' and type='BASE'));insert into perfume_note(perfume_id,note_id) values (461,(select note_id from note where name='lychee' and type='BASE'));insert into perfume_note(perfume_id,note_id) values (461,(select note_id from note where name='jasmine petals' and type='BASE'));insert into perfume_note(perfume_id,note_id) values (461,(select note_id from note where name='violet' and type='BASE'));insert into perfume_note(perfume_id,note_id) values (461,(select note_id from note where name='apple blossom' and type='BASE'));insert into perfume(perfume_id,concentration,image,name,price,rating,gender,volume,brand_id) values( '462','EDT','perfumes/462.webp',"Legend",3000,'4.7',0,'100.0',(select brand_id from brand where name="MONTBLANC"));insert into perfume_note(perfume_id,note_id) values( 462,(select note_id from note where name='spicy' and type='TOP'));insert into perfume_note(perfume_id,note_id) values (462,(select note_id from note where name='sandalwood' and type='MIDDLE'));insert into perfume_note(perfume_id,note_id) values (462,(select note_id from note where name='tonka bean' and type='MIDDLE'));insert into perfume_note(perfume_id,note_id) values (462,(select note_id from note where name='coumarin' and type='BASE'));insert into perfume_note(perfume_id,note_id) values (462,(select note_id from note where name='apple' and type='BASE'));insert into perfume_note(perfume_id,note_id) values (462,(select note_id from note where name='rose' and type='BASE'));insert into perfume_note(perfume_id,note_id) values (462,(select note_id from note where name='dried fruit' and type='BASE'));insert into perfume_note(perfume_id,note_id) values (462,(select note_id from note where name='oak moss' and type='BASE'));insert into perfume_note(perfume_id,note_id) values (462,(select note_id from note where name='geranium' and type='BASE'));insert into perfume(perfume_id,concentration,image,name,price,rating,gender,volume,brand_id) values( '463','EDP','perfumes/463.jpg',"New York Coach Dreams",3000,'4.0',0,'90.0',(select brand_id from brand where name="COACH"));insert into perfume_note(perfume_id,note_id) values( 463,(select note_id from note where name='floral' and type='TOP'));insert into perfume_note(perfume_id,note_id) values (463,(select note_id from note where name='joshua' and type='MIDDLE'));insert into perfume_note(perfume_id,note_id) values (463,(select note_id from note where name='tree' and type='MIDDLE'));insert into perfume_note(perfume_id,note_id) values (463,(select note_id from note where name='ambroxan' and type='MIDDLE'));insert into perfume_note(perfume_id,note_id) values (463,(select note_id from note where name='flowers' and type='BASE'));insert into perfume_note(perfume_id,note_id) values (463,(select note_id from note where name='cactus' and type='BASE'));insert into perfume_note(perfume_id,note_id) values (463,(select note_id from note where name='gardenias' and type='BASE'));insert into perfume(perfume_id,concentration,image,name,price,rating,gender,volume,brand_id) values( '464','EDP','perfumes/464.jpg',"Intenso",3000,'4.5',0,'125.0',(select brand_id from brand where name="Dolce & Gabbana"));insert into perfume_note(perfume_id,note_id) values( 464,(select note_id from note where name='spicy' and type='TOP'));insert into perfume_note(perfume_id,note_id) values (464,(select note_id from note where name='amber' and type='MIDDLE'));insert into perfume_note(perfume_id,note_id) values (464,(select note_id from note where name='cypress' and type='MIDDLE'));insert into perfume_note(perfume_id,note_id) values (464,(select note_id from note where name='labdanum' and type='MIDDLE'));insert into perfume_note(perfume_id,note_id) values (464,(select note_id from note where name='sandalwood' and type='MIDDLE'));insert into perfume_note(perfume_id,note_id) values (464,(select note_id from note where name='musk' and type='MIDDLE'));insert into perfume_note(perfume_id,note_id) values (464,(select note_id from note where name='moepel accord' and type='BASE'));insert into perfume_note(perfume_id,note_id) values (464,(select note_id from note where name='hay' and type='BASE'));insert into perfume_note(perfume_id,note_id) values (464,(select note_id from note where name='clary sage' and type='BASE'));insert into perfume_note(perfume_id,note_id) values (464,(select note_id from note where name='bran' and type='BASE'));insert into perfume(perfume_id,concentration,image,name,price,rating,gender,volume,brand_id) values( '465','EDP','perfumes/465.jpg',"Marciano",3000,'4.4',0,'100.0',(select brand_id from brand where name="GUESS"));insert into perfume_note(perfume_id,note_id) values( 465,(select note_id from note where name='citrus' and type='TOP'));insert into perfume_note(perfume_id,note_id) values (465,(select note_id from note where name='woody notes' and type='MIDDLE'));insert into perfume_note(perfume_id,note_id) values (465,(select note_id from note where name='vanilla' and type='MIDDLE'));insert into perfume_note(perfume_id,note_id) values (465,(select note_id from note where name='musk' and type='MIDDLE'));insert into perfume_note(perfume_id,note_id) values (465,(select note_id from note where name='honeysuckle' and type='BASE'));insert into perfume_note(perfume_id,note_id) values (465,(select note_id from note where name='jasmine' and type='BASE'));insert into perfume_note(perfume_id,note_id) values (465,(select note_id from note where name='peony' and type='BASE'));insert into perfume(perfume_id,concentration,image,name,price,rating,gender,volume,brand_id) values( '466','EDP','perfumes/466.jpg',"Shalis",3000,'5.0',0,'100.0',(select brand_id from brand where name="Remy Marquis"));insert into perfume_note(perfume_id,note_id) values( 466,(select note_id from note where name='fruity' and type='TOP'));insert into perfume_note(perfume_id,note_id) values (466,(select note_id from note where name='sandalwood' and type='MIDDLE'));insert into perfume_note(perfume_id,note_id) values (466,(select note_id from note where name='nutmeg' and type='MIDDLE'));insert into perfume_note(perfume_id,note_id) values (466,(select note_id from note where name='oakmoss' and type='MIDDLE'));insert into perfume_note(perfume_id,note_id) values (466,(select note_id from note where name='lavender' and type='BASE'));insert into perfume_note(perfume_id,note_id) values (466,(select note_id from note where name='basil' and type='BASE'));insert into perfume(perfume_id,concentration,image,name,price,rating,gender,volume,brand_id) values( '467','EDP','perfumes/467.jpg',"Rumeur 2 Rose",3000,'4.3',0,'100.0',(select brand_id from brand where name="LANVIN PARIS"));insert into perfume_note(perfume_id,note_id) values( 467,(select note_id from note where name='floral' and type='TOP'));insert into perfume_note(perfume_id,note_id) values (467,(select note_id from note where name='patchouli' and type='MIDDLE'));insert into perfume_note(perfume_id,note_id) values (467,(select note_id from note where name='amber' and type='MIDDLE'));insert into perfume_note(perfume_id,note_id) values (467,(select note_id from note where name='musk' and type='MIDDLE'));insert into perfume_note(perfume_id,note_id) values (467,(select note_id from note where name='valley' and type='BASE'));insert into perfume_note(perfume_id,note_id) values (467,(select note_id from note where name='the' and type='BASE'));insert into perfume_note(perfume_id,note_id) values (467,(select note_id from note where name='honeysuckle' and type='BASE'));insert into perfume_note(perfume_id,note_id) values (467,(select note_id from note where name='rose' and type='BASE'));insert into perfume_note(perfume_id,note_id) values (467,(select note_id from note where name='jasmine' and type='BASE'));insert into perfume_note(perfume_id,note_id) values (467,(select note_id from note where name='false jasmine' and type='BASE'));insert into perfume_note(perfume_id,note_id) values (467,(select note_id from note where name='lily' and type='BASE'));insert into perfume_note(perfume_id,note_id) values (467,(select note_id from note where name='magnolia' and type='BASE'));insert into perfume(perfume_id,concentration,image,name,price,rating,gender,volume,brand_id) values( '468','EDP','perfumes/468.jpg',"cavali",3000,'4.3',0,'75.0',(select brand_id from brand where name="Roberto Cavalli"));insert into perfume_note(perfume_id,note_id) values( 468,(select note_id from note where name='arabian' and type='TOP'));insert into perfume_note(perfume_id,note_id) values (468,(select note_id from note where name='laos benzoin' and type='MIDDLE'));insert into perfume_note(perfume_id,note_id) values (468,(select note_id from note where name='roasted tonka grain' and type='MIDDLE'));insert into perfume_note(perfume_id,note_id) values (468,(select note_id from note where name='mirabelle plum' and type='BASE'));insert into perfume_note(perfume_id,note_id) values (468,(select note_id from note where name='orange blossom extract' and type='BASE'));insert into perfume(perfume_id,concentration,image,name,price,rating,gender,volume,brand_id) values( '469','EDP','perfumes/469.jpg',"Florence Amber",3000,'4.5',0,'75.0',(select brand_id from brand where name="Roberto Cavalli"));insert into perfume_note(perfume_id,note_id) values( 469,(select note_id from note where name='floral' and type='TOP'));insert into perfume_note(perfume_id,note_id) values (469,(select note_id from note where name='honey' and type='MIDDLE'));insert into perfume_note(perfume_id,note_id) values (469,(select note_id from note where name='patchouli' and type='MIDDLE'));insert into perfume_note(perfume_id,note_id) values (469,(select note_id from note where name='cashmirwood' and type='BASE'));insert into perfume_note(perfume_id,note_id) values (469,(select note_id from note where name='quince' and type='BASE'));insert into perfume_note(perfume_id,note_id) values (469,(select note_id from note where name='gardenia' and type='BASE'));insert into perfume(perfume_id,concentration,image,name,price,rating,gender,volume,brand_id) values( '470','EDT','perfumes/470.jpg',"De Caron",3000,'4.3',0,'200.0',(select brand_id from brand where name="CARON"));insert into perfume_note(perfume_id,note_id) values( 470,(select note_id from note where name='fresh' and type='TOP'));insert into perfume_note(perfume_id,note_id) values (470,(select note_id from note where name='musk' and type='MIDDLE'));insert into perfume_note(perfume_id,note_id) values (470,(select note_id from note where name='vanille' and type='BASE'));insert into perfume(perfume_id,concentration,image,name,price,rating,gender,volume,brand_id) values( '471','EDP','perfumes/471.jpg',"Heiress",3000,'4.4',0,'100.0',(select brand_id from brand where name="Paris Hilton"));insert into perfume_note(perfume_id,note_id) values( 471,(select note_id from note where name='fruity' and type='TOP'));insert into perfume_note(perfume_id,note_id) values (471,(select note_id from note where name='light wood' and type='MIDDLE'));insert into perfume_note(perfume_id,note_id) values (471,(select note_id from note where name='violet leaf' and type='MIDDLE'));insert into perfume_note(perfume_id,note_id) values (471,(select note_id from note where name='tahiti tonka' and type='MIDDLE'));insert into perfume_note(perfume_id,note_id) values (471,(select note_id from note where name='delightfully sweet ylangylang' and type='BASE'));insert into perfume_note(perfume_id,note_id) values (471,(select note_id from note where name='honeysuckle' and type='BASE'));insert into perfume_note(perfume_id,note_id) values (471,(select note_id from note where name='grenadine' and type='BASE'));insert into perfume_note(perfume_id,note_id) values (471,(select note_id from note where name='jasmine' and type='BASE'));insert into perfume_note(perfume_id,note_id) values (471,(select note_id from note where name='tiare lily' and type='BASE'));insert into perfume(perfume_id,concentration,image,name,price,rating,gender,volume,brand_id) values( '472','EDP','perfumes/472.webp',"212 VIP",3000,'4.4',0,'80.0',(select brand_id from brand where name="CAROLINA HERRERA"));insert into perfume_note(perfume_id,note_id) values( 472,(select note_id from note where name='arabian' and type='TOP'));insert into perfume_note(perfume_id,note_id) values (472,(select note_id from note where name='tonka bean' and type='MIDDLE'));insert into perfume_note(perfume_id,note_id) values (472,(select note_id from note where name='vanille' and type='MIDDLE'));insert into perfume_note(perfume_id,note_id) values (472,(select note_id from note where name='musk' and type='BASE'));insert into perfume_note(perfume_id,note_id) values (472,(select note_id from note where name='gardenia' and type='BASE'));insert into perfume(perfume_id,concentration,image,name,price,rating,gender,volume,brand_id) values( '473','EDT','perfumes/473.jpg',"Essence Pure",3000,'4.4',0,'100.0',(select brand_id from brand where name="S.T.Dupont"));insert into perfume_note(perfume_id,note_id) values( 473,(select note_id from note where name='citrus' and type='TOP'));insert into perfume_note(perfume_id,note_id) values (473,(select note_id from note where name='patchouli' and type='MIDDLE'));insert into perfume_note(perfume_id,note_id) values (473,(select note_id from note where name='amber' and type='MIDDLE'));insert into perfume_note(perfume_id,note_id) values (473,(select note_id from note where name='vanilla' and type='MIDDLE'));insert into perfume_note(perfume_id,note_id) values (473,(select note_id from note where name='cedar' and type='MIDDLE'));insert into perfume_note(perfume_id,note_id) values (473,(select note_id from note where name='rose' and type='BASE'));insert into perfume_note(perfume_id,note_id) values (473,(select note_id from note where name='jasmine' and type='BASE'));insert into perfume(perfume_id,concentration,image,name,price,rating,gender,volume,brand_id) values( '474','EDT','perfumes/474.webp',"Jaguar",3000,'4.5',0,'100.0',(select brand_id from brand where name="JAGUAR"));insert into perfume_note(perfume_id,note_id) values( 474,(select note_id from note where name='aromatic' and type='TOP'));insert into perfume_note(perfume_id,note_id) values (474,(select note_id from note where name='tobacco' and type='MIDDLE'));insert into perfume_note(perfume_id,note_id) values (474,(select note_id from note where name='amber' and type='MIDDLE'));insert into perfume_note(perfume_id,note_id) values (474,(select note_id from note where name='cedar' and type='MIDDLE'));insert into perfume_note(perfume_id,note_id) values (474,(select note_id from note where name='sandalwood' and type='MIDDLE'));insert into perfume_note(perfume_id,note_id) values (474,(select note_id from note where name='vanilla' and type='MIDDLE'));insert into perfume_note(perfume_id,note_id) values (474,(select note_id from note where name='musk' and type='MIDDLE'));insert into perfume_note(perfume_id,note_id) values (474,(select note_id from note where name='fern' and type='MIDDLE'));insert into perfume_note(perfume_id,note_id) values (474,(select note_id from note where name='patchouli' and type='MIDDLE'));insert into perfume_note(perfume_id,note_id) values (474,(select note_id from note where name='leather' and type='MIDDLE'));insert into perfume_note(perfume_id,note_id) values (474,(select note_id from note where name='tonka bean' and type='MIDDLE'));insert into perfume_note(perfume_id,note_id) values (474,(select note_id from note where name='oakmoss' and type='MIDDLE'));insert into perfume_note(perfume_id,note_id) values (474,(select note_id from note where name='fir' and type='BASE'));insert into perfume_note(perfume_id,note_id) values (474,(select note_id from note where name='gardenia' and type='BASE'));insert into perfume_note(perfume_id,note_id) values (474,(select note_id from note where name='cinnamon' and type='BASE'));insert into perfume_note(perfume_id,note_id) values (474,(select note_id from note where name='rose' and type='BASE'));insert into perfume_note(perfume_id,note_id) values (474,(select note_id from note where name='jasmine' and type='BASE'));insert into perfume_note(perfume_id,note_id) values (474,(select note_id from note where name='nutmeg' and type='BASE'));insert into perfume_note(perfume_id,note_id) values (474,(select note_id from note where name='carnation' and type='BASE'));insert into perfume_note(perfume_id,note_id) values (474,(select note_id from note where name='sage' and type='BASE'));insert into perfume_note(perfume_id,note_id) values (474,(select note_id from note where name='geranium' and type='BASE'));insert into perfume_note(perfume_id,note_id) values (474,(select note_id from note where name='cyclamen' and type='BASE'));insert into perfume_note(perfume_id,note_id) values (474,(select note_id from note where name='caraway' and type='BASE'));insert into perfume(perfume_id,concentration,image,name,price,rating,gender,volume,brand_id) values( '475','EDT','perfumes/475.jpg',"L.12.12 Blanc",3000,'5.0',0,'100.0',(select brand_id from brand where name="LACOSTE"));insert into perfume_note(perfume_id,note_id) values( 475,(select note_id from note where name='woody' and type='TOP'));insert into perfume_note(perfume_id,note_id) values (475,(select note_id from note where name='vetiver' and type='MIDDLE'));insert into perfume_note(perfume_id,note_id) values (475,(select note_id from note where name='leather' and type='MIDDLE'));insert into perfume_note(perfume_id,note_id) values (475,(select note_id from note where name='virginia cedar' and type='MIDDLE'));insert into perfume_note(perfume_id,note_id) values (475,(select note_id from note where name='suede' and type='MIDDLE'));insert into perfume_note(perfume_id,note_id) values (475,(select note_id from note where name='ylang' and type='BASE'));insert into perfume(perfume_id,concentration,image,name,price,rating,gender,volume,brand_id) values( '476','EDP','perfumes/476.jpg',"My Burberry",3000,'5.0',0,'50.0',(select brand_id from brand where name="BURBERRY"));insert into perfume_note(perfume_id,note_id) values( 476,(select note_id from note where name='floral' and type='TOP'));insert into perfume_note(perfume_id,note_id) values (476,(select note_id from note where name='patchouli' and type='MIDDLE'));insert into perfume_note(perfume_id,note_id) values (476,(select note_id from note where name='amber' and type='MIDDLE'));insert into perfume_note(perfume_id,note_id) values (476,(select note_id from note where name='rose' and type='BASE'));insert into perfume_note(perfume_id,note_id) values (476,(select note_id from note where name='peach' and type='BASE'));insert into perfume(perfume_id,concentration,image,name,price,rating,gender,volume,brand_id) values( '477','EDT','perfumes/477.jpg',"Love You Like Crazy",3000,'4.5',0,'100.0',(select brand_id from brand where name="DORALL COLLECTION"));insert into perfume_note(perfume_id,note_id) values( 477,(select note_id from note where name='woody' and type='TOP'));insert into perfume_note(perfume_id,note_id) values (477,(select note_id from note where name='patchouli' and type='MIDDLE'));insert into perfume_note(perfume_id,note_id) values (477,(select note_id from note where name='amber' and type='MIDDLE'));insert into perfume_note(perfume_id,note_id) values (477,(select note_id from note where name='vanilla' and type='MIDDLE'));insert into perfume_note(perfume_id,note_id) values (477,(select note_id from note where name='musk' and type='MIDDLE'));insert into perfume_note(perfume_id,note_id) values (477,(select note_id from note where name='lily' and type='BASE'));insert into perfume_note(perfume_id,note_id) values (477,(select note_id from note where name='jasmine' and type='BASE'));insert into perfume_note(perfume_id,note_id) values (477,(select note_id from note where name='peony' and type='BASE'));insert into perfume(perfume_id,concentration,image,name,price,rating,gender,volume,brand_id) values( '478','EDT','perfumes/478.jpg',"Extreme",3000,'5.0',0,'100.0',(select brand_id from brand where name="TRUSSARDI"));insert into perfume_note(perfume_id,note_id) values( 478,(select note_id from note where name='woody' and type='TOP'));insert into perfume_note(perfume_id,note_id) values (478,(select note_id from note where name='vetiver' and type='MIDDLE'));insert into perfume_note(perfume_id,note_id) values (478,(select note_id from note where name='patchouli' and type='MIDDLE'));insert into perfume_note(perfume_id,note_id) values (478,(select note_id from note where name='fruitygourmand' and type='BASE'));insert into perfume_note(perfume_id,note_id) values (478,(select note_id from note where name='iris' and type='BASE'));insert into perfume_note(perfume_id,note_id) values (478,(select note_id from note where name='plum' and type='BASE'));insert into perfume_note(perfume_id,note_id) values (478,(select note_id from note where name='dark' and type='BASE'));insert into perfume_note(perfume_id,note_id) values (478,(select note_id from note where name='powdery' and type='BASE'));insert into perfume(perfume_id,concentration,image,name,price,rating,gender,volume,brand_id) values( '479','EDT','perfumes/479.jpg',"Versace Pour Homme",3000,'4.7',0,'100.0',(select brand_id from brand where name="VERSACE"));insert into perfume_note(perfume_id,note_id) values( 479,(select note_id from note where name='fresh' and type='TOP'));insert into perfume_note(perfume_id,note_id) values (479,(select note_id from note where name='beans' and type='MIDDLE'));insert into perfume_note(perfume_id,note_id) values (479,(select note_id from note where name='amber' and type='MIDDLE'));insert into perfume_note(perfume_id,note_id) values (479,(select note_id from note where name='musk' and type='MIDDLE'));insert into perfume_note(perfume_id,note_id) values (479,(select note_id from note where name='tonka' and type='MIDDLE'));insert into perfume_note(perfume_id,note_id) values (479,(select note_id from note where name='blue' and type='BASE'));insert into perfume_note(perfume_id,note_id) values (479,(select note_id from note where name='sage' and type='BASE'));insert into perfume_note(perfume_id,note_id) values (479,(select note_id from note where name='clary' and type='BASE'));insert into perfume_note(perfume_id,note_id) values (479,(select note_id from note where name='geranium' and type='BASE'));insert into perfume_note(perfume_id,note_id) values (479,(select note_id from note where name='hyacinth' and type='BASE'));insert into perfume(perfume_id,concentration,image,name,price,rating,gender,volume,brand_id) values( '480','EDP','perfumes/480.jpeg',"Beibei Bear Blue Par",3000,'4.9',0,'50.0',(select brand_id from brand where name="MING NA"));insert into perfume_note(perfume_id,note_id) values( 480,(select note_id from note where name='floral' and type='TOP'));insert into perfume_note(perfume_id,note_id) values (480,(select note_id from note where name='patchouli' and type='MIDDLE'));insert into perfume_note(perfume_id,note_id) values (480,(select note_id from note where name='earthy' and type='MIDDLE'));insert into perfume_note(perfume_id,note_id) values (480,(select note_id from note where name='dry amber' and type='MIDDLE'));insert into perfume_note(perfume_id,note_id) values (480,(select note_id from note where name='lavender' and type='BASE'));insert into perfume_note(perfume_id,note_id) values (480,(select note_id from note where name='sandalwood' and type='BASE'));insert into perfume_note(perfume_id,note_id) values (480,(select note_id from note where name='peppery' and type='BASE'));insert into perfume(perfume_id,concentration,image,name,price,rating,gender,volume,brand_id) values( '481','EDP','perfumes/481.jpg',"Paradiso",3000,'4.6',0,'75.0',(select brand_id from brand where name="Roberto Cavalli"));insert into perfume_note(perfume_id,note_id) values( 481,(select note_id from note where name='woody' and type='TOP'));insert into perfume_note(perfume_id,note_id) values (481,(select note_id from note where name='laurels' and type='MIDDLE'));insert into perfume_note(perfume_id,note_id) values (481,(select note_id from note where name='cypress' and type='MIDDLE'));insert into perfume_note(perfume_id,note_id) values (481,(select note_id from note where name='pine tree' and type='MIDDLE'));insert into perfume_note(perfume_id,note_id) values (481,(select note_id from note where name='jasmine' and type='BASE'));insert into perfume(perfume_id,concentration,image,name,price,rating,gender,volume,brand_id) values( '482','EDT','perfumes/482.jpg',"Encre Noire",3000,'4.4',0,'100.0',(select brand_id from brand where name="LALIQUE"));insert into perfume_note(perfume_id,note_id) values( 482,(select note_id from note where name='woody' and type='TOP'));insert into perfume_note(perfume_id,note_id) values (482,(select note_id from note where name='sandalwood' and type='MIDDLE'));insert into perfume_note(perfume_id,note_id) values (482,(select note_id from note where name='lemongrass' and type='BASE'));insert into perfume(perfume_id,concentration,image,name,price,rating,gender,volume,brand_id) values( '483','EDT','perfumes/483.jpg',"Visit",3000,'4.3',0,'100.0',(select brand_id from brand where name="AZZARO"));insert into perfume_note(perfume_id,note_id) values( 483,(select note_id from note where name='woody' and type='TOP'));insert into perfume_note(perfume_id,note_id) values (483,(select note_id from note where name='gray amber' and type='MIDDLE'));insert into perfume_note(perfume_id,note_id) values (483,(select note_id from note where name='musk' and type='MIDDLE'));insert into perfume_note(perfume_id,note_id) values (483,(select note_id from note where name='incense' and type='BASE'));insert into perfume_note(perfume_id,note_id) values (483,(select note_id from note where name='guaiac tree' and type='BASE'));insert into perfume_note(perfume_id,note_id) values (483,(select note_id from note where name='lebanese cedar' and type='BASE'));insert into perfume(perfume_id,concentration,image,name,price,rating,gender,volume,brand_id) values( '484','EDT','perfumes/484.webp',"Escape",3000,'4.5',0,'100.0',(select brand_id from brand where name="Calvin Klein"));insert into perfume_note(perfume_id,note_id) values( 484,(select note_id from note where name='woody' and type='TOP'));insert into perfume_note(perfume_id,note_id) values (484,(select note_id from note where name='amber' and type='MIDDLE'));insert into perfume_note(perfume_id,note_id) values (484,(select note_id from note where name='vetiver' and type='MIDDLE'));insert into perfume_note(perfume_id,note_id) values (484,(select note_id from note where name='sandalwood' and type='MIDDLE'));insert into perfume_note(perfume_id,note_id) values (484,(select note_id from note where name='patchouli' and type='MIDDLE'));insert into perfume_note(perfume_id,note_id) values (484,(select note_id from note where name='oakmoss' and type='MIDDLE'));insert into perfume_note(perfume_id,note_id) values (484,(select note_id from note where name='cypress' and type='BASE'));insert into perfume_note(perfume_id,note_id) values (484,(select note_id from note where name='sage' and type='BASE'));insert into perfume_note(perfume_id,note_id) values (484,(select note_id from note where name='birch' and type='BASE'));insert into perfume_note(perfume_id,note_id) values (484,(select note_id from note where name='notes' and type='BASE'));insert into perfume_note(perfume_id,note_id) values (484,(select note_id from note where name='rosemary' and type='BASE'));insert into perfume_note(perfume_id,note_id) values (484,(select note_id from note where name='fir' and type='BASE'));insert into perfume_note(perfume_id,note_id) values (484,(select note_id from note where name='sea' and type='BASE'));insert into perfume(perfume_id,concentration,image,name,price,rating,gender,volume,brand_id) values( '485','EDP','perfumes/485.jpg',"My Name",3000,'4.6',0,'50.0',(select brand_id from brand where name="TRUSSARDI"));insert into perfume_note(perfume_id,note_id) values( 485,(select note_id from note where name='floral' and type='TOP'));insert into perfume_note(perfume_id,note_id) values (485,(select note_id from note where name='vanilla' and type='MIDDLE'));insert into perfume_note(perfume_id,note_id) values (485,(select note_id from note where name='dry amber' and type='MIDDLE'));insert into perfume_note(perfume_id,note_id) values (485,(select note_id from note where name='musk' and type='BASE'));insert into perfume_note(perfume_id,note_id) values (485,(select note_id from note where name='lilac' and type='BASE'));insert into perfume(perfume_id,concentration,image,name,price,rating,gender,volume,brand_id) values( '486','EDP','perfumes/486.jpg',"Passenger",3000,'4.9',0,'100.0',(select brand_id from brand where name="S.T.Dupont"));insert into perfume_note(perfume_id,note_id) values( 486,(select note_id from note where name='fruity' and type='TOP'));insert into perfume_note(perfume_id,note_id) values (486,(select note_id from note where name='iris' and type='MIDDLE'));insert into perfume_note(perfume_id,note_id) values (486,(select note_id from note where name='white' and type='MIDDLE'));insert into perfume_note(perfume_id,note_id) values (486,(select note_id from note where name='sandalwood' and type='MIDDLE'));insert into perfume_note(perfume_id,note_id) values (486,(select note_id from note where name='vanilla' and type='MIDDLE'));insert into perfume_note(perfume_id,note_id) values (486,(select note_id from note where name='musk' and type='MIDDLE'));insert into perfume_note(perfume_id,note_id) values (486,(select note_id from note where name='peach' and type='BASE'));insert into perfume_note(perfume_id,note_id) values (486,(select note_id from note where name='gardenia' and type='BASE'));insert into perfume_note(perfume_id,note_id) values (486,(select note_id from note where name='rose' and type='BASE'));insert into perfume_note(perfume_id,note_id) values (486,(select note_id from note where name='white' and type='BASE'));insert into perfume_note(perfume_id,note_id) values (486,(select note_id from note where name='cyclamen' and type='BASE'));insert into perfume(perfume_id,concentration,image,name,price,rating,gender,volume,brand_id) values( '487','EDP','perfumes/487.jpg',"Beauty",3000,'4.8',0,'100.0',(select brand_id from brand where name="Calvin Klein"));insert into perfume_note(perfume_id,note_id) values( 487,(select note_id from note where name='floral' and type='TOP'));insert into perfume_note(perfume_id,note_id) values (487,(select note_id from note where name='cedarwood' and type='MIDDLE'));insert into perfume_note(perfume_id,note_id) values (487,(select note_id from note where name='jasmine' and type='BASE'));insert into perfume(perfume_id,concentration,image,name,price,rating,gender,volume,brand_id) values( '488','EDT','perfumes/488.jpg',"Guess",3000,'5.0',0,'100.0',(select brand_id from brand where name="GUESS"));insert into perfume_note(perfume_id,note_id) values( 488,(select note_id from note where name='woody' and type='TOP'));insert into perfume_note(perfume_id,note_id) values (488,(select note_id from note where name='australian sandalwood' and type='MIDDLE'));insert into perfume_note(perfume_id,note_id) values (488,(select note_id from note where name='vanilla' and type='MIDDLE'));insert into perfume_note(perfume_id,note_id) values (488,(select note_id from note where name='musk' and type='MIDDLE'));insert into perfume_note(perfume_id,note_id) values (488,(select note_id from note where name='violet' and type='BASE'));insert into perfume_note(perfume_id,note_id) values (488,(select note_id from note where name='peony' and type='BASE'));insert into perfume_note(perfume_id,note_id) values (488,(select note_id from note where name='jasmine' and type='BASE'));insert into perfume(perfume_id,concentration,image,name,price,rating,gender,volume,brand_id) values( '489','EDP','perfumes/489.jpg',"Bottled Intense",3000,'4.5',0,'100.0',(select brand_id from brand where name="HUGO BOSS"));insert into perfume_note(perfume_id,note_id) values( 489,(select note_id from note where name='spicy' and type='TOP'));insert into perfume_note(perfume_id,note_id) values (489,(select note_id from note where name='cedar' and type='MIDDLE'));insert into perfume_note(perfume_id,note_id) values (489,(select note_id from note where name='sandalwood' and type='MIDDLE'));insert into perfume_note(perfume_id,note_id) values (489,(select note_id from note where name='vanilla' and type='MIDDLE'));insert into perfume_note(perfume_id,note_id) values (489,(select note_id from note where name='vetiver' and type='MIDDLE'));insert into perfume_note(perfume_id,note_id) values (489,(select note_id from note where name='geranium' and type='BASE'));insert into perfume_note(perfume_id,note_id) values (489,(select note_id from note where name='cloves' and type='BASE'));insert into perfume_note(perfume_id,note_id) values (489,(select note_id from note where name='cinnamon' and type='BASE'));insert into perfume(perfume_id,concentration,image,name,price,rating,gender,volume,brand_id) values( '490','EDT','perfumes/490.jpg',"Royale",3000,'4.0',0,'75.0',(select brand_id from brand where name="Rasasi"));insert into perfume_note(perfume_id,note_id) values( 490,(select note_id from note where name='spicy' and type='TOP'));insert into perfume_note(perfume_id,note_id) values (490,(select note_id from note where name='aromatic scents' and type='MIDDLE'));insert into perfume_note(perfume_id,note_id) values (490,(select note_id from note where name='delicate musk fragrance' and type='BASE'));insert into perfume(perfume_id,concentration,image,name,price,rating,gender,volume,brand_id) values( '491','EDP','perfumes/491.webp',"Private Collection",3000,'5.0',0,'50.0',(select brand_id from brand where name="Estee Lauder"));insert into perfume_note(perfume_id,note_id) values( 491,(select note_id from note where name='floral' and type='TOP'));insert into perfume_note(perfume_id,note_id) values (491,(select note_id from note where name='sandalwood' and type='MIDDLE'));insert into perfume_note(perfume_id,note_id) values (491,(select note_id from note where name='amber' and type='MIDDLE'));insert into perfume_note(perfume_id,note_id) values (491,(select note_id from note where name='heliotrope' and type='MIDDLE'));insert into perfume_note(perfume_id,note_id) values (491,(select note_id from note where name='musk' and type='MIDDLE'));insert into perfume_note(perfume_id,note_id) values (491,(select note_id from note where name='coriander' and type='BASE'));insert into perfume_note(perfume_id,note_id) values (491,(select note_id from note where name='reseda' and type='BASE'));insert into perfume_note(perfume_id,note_id) values (491,(select note_id from note where name='ylangylang' and type='BASE'));insert into perfume_note(perfume_id,note_id) values (491,(select note_id from note where name='chrysanthemum' and type='BASE'));insert into perfume_note(perfume_id,note_id) values (491,(select note_id from note where name='bulgarian rose' and type='BASE'));insert into perfume(perfume_id,concentration,image,name,price,rating,gender,volume,brand_id) values( '492','EDP','perfumes/492.jpg',"Because It's You by Emporio",3000,'5.0',0,'100.0',(select brand_id from brand where name="armani"));insert into perfume_note(perfume_id,note_id) values( 492,(select note_id from note where name='floral' and type='TOP'));insert into perfume_note(perfume_id,note_id) values (492,(select note_id from note where name='vanilla' and type='MIDDLE'));insert into perfume_note(perfume_id,note_id) values (492,(select note_id from note where name='musk' and type='MIDDLE'));insert into perfume_note(perfume_id,note_id) values (492,(select note_id from note where name='rose absolute' and type='BASE'));insert into perfume(perfume_id,concentration,image,name,price,rating,gender,volume,brand_id) values( '493','EDP','perfumes/493.jpg',"The Beat",3000,'4.3',0,'75.0',(select brand_id from brand where name="BURBERRY"));insert into perfume_note(perfume_id,note_id) values( 493,(select note_id from note where name='floral' and type='TOP'));insert into perfume_note(perfume_id,note_id) values (493,(select note_id from note where name='vetiver' and type='MIDDLE'));insert into perfume_note(perfume_id,note_id) values (493,(select note_id from note where name='cedar' and type='MIDDLE'));insert into perfume_note(perfume_id,note_id) values (493,(select note_id from note where name='wood' and type='MIDDLE'));insert into perfume_note(perfume_id,note_id) values (493,(select note_id from note where name='white musk' and type='MIDDLE'));insert into perfume_note(perfume_id,note_id) values (493,(select note_id from note where name='ceylon tea' and type='BASE'));insert into perfume_note(perfume_id,note_id) values (493,(select note_id from note where name='bluebell' and type='BASE'));insert into perfume_note(perfume_id,note_id) values (493,(select note_id from note where name='iris' and type='BASE'));insert into perfume(perfume_id,concentration,image,name,price,rating,gender,volume,brand_id) values( '494','EDP','perfumes/494.jpg',"Rouat Al Oud",3000,'5.0',0,'100.0',(select brand_id from brand where name="Lattafa"));insert into perfume_note(perfume_id,note_id) values( 494,(select note_id from note where name='spicy' and type='TOP'));insert into perfume_note(perfume_id,note_id) values (494,(select note_id from note where name='patchouli' and type='MIDDLE'));insert into perfume_note(perfume_id,note_id) values (494,(select note_id from note where name='cedarwood' and type='MIDDLE'));insert into perfume_note(perfume_id,note_id) values (494,(select note_id from note where name='vetiver' and type='MIDDLE'));insert into perfume_note(perfume_id,note_id) values (494,(select note_id from note where name='musk' and type='MIDDLE'));insert into perfume_note(perfume_id,note_id) values (494,(select note_id from note where name='cardamom' and type='BASE'));insert into perfume_note(perfume_id,note_id) values (494,(select note_id from note where name='spicy notes' and type='BASE'));insert into perfume(perfume_id,concentration,image,name,price,rating,gender,volume,brand_id) values( '495','EDT','perfumes/495.jpg',"La Nuit De L`Homme",3000,'5.0',0,'100.0',(select brand_id from brand where name="Yves Saint Laurent"));insert into perfume_note(perfume_id,note_id) values( 495,(select note_id from note where name='woody' and type='TOP'));insert into perfume_note(perfume_id,note_id) values (495,(select note_id from note where name='vetiver' and type='MIDDLE'));insert into perfume_note(perfume_id,note_id) values (495,(select note_id from note where name='caraway' and type='MIDDLE'));insert into perfume_note(perfume_id,note_id) values (495,(select note_id from note where name='bergamot' and type='BASE'));insert into perfume_note(perfume_id,note_id) values (495,(select note_id from note where name='virginia cedar' and type='BASE'));insert into perfume_note(perfume_id,note_id) values (495,(select note_id from note where name='lavender' and type='BASE'));insert into perfume(perfume_id,concentration,image,name,price,rating,gender,volume,brand_id) values( '496','EDP','perfumes/496.jpg',"Blu",3000,'4.0',0,'90.0',(select brand_id from brand where name="Ajmal"));insert into perfume_note(perfume_id,note_id) values( 496,(select note_id from note where name='fresh' and type='TOP'));insert into perfume_note(perfume_id,note_id) values (496,(select note_id from note where name='sandalwood' and type='MIDDLE'));insert into perfume_note(perfume_id,note_id) values (496,(select note_id from note where name='musk' and type='MIDDLE'));insert into perfume_note(perfume_id,note_id) values (496,(select note_id from note where name='amber' and type='MIDDLE'));insert into perfume_note(perfume_id,note_id) values (496,(select note_id from note where name='lotus' and type='BASE'));insert into perfume_note(perfume_id,note_id) values (496,(select note_id from note where name='jasmine' and type='BASE'));insert into perfume(perfume_id,concentration,image,name,price,rating,gender,volume,brand_id) values( '497','EDT','perfumes/497.webp',"Legend",3000,'5.0',0,'100.0',(select brand_id from brand where name="Mont Blanc"));insert into perfume_note(perfume_id,note_id) values( 497,(select note_id from note where name='spicy' and type='TOP'));insert into perfume_note(perfume_id,note_id) values (497,(select note_id from note where name='evernyl' and type='MIDDLE'));insert into perfume_note(perfume_id,note_id) values (497,(select note_id from note where name='sandalwood' and type='MIDDLE'));insert into perfume_note(perfume_id,note_id) values (497,(select note_id from note where name='tonka' and type='MIDDLE'));insert into perfume_note(perfume_id,note_id) values (497,(select note_id from note where name='apple' and type='BASE'));insert into perfume_note(perfume_id,note_id) values (497,(select note_id from note where name='rose' and type='BASE'));insert into perfume_note(perfume_id,note_id) values (497,(select note_id from note where name='dried fruit' and type='BASE'));insert into perfume_note(perfume_id,note_id) values (497,(select note_id from note where name='geranium' and type='BASE'));insert into perfume_note(perfume_id,note_id) values (497,(select note_id from note where name='fused' and type='BASE'));insert into perfume_note(perfume_id,note_id) values (497,(select note_id from note where name='oakmoss' and type='BASE'));insert into perfume(perfume_id,concentration,image,name,price,rating,gender,volume,brand_id) values( '498','EDT','perfumes/498.webp',"Terre D' Hermes",3000,'3.9',0,'100.0',(select brand_id from brand where name="HERMES"));insert into perfume_note(perfume_id,note_id) values( 498,(select note_id from note where name='citrus' and type='TOP'));insert into perfume_note(perfume_id,note_id) values (498,(select note_id from note where name='patchouli' and type='MIDDLE'));insert into perfume_note(perfume_id,note_id) values (498,(select note_id from note where name='woody notes' and type='MIDDLE'));insert into perfume_note(perfume_id,note_id) values (498,(select note_id from note where name='cedar' and type='MIDDLE'));insert into perfume_note(perfume_id,note_id) values (498,(select note_id from note where name='geranium' and type='BASE'));insert into perfume(perfume_id,concentration,image,name,price,rating,gender,volume,brand_id) values( '499','EDT','perfumes/499.webp',"Bottled Tonic",3000,'4.1',0,'100.0',(select brand_id from brand where name="HUGO BOSS"));insert into perfume_note(perfume_id,note_id) values( 499,(select note_id from note where name='citrus' and type='TOP'));insert into perfume_note(perfume_id,note_id) values (499,(select note_id from note where name='vetiver' and type='MIDDLE'));insert into perfume_note(perfume_id,note_id) values (499,(select note_id from note where name='woodsy notes' and type='MIDDLE'));insert into perfume_note(perfume_id,note_id) values (499,(select note_id from note where name='geranium' and type='BASE'));insert into perfume_note(perfume_id,note_id) values (499,(select note_id from note where name='cloves' and type='BASE'));insert into perfume_note(perfume_id,note_id) values (499,(select note_id from note where name='ginger' and type='BASE'));insert into perfume_note(perfume_id,note_id) values (499,(select note_id from note where name='cinnamon' and type='BASE'));insert into perfume(perfume_id,concentration,image,name,price,rating,gender,volume,brand_id) values( '500','EDP','perfumes/500.jpg',"Dupont",3000,'4.6',0,'75.0',(select brand_id from brand where name="Roberto Cavalli"));insert into perfume_note(perfume_id,note_id) values( 500,(select note_id from note where name='arabian' and type='TOP'));insert into perfume_note(perfume_id,note_id) values (500,(select note_id from note where name='benzoin' and type='MIDDLE'));insert into perfume_note(perfume_id,note_id) values (500,(select note_id from note where name='tonka bean' and type='MIDDLE'));insert into perfume_note(perfume_id,note_id) values (500,(select note_id from note where name='vanille' and type='MIDDLE'));insert into perfume_note(perfume_id,note_id) values (500,(select note_id from note where name='african orange flower' and type='BASE'));insert into perfume(perfume_id,concentration,image,name,price,rating,gender,volume,brand_id) values( '501','EDT','perfumes/501.webp',"Burberry Body",3000,'4.0',0,'2.0',(select brand_id from brand where name="BURBERRY"));insert into perfume_note(perfume_id,note_id) values( 501,(select note_id from note where name='woody' and type='TOP'));insert into perfume_note(perfume_id,note_id) values (501,(select note_id from note where name='patchouli' and type='MIDDLE'));insert into perfume_note(perfume_id,note_id) values (501,(select note_id from note where name='absolute vanilla orchid tahitensis' and type='MIDDLE'));insert into perfume_note(perfume_id,note_id) values (501,(select note_id from note where name='papyrus' and type='MIDDLE'));insert into perfume_note(perfume_id,note_id) values (501,(select note_id from note where name='praline' and type='MIDDLE'));insert into perfume_note(perfume_id,note_id) values (501,(select note_id from note where name='rose damascena essence' and type='BASE'));insert into perfume_note(perfume_id,note_id) values (501,(select note_id from note where name='incense' and type='BASE'));insert into perfume(perfume_id,concentration,image,name,price,rating,gender,volume,brand_id) values( '502','EDP','perfumes/502.jpg',"Intense",3000,'4.3',0,'100.0',(select brand_id from brand where name="BENTLEY"));insert into perfume_note(perfume_id,note_id) values( 502,(select note_id from note where name='spicy' and type='TOP'));insert into perfume_note(perfume_id,note_id) values (502,(select note_id from note where name='incense' and type='MIDDLE'));insert into perfume_note(perfume_id,note_id) values (502,(select note_id from note where name='cedar' and type='MIDDLE'));insert into perfume_note(perfume_id,note_id) values (502,(select note_id from note where name='benzoin' and type='MIDDLE'));insert into perfume_note(perfume_id,note_id) values (502,(select note_id from note where name='patchouli' and type='MIDDLE'));insert into perfume_note(perfume_id,note_id) values (502,(select note_id from note where name='leather' and type='MIDDLE'));insert into perfume_note(perfume_id,note_id) values (502,(select note_id from note where name='clary sage' and type='BASE'));insert into perfume_note(perfume_id,note_id) values (502,(select note_id from note where name='cinnamon' and type='BASE'));insert into perfume_note(perfume_id,note_id) values (502,(select note_id from note where name='rum' and type='BASE'));insert into perfume_note(perfume_id,note_id) values (502,(select note_id from note where name='african geranium' and type='BASE'));insert into perfume_note(perfume_id,note_id) values (502,(select note_id from note where name='wood' and type='BASE'));insert into perfume(perfume_id,concentration,image,name,price,rating,gender,volume,brand_id) values( '503','EDP','perfumes/503.jpg',"My Burberry",3000,'4.7',0,'90.0',(select brand_id from brand where name="BURBERRY"));insert into perfume_note(perfume_id,note_id) values( 503,(select note_id from note where name='oriental' and type='TOP'));insert into perfume_note(perfume_id,note_id) values (503,(select note_id from note where name='rose' and type='MIDDLE'));insert into perfume_note(perfume_id,note_id) values (503,(select note_id from note where name='damascus' and type='MIDDLE'));insert into perfume_note(perfume_id,note_id) values (503,(select note_id from note where name='centifolia' and type='MIDDLE'));insert into perfume_note(perfume_id,note_id) values (503,(select note_id from note where name='quince' and type='BASE'));insert into perfume_note(perfume_id,note_id) values (503,(select note_id from note where name='golden' and type='BASE'));insert into perfume_note(perfume_id,note_id) values (503,(select note_id from note where name='flowers' and type='BASE'));insert into perfume_note(perfume_id,note_id) values (503,(select note_id from note where name='geranium' and type='BASE'));insert into perfume_note(perfume_id,note_id) values (503,(select note_id from note where name='freesia' and type='BASE'));insert into perfume(perfume_id,concentration,image,name,price,rating,gender,volume,brand_id) values( '504','EDP','perfumes/504.webp',"Private Collection",3000,'5.0',0,'50.0',(select brand_id from brand where name="Estee Lauder"));insert into perfume_note(perfume_id,note_id) values( 504,(select note_id from note where name='floral' and type='TOP'));insert into perfume_note(perfume_id,note_id) values (504,(select note_id from note where name='sandalwood' and type='MIDDLE'));insert into perfume_note(perfume_id,note_id) values (504,(select note_id from note where name='amber' and type='MIDDLE'));insert into perfume_note(perfume_id,note_id) values (504,(select note_id from note where name='heliotrope' and type='MIDDLE'));insert into perfume_note(perfume_id,note_id) values (504,(select note_id from note where name='musk' and type='MIDDLE'));insert into perfume_note(perfume_id,note_id) values (504,(select note_id from note where name='coriander' and type='BASE'));insert into perfume_note(perfume_id,note_id) values (504,(select note_id from note where name='reseda' and type='BASE'));insert into perfume_note(perfume_id,note_id) values (504,(select note_id from note where name='ylangylang' and type='BASE'));insert into perfume_note(perfume_id,note_id) values (504,(select note_id from note where name='chrysanthemum' and type='BASE'));insert into perfume_note(perfume_id,note_id) values (504,(select note_id from note where name='bulgarian rose' and type='BASE'));insert into perfume(perfume_id,concentration,image,name,price,rating,gender,volume,brand_id) values( '505','EDT','perfumes/505.webp',"Encre Noire",3000,'4.5',0,'100.0',(select brand_id from brand where name="LALIQUE"));insert into perfume_note(perfume_id,note_id) values( 505,(select note_id from note where name='woody' and type='TOP'));insert into perfume_note(perfume_id,note_id) values (505,(select note_id from note where name='cashmere wood' and type='MIDDLE'));insert into perfume_note(perfume_id,note_id) values (505,(select note_id from note where name='musk' and type='MIDDLE'));insert into perfume_note(perfume_id,note_id) values (505,(select note_id from note where name='haitian vetiver' and type='BASE'));insert into perfume(perfume_id,concentration,image,name,price,rating,gender,volume,brand_id) values( '506','EDT','perfumes/506.webp',"Rive Gauche Homme",3000,'4.7',0,'80.0',(select brand_id from brand where name="Yves Saint Laurent"));insert into perfume_note(perfume_id,note_id) values( 506,(select note_id from note where name='aromatic' and type='TOP'));insert into perfume_note(perfume_id,note_id) values (506,(select note_id from note where name='gaiac wood' and type='MIDDLE'));insert into perfume_note(perfume_id,note_id) values (506,(select note_id from note where name='patchouli' and type='BASE'));insert into perfume_note(perfume_id,note_id) values (506,(select note_id from note where name='vetiver' and type='BASE'));insert into perfume(perfume_id,concentration,image,name,price,rating,gender,volume,brand_id) values( '507','EDP','perfumes/507.jpg',"Modern Princess",3000,'5.0',0,'90.0',(select brand_id from brand where name="LANVIN PARIS"));insert into perfume_note(perfume_id,note_id) values( 507,(select note_id from note where name='floral' and type='TOP'));insert into perfume_note(perfume_id,note_id) values (507,(select note_id from note where name='vanilla orchid' and type='MIDDLE'));insert into perfume_note(perfume_id,note_id) values (507,(select note_id from note where name='white woods' and type='MIDDLE'));insert into perfume_note(perfume_id,note_id) values (507,(select note_id from note where name='white musk' and type='MIDDLE'));insert into perfume_note(perfume_id,note_id) values (507,(select note_id from note where name='jasmine' and type='BASE'));insert into perfume_note(perfume_id,note_id) values (507,(select note_id from note where name='freesia' and type='BASE'));insert into perfume(perfume_id,concentration,image,name,price,rating,gender,volume,brand_id) values( '508','EDT','perfumes/508.webp',"Eau Pour Homme Reno 2013",3000,'4.7',0,'50.0',(select brand_id from brand where name="GIORGIO ARMANI"));insert into perfume_note(perfume_id,note_id) values( 508,(select note_id from note where name='citrus' and type='TOP'));insert into perfume_note(perfume_id,note_id) values (508,(select note_id from note where name='patchouli' and type='MIDDLE'));insert into perfume_note(perfume_id,note_id) values (508,(select note_id from note where name='sandalwood' and type='MIDDLE'));insert into perfume_note(perfume_id,note_id) values (508,(select note_id from note where name='oakmoss' and type='MIDDLE'));insert into perfume_note(perfume_id,note_id) values (508,(select note_id from note where name='lily' and type='BASE'));insert into perfume_note(perfume_id,note_id) values (508,(select note_id from note where name='cloves' and type='BASE'));insert into perfume_note(perfume_id,note_id) values (508,(select note_id from note where name='nutmeg' and type='BASE'));insert into perfume(perfume_id,concentration,image,name,price,rating,gender,volume,brand_id) values( '509','EDT','perfumes/509.jpg',"Sculpture Homme",3000,'4.5',0,'100.0',(select brand_id from brand where name="Nikos"));insert into perfume_note(perfume_id,note_id) values( 509,(select note_id from note where name='floral' and type='TOP'));insert into perfume_note(perfume_id,note_id) values (509,(select note_id from note where name='cedar' and type='MIDDLE'));insert into perfume_note(perfume_id,note_id) values (509,(select note_id from note where name='benzoin' and type='MIDDLE'));insert into perfume_note(perfume_id,note_id) values (509,(select note_id from note where name='amber' and type='MIDDLE'));insert into perfume_note(perfume_id,note_id) values (509,(select note_id from note where name='tonka beans' and type='MIDDLE'));insert into perfume_note(perfume_id,note_id) values (509,(select note_id from note where name='valley' and type='BASE'));insert into perfume_note(perfume_id,note_id) values (509,(select note_id from note where name='the' and type='BASE'));insert into perfume_note(perfume_id,note_id) values (509,(select note_id from note where name='rose' and type='BASE'));insert into perfume_note(perfume_id,note_id) values (509,(select note_id from note where name='jasmine' and type='BASE'));insert into perfume_note(perfume_id,note_id) values (509,(select note_id from note where name='lily' and type='BASE'));insert into perfume_note(perfume_id,note_id) values (509,(select note_id from note where name='geranium' and type='BASE'));insert into perfume(perfume_id,concentration,image,name,price,rating,gender,volume,brand_id) values( '510','EDT','perfumes/510.jpg',"The Brilliant Game",3000,'4.2',0,'100.0',(select brand_id from brand where name="DAVIDOFF"));insert into perfume_note(perfume_id,note_id) values( 510,(select note_id from note where name='arabian' and type='TOP'));insert into perfume_note(perfume_id,note_id) values (510,(select note_id from note where name='addiction' and type='MIDDLE'));insert into perfume_note(perfume_id,note_id) values (510,(select note_id from note where name='the' and type='MIDDLE'));insert into perfume_note(perfume_id,note_id) values (510,(select note_id from note where name='bean' and type='MIDDLE'));insert into perfume_note(perfume_id,note_id) values (510,(select note_id from note where name='sensual' and type='MIDDLE'));insert into perfume_note(perfume_id,note_id) values (510,(select note_id from note where name='tonka' and type='MIDDLE'));insert into perfume_note(perfume_id,note_id) values (510,(select note_id from note where name='note' and type='MIDDLE'));insert into perfume_note(perfume_id,note_id) values (510,(select note_id from note where name='virility' and type='BASE'));insert into perfume_note(perfume_id,note_id) values (510,(select note_id from note where name='charismatic' and type='BASE'));insert into perfume_note(perfume_id,note_id) values (510,(select note_id from note where name='a' and type='BASE'));insert into perfume_note(perfume_id,note_id) values (510,(select note_id from note where name='cedarwood' and type='BASE'));insert into perfume(perfume_id,concentration,image,name,price,rating,gender,volume,brand_id) values( '511','EDP','perfumes/511.jpg',"London",3000,'4.7',0,'100.0',(select brand_id from brand where name="BURBERRY"));insert into perfume_note(perfume_id,note_id) values( 511,(select note_id from note where name='floral' and type='TOP'));insert into perfume_note(perfume_id,note_id) values (511,(select note_id from note where name='patchouli' and type='MIDDLE'));insert into perfume_note(perfume_id,note_id) values (511,(select note_id from note where name='sandalwood' and type='MIDDLE'));insert into perfume_note(perfume_id,note_id) values (511,(select note_id from note where name='musk' and type='MIDDLE'));insert into perfume_note(perfume_id,note_id) values (511,(select note_id from note where name='clementine' and type='BASE'));insert into perfume_note(perfume_id,note_id) values (511,(select note_id from note where name='jasmine' and type='BASE'));insert into perfume_note(perfume_id,note_id) values (511,(select note_id from note where name='tiare flower' and type='BASE'));insert into perfume_note(perfume_id,note_id) values (511,(select note_id from note where name='peony' and type='BASE'));insert into perfume(perfume_id,concentration,image,name,price,rating,gender,volume,brand_id) values( '512','EDT','perfumes/512.webp',"Narciso Rodriguez For Her",3000,'4.7',0,'100.0',(select brand_id from brand where name="NARCISO RODRIGUEZ"));insert into perfume_note(perfume_id,note_id) values( 512,(select note_id from note where name='woody' and type='TOP'));insert into perfume_note(perfume_id,note_id) values (512,(select note_id from note where name='vetiver' and type='MIDDLE'));insert into perfume_note(perfume_id,note_id) values (512,(select note_id from note where name='vanilla' and type='MIDDLE'));insert into perfume_note(perfume_id,note_id) values (512,(select note_id from note where name='egyptian musk' and type='BASE'));insert into perfume_note(perfume_id,note_id) values (512,(select note_id from note where name='amber' and type='BASE'));insert into perfume(perfume_id,concentration,image,name,price,rating,gender,volume,brand_id) values( '513','EDT','perfumes/513.jpg',"Cabotine",3000,'4.8',0,'100.0',(select brand_id from brand where name="Parfums Gres"));insert into perfume_note(perfume_id,note_id) values( 513,(select note_id from note where name='floral' and type='TOP'));insert into perfume_note(perfume_id,note_id) values (513,(select note_id from note where name='cedarwood' and type='MIDDLE'));insert into perfume_note(perfume_id,note_id) values (513,(select note_id from note where name='amber' and type='MIDDLE'));insert into perfume_note(perfume_id,note_id) values (513,(select note_id from note where name='cybet' and type='MIDDLE'));insert into perfume_note(perfume_id,note_id) values (513,(select note_id from note where name='vanilla' and type='MIDDLE'));insert into perfume_note(perfume_id,note_id) values (513,(select note_id from note where name='musk' and type='MIDDLE'));insert into perfume_note(perfume_id,note_id) values (513,(select note_id from note where name='tonka bean' and type='MIDDLE'));insert into perfume_note(perfume_id,note_id) values (513,(select note_id from note where name='iris' and type='BASE'));insert into perfume_note(perfume_id,note_id) values (513,(select note_id from note where name='rose' and type='BASE'));insert into perfume_note(perfume_id,note_id) values (513,(select note_id from note where name='ylangylang' and type='BASE'));insert into perfume_note(perfume_id,note_id) values (513,(select note_id from note where name='tuberose' and type='BASE'));insert into perfume_note(perfume_id,note_id) values (513,(select note_id from note where name='heliotrope' and type='BASE'));insert into perfume_note(perfume_id,note_id) values (513,(select note_id from note where name='violet' and type='BASE'));insert into perfume_note(perfume_id,note_id) values (513,(select note_id from note where name='ginger lily' and type='BASE'));insert into perfume_note(perfume_id,note_id) values (513,(select note_id from note where name='freesia' and type='BASE'));insert into perfume_note(perfume_id,note_id) values (513,(select note_id from note where name='hyacinth' and type='BASE'));insert into perfume(perfume_id,concentration,image,name,price,rating,gender,volume,brand_id) values( '514','EDP','perfumes/514.webp',"Green Tea",3000,'5.0',0,'100.0',(select brand_id from brand where name="Elizabeth Arden"));insert into perfume_note(perfume_id,note_id) values( 514,(select note_id from note where name='citrus' and type='TOP'));insert into perfume_note(perfume_id,note_id) values (514,(select note_id from note where name='celery' and type='MIDDLE'));insert into perfume_note(perfume_id,note_id) values (514,(select note_id from note where name='amber' and type='MIDDLE'));insert into perfume_note(perfume_id,note_id) values (514,(select note_id from note where name='by green tea' and type='MIDDLE'));insert into perfume_note(perfume_id,note_id) values (514,(select note_id from note where name='jasmine' and type='MIDDLE'));insert into perfume_note(perfume_id,note_id) values (514,(select note_id from note where name='seeds' and type='MIDDLE'));insert into perfume_note(perfume_id,note_id) values (514,(select note_id from note where name='musk' and type='MIDDLE'));insert into perfume_note(perfume_id,note_id) values (514,(select note_id from note where name='oakmoss' and type='MIDDLE'));insert into perfume_note(perfume_id,note_id) values (514,(select note_id from note where name='cloves' and type='MIDDLE'));insert into perfume_note(perfume_id,note_id) values (514,(select note_id from note where name='caraway' and type='MIDDLE'));insert into perfume_note(perfume_id,note_id) values (514,(select note_id from note where name='amber' and type='BASE'));insert into perfume_note(perfume_id,note_id) values (514,(select note_id from note where name='jasmine' and type='BASE'));insert into perfume_note(perfume_id,note_id) values (514,(select note_id from note where name='carnation' and type='BASE'));insert into perfume_note(perfume_id,note_id) values (514,(select note_id from note where name='white' and type='BASE'));insert into perfume_note(perfume_id,note_id) values (514,(select note_id from note where name='musk' and type='BASE'));insert into perfume_note(perfume_id,note_id) values (514,(select note_id from note where name='fennel' and type='BASE'));insert into perfume_note(perfume_id,note_id) values (514,(select note_id from note where name='oakmoss' and type='BASE'));insert into perfume(perfume_id,concentration,image,name,price,rating,gender,volume,brand_id) values( '515','EDP','perfumes/515.webp',"Ambre Imperial",3000,'5.0',0,'75.0',(select brand_id from brand where name="Van Cleef & Arpels"));insert into perfume_note(perfume_id,note_id) values( 515,(select note_id from note where name='woody' and type='TOP'));insert into perfume_note(perfume_id,note_id) values (515,(select note_id from note where name='woodsy notes' and type='MIDDLE'));insert into perfume_note(perfume_id,note_id) values (515,(select note_id from note where name='benzoin' and type='BASE'));insert into perfume_note(perfume_id,note_id) values (515,(select note_id from note where name='amber' and type='BASE'));insert into perfume_note(perfume_id,note_id) values (515,(select note_id from note where name='tonka bean' and type='BASE'));insert into perfume_note(perfume_id,note_id) values (515,(select note_id from note where name='vanilla' and type='BASE'));insert into perfume(perfume_id,concentration,image,name,price,rating,gender,volume,brand_id) values( '516','EDT','perfumes/516.webp',"L'Homme Sport",3000,'4.0',0,'100.0',(select brand_id from brand where name="LANVIN PARIS"));insert into perfume_note(perfume_id,note_id) values( 516,(select note_id from note where name='aromatic' and type='TOP'));insert into perfume_note(perfume_id,note_id) values (516,(select note_id from note where name='amber' and type='MIDDLE'));insert into perfume_note(perfume_id,note_id) values (516,(select note_id from note where name='iris' and type='MIDDLE'));insert into perfume_note(perfume_id,note_id) values (516,(select note_id from note where name='spices' and type='MIDDLE'));insert into perfume_note(perfume_id,note_id) values (516,(select note_id from note where name='cedar' and type='MIDDLE'));insert into perfume_note(perfume_id,note_id) values (516,(select note_id from note where name='vetiver' and type='MIDDLE'));insert into perfume_note(perfume_id,note_id) values (516,(select note_id from note where name='sandalwood' and type='MIDDLE'));insert into perfume_note(perfume_id,note_id) values (516,(select note_id from note where name='benzoin' and type='MIDDLE'));insert into perfume_note(perfume_id,note_id) values (516,(select note_id from note where name='moss' and type='MIDDLE'));insert into perfume_note(perfume_id,note_id) values (516,(select note_id from note where name='musk' and type='MIDDLE'));insert into perfume_note(perfume_id,note_id) values (516,(select note_id from note where name='cloves' and type='BASE'));insert into perfume_note(perfume_id,note_id) values (516,(select note_id from note where name='gardenia' and type='BASE'));insert into perfume_note(perfume_id,note_id) values (516,(select note_id from note where name='iris' and type='BASE'));insert into perfume_note(perfume_id,note_id) values (516,(select note_id from note where name='jasmine' and type='BASE'));insert into perfume_note(perfume_id,note_id) values (516,(select note_id from note where name='carnation' and type='BASE'));insert into perfume_note(perfume_id,note_id) values (516,(select note_id from note where name='orchid' and type='BASE'));insert into perfume_note(perfume_id,note_id) values (516,(select note_id from note where name='ylangylang' and type='BASE'));insert into perfume_note(perfume_id,note_id) values (516,(select note_id from note where name='violet' and type='BASE'));insert into perfume_note(perfume_id,note_id) values (516,(select note_id from note where name='rosemary' and type='BASE'));insert into perfume(perfume_id,concentration,image,name,price,rating,gender,volume,brand_id) values( '517','EDP','perfumes/517.webp',"Pandora",3000,'5.0',0,'50.0',(select brand_id from brand where name="J.CASANOVA"));insert into perfume_note(perfume_id,note_id) values( 517,(select note_id from note where name='fruity' and type='TOP'));insert into perfume_note(perfume_id,note_id) values (517,(select note_id from note where name='amber' and type='MIDDLE'));insert into perfume_note(perfume_id,note_id) values (517,(select note_id from note where name='cedar' and type='MIDDLE'));insert into perfume_note(perfume_id,note_id) values (517,(select note_id from note where name='sandalwood' and type='MIDDLE'));insert into perfume_note(perfume_id,note_id) values (517,(select note_id from note where name='moss' and type='MIDDLE'));insert into perfume_note(perfume_id,note_id) values (517,(select note_id from note where name='musk' and type='MIDDLE'));insert into perfume_note(perfume_id,note_id) values (517,(select note_id from note where name='narcissus' and type='BASE'));insert into perfume_note(perfume_id,note_id) values (517,(select note_id from note where name='rose' and type='BASE'));insert into perfume_note(perfume_id,note_id) values (517,(select note_id from note where name='jasmine' and type='BASE'));insert into perfume_note(perfume_id,note_id) values (517,(select note_id from note where name='orchid' and type='BASE'));insert into perfume_note(perfume_id,note_id) values (517,(select note_id from note where name='lilyofthevalley' and type='BASE'));insert into perfume(perfume_id,concentration,image,name,price,rating,gender,volume,brand_id) values( '518','EDP','perfumes/518.jpg',"Femme",3000,'4.8',0,'75.0',(select brand_id from brand where name="HUGO BOSS"));insert into perfume_note(perfume_id,note_id) values( 518,(select note_id from note where name='floral' and type='TOP'));insert into perfume_note(perfume_id,note_id) values (518,(select note_id from note where name='lemon' and type='MIDDLE'));insert into perfume_note(perfume_id,note_id) values (518,(select note_id from note where name='wood.' and type='MIDDLE'));insert into perfume_note(perfume_id,note_id) values (518,(select note_id from note where name='apricot' and type='MIDDLE'));insert into perfume_note(perfume_id,note_id) values (518,(select note_id from note where name='de' and type='BASE'));insert into perfume_note(perfume_id,note_id) values (518,(select note_id from note where name='jasmine' and type='BASE'));insert into perfume_note(perfume_id,note_id) values (518,(select note_id from note where name='lys' and type='BASE'));insert into perfume_note(perfume_id,note_id) values (518,(select note_id from note where name='fleur' and type='BASE'));insert into perfume_note(perfume_id,note_id) values (518,(select note_id from note where name='bulgarian rose' and type='BASE'));insert into perfume(perfume_id,concentration,image,name,price,rating,gender,volume,brand_id) values( '519','EDP','perfumes/519.jpg',"Secret Obsession",3000,'5.0',0,'100.0',(select brand_id from brand where name="Calvin Klein"));insert into perfume_note(perfume_id,note_id) values( 519,(select note_id from note where name='woody' and type='TOP'));insert into perfume_note(perfume_id,note_id) values (519,(select note_id from note where name='sandalwood' and type='MIDDLE'));insert into perfume_note(perfume_id,note_id) values (519,(select note_id from note where name='vanilla' and type='MIDDLE'));insert into perfume_note(perfume_id,note_id) values (519,(select note_id from note where name='cashere woods' and type='MIDDLE'));insert into perfume_note(perfume_id,note_id) values (519,(select note_id from note where name='burnt amber' and type='MIDDLE'));insert into perfume_note(perfume_id,note_id) values (519,(select note_id from note where name='flower' and type='BASE'));insert into perfume_note(perfume_id,note_id) values (519,(select note_id from note where name='jasmine' and type='BASE'));insert into perfume_note(perfume_id,note_id) values (519,(select note_id from note where name='orange' and type='BASE'));insert into perfume_note(perfume_id,note_id) values (519,(select note_id from note where name='tuberose' and type='BASE'));insert into perfume(perfume_id,concentration,image,name,price,rating,gender,volume,brand_id) values( '520','EDT','perfumes/520.jpg',"Wanted",3000,'5.0',0,'100.0',(select brand_id from brand where name="AZZARO"));insert into perfume_note(perfume_id,note_id) values( 520,(select note_id from note where name='woody' and type='TOP'));insert into perfume_note(perfume_id,note_id) values (520,(select note_id from note where name='amberwood' and type='MIDDLE'));insert into perfume_note(perfume_id,note_id) values (520,(select note_id from note where name='tonka bean' and type='MIDDLE'));insert into perfume_note(perfume_id,note_id) values (520,(select note_id from note where name='haitian vetiver' and type='MIDDLE'));insert into perfume_note(perfume_id,note_id) values (520,(select note_id from note where name='apple' and type='BASE'));insert into perfume_note(perfume_id,note_id) values (520,(select note_id from note where name='geranium' and type='BASE'));insert into perfume_note(perfume_id,note_id) values (520,(select note_id from note where name='juniper' and type='BASE'));insert into perfume_note(perfume_id,note_id) values (520,(select note_id from note where name='guatemalan cardamom' and type='BASE'));insert into perfume(perfume_id,concentration,image,name,price,rating,gender,volume,brand_id) values( '521','EDT','perfumes/521.jpg',"Black",3000,'4.5',0,'100.0',(select brand_id from brand where name="Kenneth Cole"));insert into perfume_note(perfume_id,note_id) values( 521,(select note_id from note where name='floral' and type='TOP'));insert into perfume_note(perfume_id,note_id) values (521,(select note_id from note where name='amber' and type='MIDDLE'));insert into perfume_note(perfume_id,note_id) values (521,(select note_id from note where name='leaf' and type='MIDDLE'));insert into perfume_note(perfume_id,note_id) values (521,(select note_id from note where name='suede' and type='MIDDLE'));insert into perfume_note(perfume_id,note_id) values (521,(select note_id from note where name='musk' and type='MIDDLE'));insert into perfume_note(perfume_id,note_id) values (521,(select note_id from note where name='violet' and type='MIDDLE'));insert into perfume_note(perfume_id,note_id) values (521,(select note_id from note where name='incense' and type='BASE'));insert into perfume_note(perfume_id,note_id) values (521,(select note_id from note where name='woods' and type='BASE'));insert into perfume_note(perfume_id,note_id) values (521,(select note_id from note where name='nutmeg' and type='BASE'));insert into perfume_note(perfume_id,note_id) values (521,(select note_id from note where name='cedar' and type='BASE'));insert into perfume_note(perfume_id,note_id) values (521,(select note_id from note where name='exotic' and type='BASE'));insert into perfume_note(perfume_id,note_id) values (521,(select note_id from note where name='lotus' and type='BASE'));insert into perfume(perfume_id,concentration,image,name,price,rating,gender,volume,brand_id) values( '522','EDP','perfumes/522.webp',"La Panthere",3000,'4.3',0,'75.0',(select brand_id from brand where name="CARTIER"));insert into perfume_note(perfume_id,note_id) values( 522,(select note_id from note where name='fruity' and type='TOP'));insert into perfume_note(perfume_id,note_id) values (522,(select note_id from note where name='patchouli' and type='MIDDLE'));insert into perfume_note(perfume_id,note_id) values (522,(select note_id from note where name='leather' and type='MIDDLE'));insert into perfume_note(perfume_id,note_id) values (522,(select note_id from note where name='musk' and type='MIDDLE'));insert into perfume_note(perfume_id,note_id) values (522,(select note_id from note where name='oakmoss' and type='MIDDLE'));insert into perfume_note(perfume_id,note_id) values (522,(select note_id from note where name='pear' and type='BASE'));insert into perfume_note(perfume_id,note_id) values (522,(select note_id from note where name='gardenia' and type='BASE'));insert into perfume_note(perfume_id,note_id) values (522,(select note_id from note where name='rose' and type='BASE'));insert into perfume_note(perfume_id,note_id) values (522,(select note_id from note where name='ylangylang' and type='BASE'));insert into perfume_note(perfume_id,note_id) values (522,(select note_id from note where name='orange blossom' and type='BASE'));insert into perfume(perfume_id,concentration,image,name,price,rating,gender,volume,brand_id) values( '523','EDT','perfumes/523.jpg',"Victory League",3000,'4.6',0,'100.0',(select brand_id from brand where name="adidas"));insert into perfume_note(perfume_id,note_id) values( 523,(select note_id from note where name='vanilla' and type='TOP'));insert into perfume_note(perfume_id,note_id) values (523,(select note_id from note where name='cedarwood' and type='MIDDLE'));insert into perfume_note(perfume_id,note_id) values (523,(select note_id from note where name='vanilla' and type='MIDDLE'));insert into perfume_note(perfume_id,note_id) values (523,(select note_id from note where name='musk' and type='MIDDLE'));insert into perfume_note(perfume_id,note_id) values (523,(select note_id from note where name='lavender' and type='BASE'));insert into perfume_note(perfume_id,note_id) values (523,(select note_id from note where name='pear' and type='BASE'));insert into perfume_note(perfume_id,note_id) values (523,(select note_id from note where name='cinnamon' and type='BASE'));insert into perfume(perfume_id,concentration,image,name,price,rating,gender,volume,brand_id) values( '524','EDT','perfumes/524.webp',"Dupont",3000,'4.4',0,'100.0',(select brand_id from brand where name="S.T.Dupont"));insert into perfume_note(perfume_id,note_id) values( 524,(select note_id from note where name='spicy' and type='TOP'));insert into perfume_note(perfume_id,note_id) values (524,(select note_id from note where name='amber' and type='MIDDLE'));insert into perfume_note(perfume_id,note_id) values (524,(select note_id from note where name='vitae' and type='MIDDLE'));insert into perfume_note(perfume_id,note_id) values (524,(select note_id from note where name='musk' and type='MIDDLE'));insert into perfume_note(perfume_id,note_id) values (524,(select note_id from note where name='heliotrope' and type='MIDDLE'));insert into perfume_note(perfume_id,note_id) values (524,(select note_id from note where name='lignum' and type='MIDDLE'));insert into perfume_note(perfume_id,note_id) values (524,(select note_id from note where name='iris' and type='BASE'));insert into perfume_note(perfume_id,note_id) values (524,(select note_id from note where name='cedar' and type='BASE'));insert into perfume_note(perfume_id,note_id) values (524,(select note_id from note where name='birch' and type='BASE'));insert into perfume_note(perfume_id,note_id) values (524,(select note_id from note where name='wood' and type='BASE'));insert into perfume_note(perfume_id,note_id) values (524,(select note_id from note where name='essence' and type='BASE'));insert into perfume(perfume_id,concentration,image,name,price,rating,gender,volume,brand_id) values( '525','EDP','perfumes/525.jfif',"Portraits George",3000,'5.0',0,'75.0',(select brand_id from brand where name="PENHALIGON'S"));insert into perfume_note(perfume_id,note_id) values( 525,(select note_id from note where name='woody' and type='TOP'));insert into perfume_note(perfume_id,note_id) values (525,(select note_id from note where name='tonka beans' and type='MIDDLE'));insert into perfume_note(perfume_id,note_id) values (525,(select note_id from note where name='shaving soap' and type='BASE'));insert into perfume(perfume_id,concentration,image,name,price,rating,gender,volume,brand_id) values( '526','EDP','perfumes/526.jfif',"London",3000,'4.6',0,'50.0',(select brand_id from brand where name="BURBERRY"));insert into perfume_note(perfume_id,note_id) values( 526,(select note_id from note where name='floral' and type='TOP'));insert into perfume_note(perfume_id,note_id) values (526,(select note_id from note where name='patchouli' and type='MIDDLE'));insert into perfume_note(perfume_id,note_id) values (526,(select note_id from note where name='sandalwood' and type='MIDDLE'));insert into perfume_note(perfume_id,note_id) values (526,(select note_id from note where name='musk' and type='MIDDLE'));insert into perfume_note(perfume_id,note_id) values (526,(select note_id from note where name='a' and type='BASE'));insert into perfume_note(perfume_id,note_id) values (526,(select note_id from note where name='hint' and type='BASE'));insert into perfume_note(perfume_id,note_id) values (526,(select note_id from note where name='peony' and type='BASE'));insert into perfume_note(perfume_id,note_id) values (526,(select note_id from note where name='jasmine' and type='BASE'));insert into perfume_note(perfume_id,note_id) values (526,(select note_id from note where name='zest' and type='BASE'));insert into perfume_note(perfume_id,note_id) values (526,(select note_id from note where name='fresh' and type='BASE'));insert into perfume_note(perfume_id,note_id) values (526,(select note_id from note where name='tiare flower' and type='BASE'));insert into perfume_note(perfume_id,note_id) values (526,(select note_id from note where name='clementine' and type='BASE'));insert into perfume(perfume_id,concentration,image,name,price,rating,gender,volume,brand_id) values( '527','EDT','perfumes/527.webp',"Bottled Unlimited",3000,'4.4',0,'100.0',(select brand_id from brand where name="HUGO BOSS"));insert into perfume_note(perfume_id,note_id) values( 527,(select note_id from note where name='vanilla' and type='TOP'));insert into perfume_note(perfume_id,note_id) values (527,(select note_id from note where name='sandalwood' and type='MIDDLE'));insert into perfume_note(perfume_id,note_id) values (527,(select note_id from note where name='musk' and type='MIDDLE'));insert into perfume_note(perfume_id,note_id) values (527,(select note_id from note where name='rose' and type='BASE'));insert into perfume_note(perfume_id,note_id) values (527,(select note_id from note where name='pineapple' and type='BASE'));insert into perfume(perfume_id,concentration,image,name,price,rating,gender,volume,brand_id) values( '528','EDT','perfumes/528.webp',"Bleu De Chanel",3000,'4.8',0,'100.0',(select brand_id from brand where name="CHANEL"));insert into perfume_note(perfume_id,note_id) values( 528,(select note_id from note where name='citrus' and type='TOP'));insert into perfume_note(perfume_id,note_id) values (528,(select note_id from note where name='incense' and type='MIDDLE'));insert into perfume_note(perfume_id,note_id) values (528,(select note_id from note where name='white musk' and type='MIDDLE'));insert into perfume_note(perfume_id,note_id) values (528,(select note_id from note where name='sandalwod' and type='MIDDLE'));insert into perfume_note(perfume_id,note_id) values (528,(select note_id from note where name='labdanum' and type='MIDDLE'));insert into perfume_note(perfume_id,note_id) values (528,(select note_id from note where name='vetiver' and type='MIDDLE'));insert into perfume_note(perfume_id,note_id) values (528,(select note_id from note where name='cedar' and type='MIDDLE'));insert into perfume_note(perfume_id,note_id) values (528,(select note_id from note where name='patchouli' and type='MIDDLE'));insert into perfume_note(perfume_id,note_id) values (528,(select note_id from note where name='nutmeg' and type='BASE'));insert into perfume_note(perfume_id,note_id) values (528,(select note_id from note where name='jasmine' and type='BASE'));insert into perfume_note(perfume_id,note_id) values (528,(select note_id from note where name='iso e super' and type='BASE'));insert into perfume_note(perfume_id,note_id) values (528,(select note_id from note where name='ginger' and type='BASE'));insert into perfume(perfume_id,concentration,image,name,price,rating,gender,volume,brand_id) values( '529','EDT','perfumes/529.webp',"Roma Uomo",3000,'4.5',0,'125.0',(select brand_id from brand where name="Laura Biagiotti"));insert into perfume_note(perfume_id,note_id) values( 529,(select note_id from note where name='citrus' and type='TOP'));insert into perfume_note(perfume_id,note_id) values (529,(select note_id from note where name='patchouli' and type='MIDDLE'));insert into perfume_note(perfume_id,note_id) values (529,(select note_id from note where name='cedarwood' and type='MIDDLE'));insert into perfume_note(perfume_id,note_id) values (529,(select note_id from note where name='sandalwood' and type='MIDDLE'));insert into perfume_note(perfume_id,note_id) values (529,(select note_id from note where name='benzoin' and type='MIDDLE'));insert into perfume_note(perfume_id,note_id) values (529,(select note_id from note where name='jasmine' and type='BASE'));insert into perfume_note(perfume_id,note_id) values (529,(select note_id from note where name='balsam' and type='BASE'));insert into perfume_note(perfume_id,note_id) values (529,(select note_id from note where name='heliotrope' and type='BASE'));insert into perfume_note(perfume_id,note_id) values (529,(select note_id from note where name='fir' and type='BASE'));insert into perfume_note(perfume_id,note_id) values (529,(select note_id from note where name='juniperberry' and type='BASE'));insert into perfume(perfume_id,concentration,image,name,price,rating,gender,volume,brand_id) values( '530','EDP','perfumes/530.jpg',"Viva La Juicy",3000,'4.8',0,'100.0',(select brand_id from brand where name="Juicy Couture"));insert into perfume_note(perfume_id,note_id) values( 530,(select note_id from note where name='floral' and type='TOP'));insert into perfume_note(perfume_id,note_id) values (530,(select note_id from note where name='amber' and type='MIDDLE'));insert into perfume_note(perfume_id,note_id) values (530,(select note_id from note where name='caramel' and type='MIDDLE'));insert into perfume_note(perfume_id,note_id) values (530,(select note_id from note where name='praline' and type='MIDDLE'));insert into perfume_note(perfume_id,note_id) values (530,(select note_id from note where name='sandalwood' and type='MIDDLE'));insert into perfume_note(perfume_id,note_id) values (530,(select note_id from note where name='vanilla' and type='MIDDLE'));insert into perfume_note(perfume_id,note_id) values (530,(select note_id from note where name='honeysuckle' and type='BASE'));insert into perfume_note(perfume_id,note_id) values (530,(select note_id from note where name='jasmine' and type='BASE'));insert into perfume_note(perfume_id,note_id) values (530,(select note_id from note where name='gardenia' and type='BASE'));insert into perfume(perfume_id,concentration,image,name,price,rating,gender,volume,brand_id) values( '531','EDT','perfumes/531.webp',"Homme",3000,'3.5',0,'125.0',(select brand_id from brand where name="joop"));insert into perfume_note(perfume_id,note_id) values( 531,(select note_id from note where name='citrus' and type='TOP'));insert into perfume_note(perfume_id,note_id) values (531,(select note_id from note where name='patchouli' and type='MIDDLE'));insert into perfume_note(perfume_id,note_id) values (531,(select note_id from note where name='sandalwood' and type='MIDDLE'));insert into perfume_note(perfume_id,note_id) values (531,(select note_id from note where name='vanilla' and type='MIDDLE'));insert into perfume_note(perfume_id,note_id) values (531,(select note_id from note where name='tonka bean' and type='MIDDLE'));insert into perfume_note(perfume_id,note_id) values (531,(select note_id from note where name='valley' and type='BASE'));insert into perfume_note(perfume_id,note_id) values (531,(select note_id from note where name='the' and type='BASE'));insert into perfume_note(perfume_id,note_id) values (531,(select note_id from note where name='jasmine' and type='BASE'));insert into perfume_note(perfume_id,note_id) values (531,(select note_id from note where name='lili' and type='BASE'));insert into perfume_note(perfume_id,note_id) values (531,(select note_id from note where name='heliotrope' and type='BASE'));insert into perfume(perfume_id,concentration,image,name,price,rating,gender,volume,brand_id) values( '532','EDP','perfumes/532.jfif',"Narciso Rodriguez",3000,'5.0',0,'50.0',(select brand_id from brand where name="NARCISO RODRIGUEZ"));insert into perfume_note(perfume_id,note_id) values( 532,(select note_id from note where name='floral' and type='TOP'));insert into perfume_note(perfume_id,note_id) values (532,(select note_id from note where name='patchouli' and type='MIDDLE'));insert into perfume_note(perfume_id,note_id) values (532,(select note_id from note where name='sandalwood' and type='MIDDLE'));insert into perfume_note(perfume_id,note_id) values (532,(select note_id from note where name='amber' and type='BASE'));insert into perfume_note(perfume_id,note_id) values (532,(select note_id from note where name='musk' and type='BASE'));insert into perfume(perfume_id,concentration,image,name,price,rating,gender,volume,brand_id) values( '533','EDT','perfumes/533.jfif',"3 L'Imperatrice",3000,'4.0',0,'100.0',(select brand_id from brand where name="Dolce & Gabbana"));insert into perfume_note(perfume_id,note_id) values( 533,(select note_id from note where name='floral' and type='TOP'));insert into perfume_note(perfume_id,note_id) values (533,(select note_id from note where name='lemon tree' and type='MIDDLE'));insert into perfume_note(perfume_id,note_id) values (533,(select note_id from note where name='sandalwood' and type='MIDDLE'));insert into perfume_note(perfume_id,note_id) values (533,(select note_id from note where name='musk' and type='MIDDLE'));insert into perfume_note(perfume_id,note_id) values (533,(select note_id from note where name='cyclamen' and type='BASE'));insert into perfume_note(perfume_id,note_id) values (533,(select note_id from note where name='watermelon' and type='BASE'));insert into perfume_note(perfume_id,note_id) values (533,(select note_id from note where name='jasmine' and type='BASE'));insert into perfume(perfume_id,concentration,image,name,price,rating,gender,volume,brand_id) values( '534','EDP','perfumes/534.jfif',"Amber Intense",3000,'4.4',0,'100.0',(select brand_id from brand where name="PRADA"));insert into perfume_note(perfume_id,note_id) values( 534,(select note_id from note where name='spicy' and type='TOP'));insert into perfume_note(perfume_id,note_id) values (534,(select note_id from note where name='creamy amber' and type='MIDDLE'));insert into perfume_note(perfume_id,note_id) values (534,(select note_id from note where name='vanilla' and type='BASE'));insert into perfume(perfume_id,concentration,image,name,price,rating,gender,volume,brand_id) values( '535','EDP','perfumes/535.jfif',"Wish",3000,'4.8',0,'75.0',(select brand_id from brand where name="CHOPARD"));insert into perfume_note(perfume_id,note_id) values( 535,(select note_id from note where name='arabian' and type='TOP'));insert into perfume_note(perfume_id,note_id) values (535,(select note_id from note where name='amber' and type='MIDDLE'));insert into perfume_note(perfume_id,note_id) values (535,(select note_id from note where name='voluptuous sensuality' and type='MIDDLE'));insert into perfume_note(perfume_id,note_id) values (535,(select note_id from note where name='vanilla bean' and type='MIDDLE'));insert into perfume_note(perfume_id,note_id) values (535,(select note_id from note where name='living temple incense' and type='MIDDLE'));insert into perfume_note(perfume_id,note_id) values (535,(select note_id from note where name='toffee' and type='MIDDLE'));insert into perfume_note(perfume_id,note_id) values (535,(select note_id from note where name='tonka bean' and type='MIDDLE'));insert into perfume_note(perfume_id,note_id) values (535,(select note_id from note where name='floral bouquet' and type='BASE'));insert into perfume_note(perfume_id,note_id) values (535,(select note_id from note where name='living osmanthus flower' and type='BASE'));insert into perfume_note(perfume_id,note_id) values (535,(select note_id from note where name='jasmine' and type='BASE'));insert into perfume_note(perfume_id,note_id) values (535,(select note_id from note where name='magnolia' and type='BASE'));insert into perfume_note(perfume_id,note_id) values (535,(select note_id from note where name='living patchouli flower' and type='BASE'));insert into perfume(perfume_id,concentration,image,name,price,rating,gender,volume,brand_id) values( '536','EDT','perfumes/536.jfif',"Visit",3000,'1.0',0,'100.0',(select brand_id from brand where name="AZZARO"));insert into perfume_note(perfume_id,note_id) values( 536,(select note_id from note where name='woody' and type='TOP'));insert into perfume_note(perfume_id,note_id) values (536,(select note_id from note where name='amber' and type='MIDDLE'));insert into perfume_note(perfume_id,note_id) values (536,(select note_id from note where name='musk' and type='MIDDLE'));insert into perfume_note(perfume_id,note_id) values (536,(select note_id from note where name='guaiac wood' and type='BASE'));insert into perfume_note(perfume_id,note_id) values (536,(select note_id from note where name='incense' and type='BASE'));insert into perfume_note(perfume_id,note_id) values (536,(select note_id from note where name='cedar' and type='BASE'));insert into perfume_note(perfume_id,note_id) values (536,(select note_id from note where name='labdanum' and type='BASE'));insert into perfume(perfume_id,concentration,image,name,price,rating,gender,volume,brand_id) values( '537','EDP','perfumes/537.jfif',"Blue Lady",3000,'4.5',0,'40.0',(select brand_id from brand where name="Rasasi"));insert into perfume_note(perfume_id,note_id) values( 537,(select note_id from note where name='floral' and type='TOP'));insert into perfume_note(perfume_id,note_id) values (537,(select note_id from note where name='amber' and type='MIDDLE'));insert into perfume_note(perfume_id,note_id) values (537,(select note_id from note where name='vetiver' and type='MIDDLE'));insert into perfume_note(perfume_id,note_id) values (537,(select note_id from note where name='sandalwood' and type='MIDDLE'));insert into perfume_note(perfume_id,note_id) values (537,(select note_id from note where name='vanilla' and type='MIDDLE'));insert into perfume_note(perfume_id,note_id) values (537,(select note_id from note where name='musk' and type='MIDDLE'));insert into perfume_note(perfume_id,note_id) values (537,(select note_id from note where name='peach' and type='BASE'));insert into perfume_note(perfume_id,note_id) values (537,(select note_id from note where name='plum' and type='BASE'));insert into perfume_note(perfume_id,note_id) values (537,(select note_id from note where name='narcissus' and type='BASE'));insert into perfume_note(perfume_id,note_id) values (537,(select note_id from note where name='jasmine' and type='BASE'));insert into perfume(perfume_id,concentration,image,name,price,rating,gender,volume,brand_id) values( '538','EDP','perfumes/538.jfif',"Bleu De Chanel",3000,'4.7',0,'100.0',(select brand_id from brand where name="CHANEL"));insert into perfume_note(perfume_id,note_id) values( 538,(select note_id from note where name='woody' and type='TOP'));insert into perfume_note(perfume_id,note_id) values (538,(select note_id from note where name='amber' and type='MIDDLE'));insert into perfume_note(perfume_id,note_id) values (538,(select note_id from note where name='incense' and type='MIDDLE'));insert into perfume_note(perfume_id,note_id) values (538,(select note_id from note where name='labdanum' and type='MIDDLE'));insert into perfume_note(perfume_id,note_id) values (538,(select note_id from note where name='cedar' and type='MIDDLE'));insert into perfume_note(perfume_id,note_id) values (538,(select note_id from note where name='sandalwood' and type='MIDDLE'));insert into perfume_note(perfume_id,note_id) values (538,(select note_id from note where name='patchouli' and type='MIDDLE'));insert into perfume_note(perfume_id,note_id) values (538,(select note_id from note where name='amber wood' and type='MIDDLE'));insert into perfume_note(perfume_id,note_id) values (538,(select note_id from note where name='melon' and type='BASE'));insert into perfume_note(perfume_id,note_id) values (538,(select note_id from note where name='jasmine' and type='BASE'));insert into perfume_note(perfume_id,note_id) values (538,(select note_id from note where name='nutmeg' and type='BASE'));insert into perfume_note(perfume_id,note_id) values (538,(select note_id from note where name='ginger' and type='BASE'));insert into perfume(perfume_id,concentration,image,name,price,rating,gender,volume,brand_id) values( '539','EDP','perfumes/539.jpg',"2.2 s..y  No.1139 Eau De Par",3000,'5.0',0,'25.0',(select brand_id from brand where name="MINI COLLECTION"));insert into perfume_note(perfume_id,note_id) values( 539,(select note_id from note where name='floral' and type='TOP'));insert into perfume_note(perfume_id,note_id) values (539,(select note_id from note where name='balsamic' and type='MIDDLE'));insert into perfume_note(perfume_id,note_id) values (539,(select note_id from note where name='bakhoor' and type='BASE'));insert into perfume(perfume_id,concentration,image,name,price,rating,gender,volume,brand_id) values( '540','EDT','perfumes/540.jpg',"Dare",3000,'4.3',0,'100.0',(select brand_id from brand where name="GUESS"));insert into perfume_note(perfume_id,note_id) values( 540,(select note_id from note where name='spicy' and type='TOP'));insert into perfume_note(perfume_id,note_id) values (540,(select note_id from note where name='patchouli' and type='MIDDLE'));insert into perfume_note(perfume_id,note_id) values (540,(select note_id from note where name='wood' and type='MIDDLE'));insert into perfume_note(perfume_id,note_id) values (540,(select note_id from note where name='cedar' and type='MIDDLE'));insert into perfume_note(perfume_id,note_id) values (540,(select note_id from note where name='musk' and type='MIDDLE'));insert into perfume_note(perfume_id,note_id) values (540,(select note_id from note where name='flowers herb shepherd' and type='BASE'));insert into perfume_note(perfume_id,note_id) values (540,(select note_id from note where name='cashmere' and type='BASE'));insert into perfume_note(perfume_id,note_id) values (540,(select note_id from note where name='jasmine' and type='BASE'));insert into perfume(perfume_id,concentration,image,name,price,rating,gender,volume,brand_id) values( '541','EDP','perfumes/541.jpg',"Musky Garden",3000,'5.0',0,'120.0',(select brand_id from brand where name="Mancera"));insert into perfume_note(perfume_id,note_id) values( 541,(select note_id from note where name='floral' and type='TOP'));insert into perfume_note(perfume_id,note_id) values (541,(select note_id from note where name='raspberry' and type='MIDDLE'));insert into perfume_note(perfume_id,note_id) values (541,(select note_id from note where name='amber' and type='MIDDLE'));insert into perfume_note(perfume_id,note_id) values (541,(select note_id from note where name='blackberry' and type='MIDDLE'));insert into perfume_note(perfume_id,note_id) values (541,(select note_id from note where name='white musk' and type='MIDDLE'));insert into perfume_note(perfume_id,note_id) values (541,(select note_id from note where name='leaf' and type='BASE'));insert into perfume_note(perfume_id,note_id) values (541,(select note_id from note where name='iris' and type='BASE'));insert into perfume_note(perfume_id,note_id) values (541,(select note_id from note where name='jasmine' and type='BASE'));insert into perfume_note(perfume_id,note_id) values (541,(select note_id from note where name='indian' and type='BASE'));insert into perfume_note(perfume_id,note_id) values (541,(select note_id from note where name='patchouli' and type='BASE'));insert into perfume_note(perfume_id,note_id) values (541,(select note_id from note where name='bulgarian rose' and type='BASE'));insert into perfume(perfume_id,concentration,image,name,price,rating,gender,volume,brand_id) values( '542','EDP','perfumes/542.jfif',"Eau De Lacoste",3000,'4.6',0,'90.0',(select brand_id from brand where name="LACOSTE"));insert into perfume_note(perfume_id,note_id) values( 542,(select note_id from note where name='floral' and type='TOP'));insert into perfume_note(perfume_id,note_id) values (542,(select note_id from note where name='peru' and type='MIDDLE'));insert into perfume_note(perfume_id,note_id) values (542,(select note_id from note where name='vetiver' and type='MIDDLE'));insert into perfume_note(perfume_id,note_id) values (542,(select note_id from note where name='sandalwood' and type='MIDDLE'));insert into perfume_note(perfume_id,note_id) values (542,(select note_id from note where name='vanilla' and type='MIDDLE'));insert into perfume_note(perfume_id,note_id) values (542,(select note_id from note where name='balsam' and type='MIDDLE'));insert into perfume_note(perfume_id,note_id) values (542,(select note_id from note where name='pineapple flower' and type='BASE'));insert into perfume_note(perfume_id,note_id) values (542,(select note_id from note where name='orange' and type='BASE'));insert into perfume_note(perfume_id,note_id) values (542,(select note_id from note where name='rose' and type='BASE'));insert into perfume_note(perfume_id,note_id) values (542,(select note_id from note where name='flower' and type='BASE'));insert into perfume_note(perfume_id,note_id) values (542,(select note_id from note where name='sambac jasmine' and type='BASE'));insert into perfume(perfume_id,concentration,image,name,price,rating,gender,volume,brand_id) values( '543','EDT','perfumes/543.webp',"Grey Flannel",3000,'5.0',0,'120.0',(select brand_id from brand where name="Geoffrey Beene"));insert into perfume_note(perfume_id,note_id) values( 543,(select note_id from note where name='woody' and type='TOP'));insert into perfume_note(perfume_id,note_id) values (543,(select note_id from note where name='almond' and type='MIDDLE'));insert into perfume_note(perfume_id,note_id) values (543,(select note_id from note where name='vetiver' and type='MIDDLE'));insert into perfume_note(perfume_id,note_id) values (543,(select note_id from note where name='cedar' and type='MIDDLE'));insert into perfume_note(perfume_id,note_id) values (543,(select note_id from note where name='tonka bean' and type='MIDDLE'));insert into perfume_note(perfume_id,note_id) values (543,(select note_id from note where name='oakmoss' and type='MIDDLE'));insert into perfume_note(perfume_id,note_id) values (543,(select note_id from note where name='narcissus' and type='BASE'));insert into perfume_note(perfume_id,note_id) values (543,(select note_id from note where name='iris' and type='BASE'));insert into perfume_note(perfume_id,note_id) values (543,(select note_id from note where name='rose' and type='BASE'));insert into perfume_note(perfume_id,note_id) values (543,(select note_id from note where name='sage' and type='BASE'));insert into perfume_note(perfume_id,note_id) values (543,(select note_id from note where name='mimosa' and type='BASE'));insert into perfume_note(perfume_id,note_id) values (543,(select note_id from note where name='violet' and type='BASE'));insert into perfume_note(perfume_id,note_id) values (543,(select note_id from note where name='geranium' and type='BASE'));insert into perfume(perfume_id,concentration,image,name,price,rating,gender,volume,brand_id) values( '544','EDP','perfumes/544.webp',"Burberry Body",3000,'5.0',0,'85.0',(select brand_id from brand where name="BURBERRY"));insert into perfume_note(perfume_id,note_id) values( 544,(select note_id from note where name='fruity' and type='TOP'));insert into perfume_note(perfume_id,note_id) values (544,(select note_id from note where name='amber' and type='MIDDLE'));insert into perfume_note(perfume_id,note_id) values (544,(select note_id from note where name='cashmerean' and type='MIDDLE'));insert into perfume_note(perfume_id,note_id) values (544,(select note_id from note where name='sandalwood' and type='MIDDLE'));insert into perfume_note(perfume_id,note_id) values (544,(select note_id from note where name='vanilla' and type='MIDDLE'));insert into perfume_note(perfume_id,note_id) values (544,(select note_id from note where name='musk' and type='MIDDLE'));insert into perfume_note(perfume_id,note_id) values (544,(select note_id from note where name='roses' and type='BASE'));insert into perfume_note(perfume_id,note_id) values (544,(select note_id from note where name='iris' and type='BASE'));insert into perfume(perfume_id,concentration,image,name,price,rating,gender,volume,brand_id) values( '545','EDT','perfumes/545.jpg',"Classic",3000,'4.4',0,'100.0',(select brand_id from brand where name="JAGUAR"));insert into perfume_note(perfume_id,note_id) values( 545,(select note_id from note where name='arabian' and type='TOP'));insert into perfume_note(perfume_id,note_id) values (545,(select note_id from note where name='white' and type='MIDDLE'));insert into perfume_note(perfume_id,note_id) values (545,(select note_id from note where name='benzoin' and type='MIDDLE'));insert into perfume_note(perfume_id,note_id) values (545,(select note_id from note where name='sandalwood' and type='MIDDLE'));insert into perfume_note(perfume_id,note_id) values (545,(select note_id from note where name='musk' and type='MIDDLE'));insert into perfume_note(perfume_id,note_id) values (545,(select note_id from note where name='blossom' and type='BASE'));insert into perfume_note(perfume_id,note_id) values (545,(select note_id from note where name='lotus' and type='BASE'));insert into perfume_note(perfume_id,note_id) values (545,(select note_id from note where name='orange' and type='BASE'));insert into perfume_note(perfume_id,note_id) values (545,(select note_id from note where name='ginger' and type='BASE'));insert into perfume(perfume_id,concentration,image,name,price,rating,gender,volume,brand_id) values( '546','EDT','perfumes/546.webp',"Cool Water",3000,'4.1',0,'75.0',(select brand_id from brand where name="DAVIDOFF"));insert into perfume_note(perfume_id,note_id) values( 546,(select note_id from note where name='aromatic' and type='TOP'));insert into perfume_note(perfume_id,note_id) values (546,(select note_id from note where name='cedar' and type='MIDDLE'));insert into perfume_note(perfume_id,note_id) values (546,(select note_id from note where name='amber' and type='MIDDLE'));insert into perfume_note(perfume_id,note_id) values (546,(select note_id from note where name='musk' and type='MIDDLE'));insert into perfume_note(perfume_id,note_id) values (546,(select note_id from note where name='oakmoss' and type='MIDDLE'));insert into perfume_note(perfume_id,note_id) values (546,(select note_id from note where name='geranium' and type='BASE'));insert into perfume_note(perfume_id,note_id) values (546,(select note_id from note where name='sandalwood' and type='BASE'));insert into perfume_note(perfume_id,note_id) values (546,(select note_id from note where name='jasmine' and type='BASE'));insert into perfume_note(perfume_id,note_id) values (546,(select note_id from note where name='neroli' and type='BASE'));insert into perfume(perfume_id,concentration,image,name,price,rating,gender,volume,brand_id) values( '547','EDP','perfumes/547.webp',"Marciano",3000,'4.4',0,'100.0',(select brand_id from brand where name="GUESS"));insert into perfume_note(perfume_id,note_id) values( 547,(select note_id from note where name='citrus' and type='TOP'));insert into perfume_note(perfume_id,note_id) values (547,(select note_id from note where name='vanilla' and type='MIDDLE'));insert into perfume_note(perfume_id,note_id) values (547,(select note_id from note where name='accords' and type='MIDDLE'));insert into perfume_note(perfume_id,note_id) values (547,(select note_id from note where name='musk' and type='MIDDLE'));insert into perfume_note(perfume_id,note_id) values (547,(select note_id from note where name='woody' and type='MIDDLE'));insert into perfume_note(perfume_id,note_id) values (547,(select note_id from note where name='clean' and type='BASE'));insert into perfume_note(perfume_id,note_id) values (547,(select note_id from note where name='intensively' and type='BASE'));insert into perfume_note(perfume_id,note_id) values (547,(select note_id from note where name='peony' and type='BASE'));insert into perfume_note(perfume_id,note_id) values (547,(select note_id from note where name='honeysuckle' and type='BASE'));insert into perfume_note(perfume_id,note_id) values (547,(select note_id from note where name='jasmine' and type='BASE'));insert into perfume_note(perfume_id,note_id) values (547,(select note_id from note where name='sweet' and type='BASE'));insert into perfume_note(perfume_id,note_id) values (547,(select note_id from note where name='pink' and type='BASE'));insert into perfume_note(perfume_id,note_id) values (547,(select note_id from note where name='rhythm' and type='BASE'));insert into perfume_note(perfume_id,note_id) values (547,(select note_id from note where name='floral' and type='BASE'));insert into perfume(perfume_id,concentration,image,name,price,rating,gender,volume,brand_id) values( '548','EDP','perfumes/548.jpg',"Still",3000,'4.0',0,'100.0',(select brand_id from brand where name="jennifer lopez"));insert into perfume_note(perfume_id,note_id) values( 548,(select note_id from note where name='floral' and type='TOP'));insert into perfume_note(perfume_id,note_id) values (548,(select note_id from note where name='valley' and type='MIDDLE'));insert into perfume_note(perfume_id,note_id) values (548,(select note_id from note where name='musky' and type='MIDDLE'));insert into perfume_note(perfume_id,note_id) values (548,(select note_id from note where name='the' and type='MIDDLE'));insert into perfume_note(perfume_id,note_id) values (548,(select note_id from note where name='lily' and type='MIDDLE'));insert into perfume_note(perfume_id,note_id) values (548,(select note_id from note where name='woody' and type='MIDDLE'));insert into perfume_note(perfume_id,note_id) values (548,(select note_id from note where name='rose' and type='BASE'));insert into perfume_note(perfume_id,note_id) values (548,(select note_id from note where name='jasmine' and type='BASE'));insert into perfume_note(perfume_id,note_id) values (548,(select note_id from note where name='freesia' and type='BASE'));insert into perfume_note(perfume_id,note_id) values (548,(select note_id from note where name='orange blossom' and type='BASE'));insert into perfume(perfume_id,concentration,image,name,price,rating,gender,volume,brand_id) values( '549','EDP','perfumes/549.webp',"Club De Nuit Intense",3000,'5.0',0,'200.0',(select brand_id from brand where name="Armaf"));insert into perfume_note(perfume_id,note_id) values( 549,(select note_id from note where name='floral' and type='TOP'));insert into perfume_note(perfume_id,note_id) values (549,(select note_id from note where name='patchouli' and type='MIDDLE'));insert into perfume_note(perfume_id,note_id) values (549,(select note_id from note where name='vanilla' and type='MIDDLE'));insert into perfume_note(perfume_id,note_id) values (549,(select note_id from note where name='ambergris' and type='MIDDLE'));insert into perfume_note(perfume_id,note_id) values (549,(select note_id from note where name='musk' and type='MIDDLE'));insert into perfume_note(perfume_id,note_id) values (549,(select note_id from note where name='birch' and type='BASE'));insert into perfume_note(perfume_id,note_id) values (549,(select note_id from note where name='rose' and type='BASE'));insert into perfume_note(perfume_id,note_id) values (549,(select note_id from note where name='jasmine' and type='BASE'));insert into perfume(perfume_id,concentration,image,name,price,rating,gender,volume,brand_id) values( '550','EDP','perfumes/550.jfif',"1029 Collection",3000,'4.0',0,'25.0',(select brand_id from brand where name="Genie"));insert into perfume_note(perfume_id,note_id) values( 550,(select note_id from note where name='fruity' and type='TOP'));insert into perfume_note(perfume_id,note_id) values (550,(select note_id from note where name='vegetal amber' and type='MIDDLE'));insert into perfume_note(perfume_id,note_id) values (550,(select note_id from note where name='mahogany' and type='MIDDLE'));insert into perfume_note(perfume_id,note_id) values (550,(select note_id from note where name='musk' and type='MIDDLE'));insert into perfume_note(perfume_id,note_id) values (550,(select note_id from note where name='lotus' and type='BASE'));insert into perfume_note(perfume_id,note_id) values (550,(select note_id from note where name='magnolia' and type='BASE'));insert into perfume_note(perfume_id,note_id) values (550,(select note_id from note where name='peony' and type='BASE'));insert into perfume(perfume_id,concentration,image,name,price,rating,gender,volume,brand_id) values( '551','EDT','perfumes/551.jpg',"Anais Anais Loriginal",3000,'4.5',0,'50.0',(select brand_id from brand where name="cacharel"));insert into perfume_note(perfume_id,note_id) values( 551,(select note_id from note where name='fruity' and type='TOP'));insert into perfume_note(perfume_id,note_id) values (551,(select note_id from note where name='currant' and type='MIDDLE'));insert into perfume_note(perfume_id,note_id) values (551,(select note_id from note where name='black' and type='MIDDLE'));insert into perfume_note(perfume_id,note_id) values (551,(select note_id from note where name='vetiver' and type='MIDDLE'));insert into perfume_note(perfume_id,note_id) values (551,(select note_id from note where name='sandalwood' and type='MIDDLE'));insert into perfume_note(perfume_id,note_id) values (551,(select note_id from note where name='moss' and type='MIDDLE'));insert into perfume_note(perfume_id,note_id) values (551,(select note_id from note where name='musk' and type='MIDDLE'));insert into perfume_note(perfume_id,note_id) values (551,(select note_id from note where name='rose' and type='BASE'));insert into perfume_note(perfume_id,note_id) values (551,(select note_id from note where name='jasmine' and type='BASE'));insert into perfume_note(perfume_id,note_id) values (551,(select note_id from note where name='ylangylang' and type='BASE'));insert into perfume_note(perfume_id,note_id) values (551,(select note_id from note where name='lily' and type='BASE'));insert into perfume_note(perfume_id,note_id) values (551,(select note_id from note where name='lilyofthevalley' and type='BASE'));insert into perfume(perfume_id,concentration,image,name,price,rating,gender,volume,brand_id) values( '552','EDP','perfumes/552.jfif',"Quelques Fleurs L'Original",3000,'5.0',0,'100.0',(select brand_id from brand where name="HOUBIGANT"));insert into perfume_note(perfume_id,note_id) values( 552,(select note_id from note where name='floral' and type='TOP'));insert into perfume_note(perfume_id,note_id) values (552,(select note_id from note where name='amber' and type='MIDDLE'));insert into perfume_note(perfume_id,note_id) values (552,(select note_id from note where name='tonka beans' and type='MIDDLE'));insert into perfume_note(perfume_id,note_id) values (552,(select note_id from note where name='civet' and type='MIDDLE'));insert into perfume_note(perfume_id,note_id) values (552,(select note_id from note where name='honey' and type='MIDDLE'));insert into perfume_note(perfume_id,note_id) values (552,(select note_id from note where name='sandalwood' and type='MIDDLE'));insert into perfume_note(perfume_id,note_id) values (552,(select note_id from note where name='vanilla' and type='MIDDLE'));insert into perfume_note(perfume_id,note_id) values (552,(select note_id from note where name='lichen' and type='MIDDLE'));insert into perfume_note(perfume_id,note_id) values (552,(select note_id from note where name='musk' and type='MIDDLE'));insert into perfume_note(perfume_id,note_id) values (552,(select note_id from note where name='valley' and type='BASE'));insert into perfume_note(perfume_id,note_id) values (552,(select note_id from note where name='the' and type='BASE'));insert into perfume_note(perfume_id,note_id) values (552,(select note_id from note where name='jasmine' and type='BASE'));insert into perfume_note(perfume_id,note_id) values (552,(select note_id from note where name='carnation' and type='BASE'));insert into perfume_note(perfume_id,note_id) values (552,(select note_id from note where name='orchid' and type='BASE'));insert into perfume_note(perfume_id,note_id) values (552,(select note_id from note where name='ylangylang' and type='BASE'));insert into perfume_note(perfume_id,note_id) values (552,(select note_id from note where name='lily' and type='BASE'));insert into perfume_note(perfume_id,note_id) values (552,(select note_id from note where name='heliotrope' and type='BASE'));insert into perfume_note(perfume_id,note_id) values (552,(select note_id from note where name='lilac' and type='BASE'));insert into perfume_note(perfume_id,note_id) values (552,(select note_id from note where name='tuberose' and type='BASE'));insert into perfume_note(perfume_id,note_id) values (552,(select note_id from note where name='iris root' and type='BASE'));insert into perfume_note(perfume_id,note_id) values (552,(select note_id from note where name='violet' and type='BASE'));insert into perfume(perfume_id,concentration,image,name,price,rating,gender,volume,brand_id) values( '553','EDP','perfumes/553.jfif',"The One Royal Night",3000,'5.0',0,'100.0',(select brand_id from brand where name="Dolce & Gabbana"));insert into perfume_note(perfume_id,note_id) values( 553,(select note_id from note where name='woody' and type='TOP'));insert into perfume_note(perfume_id,note_id) values (553,(select note_id from note where name='cedar' and type='MIDDLE'));insert into perfume_note(perfume_id,note_id) values (553,(select note_id from note where name='sandalwood' and type='MIDDLE'));insert into perfume_note(perfume_id,note_id) values (553,(select note_id from note where name='labdanum' and type='MIDDLE'));insert into perfume_note(perfume_id,note_id) values (553,(select note_id from note where name='amber' and type='MIDDLE'));insert into perfume_note(perfume_id,note_id) values (553,(select note_id from note where name='pear' and type='BASE'));insert into perfume_note(perfume_id,note_id) values (553,(select note_id from note where name='nutmeg' and type='BASE'));insert into perfume_note(perfume_id,note_id) values (553,(select note_id from note where name='wood' and type='BASE'));insert into perfume(perfume_id,concentration,image,name,price,rating,gender,volume,brand_id) values( '554','EDT','perfumes/554.jfif',"Xeryus Rouge",3000,'4.4',0,'100.0',(select brand_id from brand where name="Givenchy"));insert into perfume_note(perfume_id,note_id) values( 554,(select note_id from note where name='woody' and type='TOP'));insert into perfume_note(perfume_id,note_id) values (554,(select note_id from note where name='amber' and type='MIDDLE'));insert into perfume_note(perfume_id,note_id) values (554,(select note_id from note where name='incense' and type='MIDDLE'));insert into perfume_note(perfume_id,note_id) values (554,(select note_id from note where name='vetiver' and type='MIDDLE'));insert into perfume_note(perfume_id,note_id) values (554,(select note_id from note where name='cedar' and type='MIDDLE'));insert into perfume_note(perfume_id,note_id) values (554,(select note_id from note where name='musk' and type='MIDDLE'));insert into perfume_note(perfume_id,note_id) values (554,(select note_id from note where name='leather' and type='MIDDLE'));insert into perfume_note(perfume_id,note_id) values (554,(select note_id from note where name='balsam fir' and type='MIDDLE'));insert into perfume_note(perfume_id,note_id) values (554,(select note_id from note where name='oakmoss' and type='MIDDLE'));insert into perfume_note(perfume_id,note_id) values (554,(select note_id from note where name='coriander' and type='BASE'));insert into perfume_note(perfume_id,note_id) values (554,(select note_id from note where name='cinnamon' and type='BASE'));insert into perfume_note(perfume_id,note_id) values (554,(select note_id from note where name='tarragon' and type='BASE'));insert into perfume_note(perfume_id,note_id) values (554,(select note_id from note where name='cypress' and type='BASE'));insert into perfume_note(perfume_id,note_id) values (554,(select note_id from note where name='carnation' and type='BASE'));insert into perfume_note(perfume_id,note_id) values (554,(select note_id from note where name='sandalwood' and type='BASE'));insert into perfume_note(perfume_id,note_id) values (554,(select note_id from note where name='geranium' and type='BASE'));insert into perfume_note(perfume_id,note_id) values (554,(select note_id from note where name='petitgrain' and type='BASE'));insert into perfume_note(perfume_id,note_id) values (554,(select note_id from note where name='cyclamen' and type='BASE'));insert into perfume_note(perfume_id,note_id) values (554,(select note_id from note where name='juniper berries' and type='BASE'));insert into perfume(perfume_id,concentration,image,name,price,rating,gender,volume,brand_id) values( '555','EDP','perfumes/555.jfif',"Sacrifice",3000,'4.6',0,'50.0',(select brand_id from brand where name="Ajmal"));insert into perfume_note(perfume_id,note_id) values( 555,(select note_id from note where name='floral' and type='TOP'));insert into perfume_note(perfume_id,note_id) values (555,(select note_id from note where name='oriental' and type='MIDDLE'));insert into perfume_note(perfume_id,note_id) values (555,(select note_id from note where name='musky' and type='MIDDLE'));insert into perfume_note(perfume_id,note_id) values (555,(select note_id from note where name='woody' and type='MIDDLE'));insert into perfume_note(perfume_id,note_id) values (555,(select note_id from note where name='musky' and type='BASE'));insert into perfume_note(perfume_id,note_id) values (555,(select note_id from note where name='floral' and type='BASE'));insert into perfume(perfume_id,concentration,image,name,price,rating,gender,volume,brand_id) values( '556','EDP','perfumes/556.jfif',"Beautiful",3000,'4.6',0,'75.0',(select brand_id from brand where name="Estee Lauder"));insert into perfume_note(perfume_id,note_id) values( 556,(select note_id from note where name='floral' and type='TOP'));insert into perfume_note(perfume_id,note_id) values (556,(select note_id from note where name='vetiver' and type='MIDDLE'));insert into perfume_note(perfume_id,note_id) values (556,(select note_id from note where name='sandalwood' and type='MIDDLE'));insert into perfume_note(perfume_id,note_id) values (556,(select note_id from note where name='amber' and type='MIDDLE'));insert into perfume_note(perfume_id,note_id) values (556,(select note_id from note where name='ylangylang' and type='BASE'));insert into perfume_note(perfume_id,note_id) values (556,(select note_id from note where name='muguet' and type='BASE'));insert into perfume_note(perfume_id,note_id) values (556,(select note_id from note where name='orange flower' and type='BASE'));insert into perfume_note(perfume_id,note_id) values (556,(select note_id from note where name='jasmine' and type='BASE'));insert into perfume(perfume_id,concentration,image,name,price,rating,gender,volume,brand_id) values( '557','EDT','perfumes/557.jfif',"Club De Nuit Intense Man",3000,'5.0',0,'105.0',(select brand_id from brand where name="Armaf"));insert into perfume_note(perfume_id,note_id) values( 557,(select note_id from note where name='citrus' and type='TOP'));insert into perfume_note(perfume_id,note_id) values (557,(select note_id from note where name='patchouli' and type='MIDDLE'));insert into perfume_note(perfume_id,note_id) values (557,(select note_id from note where name='amber' and type='MIDDLE'));insert into perfume_note(perfume_id,note_id) values (557,(select note_id from note where name='agarwood' and type='MIDDLE'));insert into perfume_note(perfume_id,note_id) values (557,(select note_id from note where name='vanilla' and type='MIDDLE'));insert into perfume_note(perfume_id,note_id) values (557,(select note_id from note where name='pepper' and type='BASE'));insert into perfume_note(perfume_id,note_id) values (557,(select note_id from note where name='violet' and type='BASE'));insert into perfume_note(perfume_id,note_id) values (557,(select note_id from note where name='nutmeg' and type='BASE'));insert into perfume_note(perfume_id,note_id) values (557,(select note_id from note where name='caraway' and type='BASE'));insert into perfume(perfume_id,concentration,image,name,price,rating,gender,volume,brand_id) values( '558','EDP','perfumes/558.jfif',"Roses Vanille",3000,'5.0',0,'120.0',(select brand_id from brand where name="Mancera"));insert into perfume_note(perfume_id,note_id) values( 558,(select note_id from note where name='vanilla' and type='TOP'));insert into perfume_note(perfume_id,note_id) values (558,(select note_id from note where name='cedar' and type='MIDDLE'));insert into perfume_note(perfume_id,note_id) values (558,(select note_id from note where name='vanilla' and type='MIDDLE'));insert into perfume_note(perfume_id,note_id) values (558,(select note_id from note where name='white musk' and type='MIDDLE'));insert into perfume_note(perfume_id,note_id) values (558,(select note_id from note where name='sugar' and type='MIDDLE'));insert into perfume_note(perfume_id,note_id) values (558,(select note_id from note where name='rose' and type='BASE'));insert into perfume_note(perfume_id,note_id) values (558,(select note_id from note where name='sugar' and type='BASE'));insert into perfume(perfume_id,concentration,image,name,price,rating,gender,volume,brand_id) values( '559','EDT','perfumes/559.jfif',"DC",3000,'4.0',0,'100.0',(select brand_id from brand where name="DORALL COLLECTION"));insert into perfume_note(perfume_id,note_id) values( 559,(select note_id from note where name='floral' and type='TOP'));insert into perfume_note(perfume_id,note_id) values (559,(select note_id from note where name='vetiver' and type='MIDDLE'));insert into perfume_note(perfume_id,note_id) values (559,(select note_id from note where name='sandalwood' and type='MIDDLE'));insert into perfume_note(perfume_id,note_id) values (559,(select note_id from note where name='musk' and type='MIDDLE'));insert into perfume_note(perfume_id,note_id) values (559,(select note_id from note where name='patchouli' and type='MIDDLE'));insert into perfume_note(perfume_id,note_id) values (559,(select note_id from note where name='oakmoss' and type='MIDDLE'));insert into perfume_note(perfume_id,note_id) values (559,(select note_id from note where name='coumarin' and type='BASE'));insert into perfume_note(perfume_id,note_id) values (559,(select note_id from note where name='rosemary' and type='BASE'));insert into perfume_note(perfume_id,note_id) values (559,(select note_id from note where name='jasmine' and type='BASE'));insert into perfume_note(perfume_id,note_id) values (559,(select note_id from note where name='galbanum' and type='BASE'));insert into perfume(perfume_id,concentration,image,name,price,rating,gender,volume,brand_id) values( '560','EDT','perfumes/560.jfif',"New York",3000,'4.7',0,'2.0',(select brand_id from brand where name="COACH"));insert into perfume_note(perfume_id,note_id) values( 560,(select note_id from note where name='citrus' and type='TOP'));insert into perfume_note(perfume_id,note_id) values (560,(select note_id from note where name='vetiver' and type='MIDDLE'));insert into perfume_note(perfume_id,note_id) values (560,(select note_id from note where name='suede' and type='MIDDLE'));insert into perfume_note(perfume_id,note_id) values (560,(select note_id from note where name='ambergris' and type='MIDDLE'));insert into perfume_note(perfume_id,note_id) values (560,(select note_id from note where name='geranium' and type='BASE'));insert into perfume_note(perfume_id,note_id) values (560,(select note_id from note where name='cardamom' and type='BASE'));insert into perfume_note(perfume_id,note_id) values (560,(select note_id from note where name='coriander' and type='BASE'));insert into perfume(perfume_id,concentration,image,name,price,rating,gender,volume,brand_id) values( '561','EDT','perfumes/561.jfif',"Code",3000,'5.0',0,'75.0',(select brand_id from brand where name="GIORGIO ARMANI"));insert into perfume_note(perfume_id,note_id) values( 561,(select note_id from note where name='citrus' and type='TOP'));insert into perfume_note(perfume_id,note_id) values (561,(select note_id from note where name='tobacco' and type='MIDDLE'));insert into perfume_note(perfume_id,note_id) values (561,(select note_id from note where name='bean' and type='MIDDLE'));insert into perfume_note(perfume_id,note_id) values (561,(select note_id from note where name='leather' and type='MIDDLE'));insert into perfume_note(perfume_id,note_id) values (561,(select note_id from note where name='tonka' and type='MIDDLE'));insert into perfume_note(perfume_id,note_id) values (561,(select note_id from note where name='anise' and type='BASE'));insert into perfume_note(perfume_id,note_id) values (561,(select note_id from note where name='olive' and type='BASE'));insert into perfume_note(perfume_id,note_id) values (561,(select note_id from note where name='star' and type='BASE'));insert into perfume_note(perfume_id,note_id) values (561,(select note_id from note where name='flower' and type='BASE'));insert into perfume_note(perfume_id,note_id) values (561,(select note_id from note where name='spiced' and type='BASE'));insert into perfume(perfume_id,concentration,image,name,price,rating,gender,volume,brand_id) values( '562','EDT','perfumes/562.jfif',"First",3000,'5.0',0,'100.0',(select brand_id from brand where name="Van Cleef & Arpels"));insert into perfume_note(perfume_id,note_id) values( 562,(select note_id from note where name='floral' and type='TOP'));insert into perfume_note(perfume_id,note_id) values (562,(select note_id from note where name='amber' and type='MIDDLE'));insert into perfume_note(perfume_id,note_id) values (562,(select note_id from note where name='civet' and type='MIDDLE'));insert into perfume_note(perfume_id,note_id) values (562,(select note_id from note where name='honey' and type='MIDDLE'));insert into perfume_note(perfume_id,note_id) values (562,(select note_id from note where name='bean' and type='MIDDLE'));insert into perfume_note(perfume_id,note_id) values (562,(select note_id from note where name='sandalwood' and type='MIDDLE'));insert into perfume_note(perfume_id,note_id) values (562,(select note_id from note where name='vanilla' and type='MIDDLE'));insert into perfume_note(perfume_id,note_id) values (562,(select note_id from note where name='musk' and type='MIDDLE'));insert into perfume_note(perfume_id,note_id) values (562,(select note_id from note where name='tonka' and type='MIDDLE'));insert into perfume_note(perfume_id,note_id) values (562,(select note_id from note where name='oakmoss' and type='MIDDLE'));insert into perfume_note(perfume_id,note_id) values (562,(select note_id from note where name='narcissus' and type='BASE'));insert into perfume_note(perfume_id,note_id) values (562,(select note_id from note where name='orris' and type='BASE'));insert into perfume_note(perfume_id,note_id) values (562,(select note_id from note where name='root' and type='BASE'));insert into perfume_note(perfume_id,note_id) values (562,(select note_id from note where name='rose' and type='BASE'));insert into perfume_note(perfume_id,note_id) values (562,(select note_id from note where name='jasmine' and type='BASE'));insert into perfume_note(perfume_id,note_id) values (562,(select note_id from note where name='carnation' and type='BASE'));insert into perfume_note(perfume_id,note_id) values (562,(select note_id from note where name='orchid' and type='BASE'));insert into perfume_note(perfume_id,note_id) values (562,(select note_id from note where name='ylangylang' and type='BASE'));insert into perfume_note(perfume_id,note_id) values (562,(select note_id from note where name='tuberose' and type='BASE'));insert into perfume_note(perfume_id,note_id) values (562,(select note_id from note where name='turkish' and type='BASE'));insert into perfume_note(perfume_id,note_id) values (562,(select note_id from note where name='lilyofthevalley' and type='BASE'));insert into perfume_note(perfume_id,note_id) values (562,(select note_id from note where name='hyacinth' and type='BASE'));insert into perfume(perfume_id,concentration,image,name,price,rating,gender,volume,brand_id) values( '563','EDT','perfumes/563.jfif',"Esencia",3000,'4.5',0,'100.0',(select brand_id from brand where name="LOEWE"));insert into perfume_note(perfume_id,note_id) values( 563,(select note_id from note where name='woody' and type='TOP'));insert into perfume_note(perfume_id,note_id) values (563,(select note_id from note where name='cedar' and type='MIDDLE'));insert into perfume_note(perfume_id,note_id) values (563,(select note_id from note where name='sandalwood' and type='MIDDLE'));insert into perfume_note(perfume_id,note_id) values (563,(select note_id from note where name='musk' and type='MIDDLE'));insert into perfume_note(perfume_id,note_id) values (563,(select note_id from note where name='pepper' and type='BASE'));insert into perfume_note(perfume_id,note_id) values (563,(select note_id from note where name='cardamom' and type='BASE'));insert into perfume(perfume_id,concentration,image,name,price,rating,gender,volume,brand_id) values( '564','EDP','perfumes/564.jfif',"Delina Exclusive",3000,'4.0',0,'75.0',(select brand_id from brand where name="Parfums De Marly"));insert into perfume_note(perfume_id,note_id) values( 564,(select note_id from note where name='woody' and type='TOP'));insert into perfume_note(perfume_id,note_id) values (564,(select note_id from note where name='amber' and type='MIDDLE'));insert into perfume_note(perfume_id,note_id) values (564,(select note_id from note where name='vanilla' and type='MIDDLE'));insert into perfume_note(perfume_id,note_id) values (564,(select note_id from note where name='woody' and type='MIDDLE'));insert into perfume_note(perfume_id,note_id) values (564,(select note_id from note where name='burning oud' and type='BASE'));insert into perfume_note(perfume_id,note_id) values (564,(select note_id from note where name='incense' and type='BASE'));insert into perfume_note(perfume_id,note_id) values (564,(select note_id from note where name='turkish rose' and type='BASE'));insert into perfume(perfume_id,concentration,image,name,price,rating,gender,volume,brand_id) values( '565','EDP','perfumes/565.jfif',"Especially Elixir",3000,'4.3',0,'75.0',(select brand_id from brand where name="ESCADA"));insert into perfume_note(perfume_id,note_id) values( 565,(select note_id from note where name='woody' and type='TOP'));insert into perfume_note(perfume_id,note_id) values (565,(select note_id from note where name='amber' and type='MIDDLE'));insert into perfume_note(perfume_id,note_id) values (565,(select note_id from note where name='cashmere' and type='MIDDLE'));insert into perfume_note(perfume_id,note_id) values (565,(select note_id from note where name='dry' and type='MIDDLE'));insert into perfume_note(perfume_id,note_id) values (565,(select note_id from note where name='patchouli' and type='MIDDLE'));insert into perfume_note(perfume_id,note_id) values (565,(select note_id from note where name='madagascar vanilla' and type='MIDDLE'));insert into perfume_note(perfume_id,note_id) values (565,(select note_id from note where name='dry amber' and type='MIDDLE'));insert into perfume_note(perfume_id,note_id) values (565,(select note_id from note where name='turkish' and type='BASE'));insert into perfume_note(perfume_id,note_id) values (565,(select note_id from note where name='rose' and type='BASE'));insert into perfume_note(perfume_id,note_id) values (565,(select note_id from note where name='plums' and type='BASE'));insert into perfume_note(perfume_id,note_id) values (565,(select note_id from note where name='ylang ylang' and type='BASE'));insert into perfume(perfume_id,concentration,image,name,price,rating,gender,volume,brand_id) values( '566','EDT','perfumes/566.jfif',"Classic Blue",3000,'4.7',0,'100.0',(select brand_id from brand where name="JAGUAR"));insert into perfume_note(perfume_id,note_id) values( 566,(select note_id from note where name='spicy' and type='TOP'));insert into perfume_note(perfume_id,note_id) values (566,(select note_id from note where name='benzoin' and type='MIDDLE'));insert into perfume_note(perfume_id,note_id) values (566,(select note_id from note where name='sandalwood' and type='MIDDLE'));insert into perfume_note(perfume_id,note_id) values (566,(select note_id from note where name='white musk' and type='MIDDLE'));insert into perfume_note(perfume_id,note_id) values (566,(select note_id from note where name='orange blossom' and type='BASE'));insert into perfume_note(perfume_id,note_id) values (566,(select note_id from note where name='lotus' and type='BASE'));insert into perfume_note(perfume_id,note_id) values (566,(select note_id from note where name='ginger' and type='BASE'));insert into perfume(perfume_id,concentration,image,name,price,rating,gender,volume,brand_id) values( '567','EDP','perfumes/567.jfif',"Patchouli Intense",3000,'5.0',0,'100.0',(select brand_id from brand where name="NICOLAI"));insert into perfume_note(perfume_id,note_id) values( 567,(select note_id from note where name='floral' and type='TOP'));insert into perfume_note(perfume_id,note_id) values (567,(select note_id from note where name='sandalwood' and type='MIDDLE'));insert into perfume_note(perfume_id,note_id) values (567,(select note_id from note where name='vanilla' and type='MIDDLE'));insert into perfume_note(perfume_id,note_id) values (567,(select note_id from note where name='amber' and type='MIDDLE'));insert into perfume_note(perfume_id,note_id) values (567,(select note_id from note where name='patchouli' and type='BASE'));insert into perfume_note(perfume_id,note_id) values (567,(select note_id from note where name='rose' and type='BASE'));insert into perfume_note(perfume_id,note_id) values (567,(select note_id from note where name='ceylon cinnamon' and type='BASE'));insert into perfume(perfume_id,concentration,image,name,price,rating,gender,volume,brand_id) values( '568','EDP','perfumes/568.jfif',"Floral",3000,'4.6',0,'90.0',(select brand_id from brand where name="COACH"));insert into perfume_note(perfume_id,note_id) values( 568,(select note_id from note where name='floral' and type='TOP'));insert into perfume_note(perfume_id,note_id) values (568,(select note_id from note where name='sandalwood' and type='MIDDLE'));insert into perfume_note(perfume_id,note_id) values (568,(select note_id from note where name='vanilla' and type='MIDDLE'));insert into perfume_note(perfume_id,note_id) values (568,(select note_id from note where name='notes' and type='MIDDLE'));insert into perfume_note(perfume_id,note_id) values (568,(select note_id from note where name='musk' and type='MIDDLE'));insert into perfume_note(perfume_id,note_id) values (568,(select note_id from note where name='patchouli' and type='MIDDLE'));insert into perfume_note(perfume_id,note_id) values (568,(select note_id from note where name='woody' and type='MIDDLE'));insert into perfume_note(perfume_id,note_id) values (568,(select note_id from note where name='gardenia' and type='BASE'));insert into perfume_note(perfume_id,note_id) values (568,(select note_id from note where name='rose' and type='BASE'));insert into perfume_note(perfume_id,note_id) values (568,(select note_id from note where name='jasmine' and type='BASE'));insert into perfume_note(perfume_id,note_id) values (568,(select note_id from note where name='sambac' and type='BASE'));insert into perfume_note(perfume_id,note_id) values (568,(select note_id from note where name='hedione' and type='BASE'));insert into perfume_note(perfume_id,note_id) values (568,(select note_id from note where name='tea' and type='BASE'));insert into perfume(perfume_id,concentration,image,name,price,rating,gender,volume,brand_id) values( '569','EDT','perfumes/569.jfif',"The Dreamer",3000,'4.0',0,'100.0',(select brand_id from brand where name="VERSACE"));insert into perfume_note(perfume_id,note_id) values( 569,(select note_id from note where name='arabian' and type='TOP'));insert into perfume_note(perfume_id,note_id) values (569,(select note_id from note where name='cedar' and type='MIDDLE'));insert into perfume_note(perfume_id,note_id) values (569,(select note_id from note where name='tonka bean' and type='MIDDLE'));insert into perfume_note(perfume_id,note_id) values (569,(select note_id from note where name='geranium' and type='BASE'));insert into perfume_note(perfume_id,note_id) values (569,(select note_id from note where name='tobacco' and type='BASE'));insert into perfume_note(perfume_id,note_id) values (569,(select note_id from note where name='rose' and type='BASE'));insert into perfume(perfume_id,concentration,image,name,price,rating,gender,volume,brand_id) values( '570','EDC','perfumes/570.jfif',"900 Herbal Spray",3000,'4.0',0,'100.0',(select brand_id from brand where name="Aramis"));insert into perfume_note(perfume_id,note_id) values( 570,(select note_id from note where name='woody' and type='TOP'));insert into perfume_note(perfume_id,note_id) values (570,(select note_id from note where name='amber' and type='MIDDLE'));insert into perfume_note(perfume_id,note_id) values (570,(select note_id from note where name='civet' and type='MIDDLE'));insert into perfume_note(perfume_id,note_id) values (570,(select note_id from note where name='sandalwood' and type='MIDDLE'));insert into perfume_note(perfume_id,note_id) values (570,(select note_id from note where name='patchouli' and type='MIDDLE'));insert into perfume_note(perfume_id,note_id) values (570,(select note_id from note where name='oakmoss vetiver' and type='MIDDLE'));insert into perfume_note(perfume_id,note_id) values (570,(select note_id from note where name='rose geranium' and type='BASE'));insert into perfume_note(perfume_id,note_id) values (570,(select note_id from note where name='jasmine' and type='BASE'));insert into perfume_note(perfume_id,note_id) values (570,(select note_id from note where name='carnation' and type='BASE'));insert into perfume_note(perfume_id,note_id) values (570,(select note_id from note where name='lilyofthevalley' and type='BASE'));insert into perfume_note(perfume_id,note_id) values (570,(select note_id from note where name='orris root' and type='BASE'));insert into perfume(perfume_id,concentration,image,name,price,rating,gender,volume,brand_id) values( '571','EDP','perfumes/571.jfif',"L'Acquarossa",3000,'5.0',0,'75.0',(select brand_id from brand where name="Fendi"));insert into perfume_note(perfume_id,note_id) values( 571,(select note_id from note where name='musk' and type='TOP'));insert into perfume_note(perfume_id,note_id) values (571,(select note_id from note where name='cedar' and type='MIDDLE'));insert into perfume_note(perfume_id,note_id) values (571,(select note_id from note where name='white' and type='MIDDLE'));insert into perfume_note(perfume_id,note_id) values (571,(select note_id from note where name='musk' and type='MIDDLE'));insert into perfume_note(perfume_id,note_id) values (571,(select note_id from note where name='patchouli' and type='MIDDLE'));insert into perfume_note(perfume_id,note_id) values (571,(select note_id from note where name='red' and type='MIDDLE'));insert into perfume_note(perfume_id,note_id) values (571,(select note_id from note where name='blossom' and type='BASE'));insert into perfume_note(perfume_id,note_id) values (571,(select note_id from note where name='orange' and type='BASE'));insert into perfume_note(perfume_id,note_id) values (571,(select note_id from note where name='rose' and type='BASE'));insert into perfume_note(perfume_id,note_id) values (571,(select note_id from note where name='lantana flower' and type='BASE'));insert into perfume_note(perfume_id,note_id) values (571,(select note_id from note where name='magnolia' and type='BASE'));insert into perfume(perfume_id,concentration,image,name,price,rating,gender,volume,brand_id) values( '572','EDP','perfumes/572.jfif',"Florence",3000,'4.4',0,'50.0',(select brand_id from brand where name="Roberto Cavalli"));insert into perfume_note(perfume_id,note_id) values( 572,(select note_id from note where name='floral' and type='TOP'));insert into perfume_note(perfume_id,note_id) values (572,(select note_id from note where name='patchouli' and type='MIDDLE'));insert into perfume_note(perfume_id,note_id) values (572,(select note_id from note where name='amber' and type='MIDDLE'));insert into perfume_note(perfume_id,note_id) values (572,(select note_id from note where name='musk' and type='MIDDLE'));insert into perfume_note(perfume_id,note_id) values (572,(select note_id from note where name='orange blossom' and type='BASE'));insert into perfume_note(perfume_id,note_id) values (572,(select note_id from note where name='hibiscus seeds' and type='BASE'));insert into perfume_note(perfume_id,note_id) values (572,(select note_id from note where name='grapefruit blossom' and type='BASE'));insert into perfume(perfume_id,concentration,image,name,price,rating,gender,volume,brand_id) values( '573','EDT','perfumes/573.jfif',"Light Blue",3000,'4.5',0,'100.0',(select brand_id from brand where name="Dolce & Gabbana"));insert into perfume_note(perfume_id,note_id) values( 573,(select note_id from note where name='floral' and type='TOP'));insert into perfume_note(perfume_id,note_id) values (573,(select note_id from note where name='incense' and type='MIDDLE'));insert into perfume_note(perfume_id,note_id) values (573,(select note_id from note where name='musk wood' and type='MIDDLE'));insert into perfume_note(perfume_id,note_id) values (573,(select note_id from note where name='oakmoss' and type='MIDDLE'));insert into perfume_note(perfume_id,note_id) values (573,(select note_id from note where name='white' and type='BASE'));insert into perfume_note(perfume_id,note_id) values (573,(select note_id from note where name='rose' and type='BASE'));insert into perfume_note(perfume_id,note_id) values (573,(select note_id from note where name='jasmine' and type='BASE'));insert into perfume(perfume_id,concentration,image,name,price,rating,gender,volume,brand_id) values( '574','EDP','perfumes/574.jfif',"Pleasures Intense",3000,'4.6',0,'100.0',(select brand_id from brand where name="Estee Lauder"));insert into perfume_note(perfume_id,note_id) values( 574,(select note_id from note where name='floral' and type='TOP'));insert into perfume_note(perfume_id,note_id) values (574,(select note_id from note where name='benzoin' and type='MIDDLE'));insert into perfume_note(perfume_id,note_id) values (574,(select note_id from note where name='maple' and type='MIDDLE'));insert into perfume_note(perfume_id,note_id) values (574,(select note_id from note where name='vanillastyrax' and type='MIDDLE'));insert into perfume_note(perfume_id,note_id) values (574,(select note_id from note where name='moroccan rose' and type='BASE'));insert into perfume_note(perfume_id,note_id) values (574,(select note_id from note where name='lily' and type='BASE'));insert into perfume_note(perfume_id,note_id) values (574,(select note_id from note where name='jasmine' and type='BASE'));insert into perfume_note(perfume_id,note_id) values (574,(select note_id from note where name='tiare flower' and type='BASE'));insert into perfume(perfume_id,concentration,image,name,price,rating,gender,volume,brand_id) values( '575','EDP','perfumes/575.jfif',"Wisal",3000,'5.0',0,'50.0',(select brand_id from brand where name="Ajmal"));insert into perfume_note(perfume_id,note_id) values( 575,(select note_id from note where name='floral' and type='TOP'));insert into perfume_note(perfume_id,note_id) values (575,(select note_id from note where name='rose' and type='MIDDLE'));insert into perfume_note(perfume_id,note_id) values (575,(select note_id from note where name='sensual musk' and type='MIDDLE'));insert into perfume_note(perfume_id,note_id) values (575,(select note_id from note where name='sandalwood' and type='BASE'));insert into perfume(perfume_id,concentration,image,name,price,rating,gender,volume,brand_id) values( '576','EDP','perfumes/576.jfif',"Sauvage",3000,'4.0',0,'100.0',(select brand_id from brand where name="Dior"));insert into perfume_note(perfume_id,note_id) values( 576,(select note_id from note where name='arabian' and type='TOP'));insert into perfume_note(perfume_id,note_id) values (576,(select note_id from note where name='vanilla' and type='MIDDLE'));insert into perfume_note(perfume_id,note_id) values (576,(select note_id from note where name='ambroxan' and type='MIDDLE'));insert into perfume_note(perfume_id,note_id) values (576,(select note_id from note where name='star anise' and type='BASE'));insert into perfume_note(perfume_id,note_id) values (576,(select note_id from note where name='lavender' and type='BASE'));insert into perfume_note(perfume_id,note_id) values (576,(select note_id from note where name='nutmeg' and type='BASE'));insert into perfume_note(perfume_id,note_id) values (576,(select note_id from note where name='sichaun pepper' and type='BASE'));insert into perfume(perfume_id,concentration,image,name,price,rating,gender,volume,brand_id) values( '577','EDT','perfumes/577.jfif',"Passenger",3000,'5.0',0,'100.0',(select brand_id from brand where name="S.T.Dupont"));insert into perfume_note(perfume_id,note_id) values( 577,(select note_id from note where name='spicy' and type='TOP'));insert into perfume_note(perfume_id,note_id) values (577,(select note_id from note where name='indonesian patchouli' and type='MIDDLE'));insert into perfume_note(perfume_id,note_id) values (577,(select note_id from note where name='copper' and type='MIDDLE'));insert into perfume_note(perfume_id,note_id) values (577,(select note_id from note where name='accords' and type='MIDDLE'));insert into perfume_note(perfume_id,note_id) values (577,(select note_id from note where name='laotian' and type='MIDDLE'));insert into perfume_note(perfume_id,note_id) values (577,(select note_id from note where name='paraguayan lignum vitae' and type='MIDDLE'));insert into perfume_note(perfume_id,note_id) values (577,(select note_id from note where name='benzoin' and type='MIDDLE'));insert into perfume_note(perfume_id,note_id) values (577,(select note_id from note where name='pepper' and type='BASE'));insert into perfume_note(perfume_id,note_id) values (577,(select note_id from note where name='indian ginger' and type='BASE'));insert into perfume_note(perfume_id,note_id) values (577,(select note_id from note where name='lavender' and type='BASE'));insert into perfume_note(perfume_id,note_id) values (577,(select note_id from note where name='mauritanian' and type='BASE'));insert into perfume_note(perfume_id,note_id) values (577,(select note_id from note where name='guatemalan cardamom' and type='BASE'));insert into perfume_note(perfume_id,note_id) values (577,(select note_id from note where name='red' and type='BASE'));insert into perfume(perfume_id,concentration,image,name,price,rating,gender,volume,brand_id) values( '578','EDP','perfumes/578.jfif',"Goldea The Roman Night Absolute",3000,'4.0',0,'75.0',(select brand_id from brand where name="BVLGARI"));insert into perfume_note(perfume_id,note_id) values( 578,(select note_id from note where name='floral' and type='TOP'));insert into perfume_note(perfume_id,note_id) values (578,(select note_id from note where name='patchouli' and type='MIDDLE'));insert into perfume_note(perfume_id,note_id) values (578,(select note_id from note where name='moss' and type='MIDDLE'));insert into perfume_note(perfume_id,note_id) values (578,(select note_id from note where name='black musk' and type='MIDDLE'));insert into perfume_note(perfume_id,note_id) values (578,(select note_id from note where name='madagascar vanilla' and type='BASE'));insert into perfume_note(perfume_id,note_id) values (578,(select note_id from note where name='jasmin sambac' and type='BASE'));insert into perfume(perfume_id,concentration,image,name,price,rating,gender,volume,brand_id) values( '579','EDT','perfumes/579.jfif',"Hugo",3000,'4.5',0,'125.0',(select brand_id from brand where name="HUGO BOSS"));insert into perfume_note(perfume_id,note_id) values( 579,(select note_id from note where name='fresh' and type='TOP'));insert into perfume_note(perfume_id,note_id) values (579,(select note_id from note where name='patchouli' and type='MIDDLE'));insert into perfume_note(perfume_id,note_id) values (579,(select note_id from note where name='fir' and type='MIDDLE'));insert into perfume_note(perfume_id,note_id) values (579,(select note_id from note where name='cedar' and type='MIDDLE'));insert into perfume_note(perfume_id,note_id) values (579,(select note_id from note where name='geranium' and type='BASE'));insert into perfume_note(perfume_id,note_id) values (579,(select note_id from note where name='sage' and type='BASE'));insert into perfume_note(perfume_id,note_id) values (579,(select note_id from note where name='carnation' and type='BASE'));insert into perfume_note(perfume_id,note_id) values (579,(select note_id from note where name='jasmine' and type='BASE'));insert into perfume(perfume_id,concentration,image,name,price,rating,gender,volume,brand_id) values( '580','EDT','perfumes/580.jfif',"Petits Et Mamans",3000,'4.8',0,'100.0',(select brand_id from brand where name="BVLGARI"));insert into perfume_note(perfume_id,note_id) values( 580,(select note_id from note where name='floral' and type='TOP'));insert into perfume_note(perfume_id,note_id) values (580,(select note_id from note where name='powdery notes' and type='MIDDLE'));insert into perfume_note(perfume_id,note_id) values (580,(select note_id from note where name='white peach' and type='MIDDLE'));insert into perfume_note(perfume_id,note_id) values (580,(select note_id from note where name='vanilla' and type='MIDDLE'));insert into perfume_note(perfume_id,note_id) values (580,(select note_id from note where name='iris' and type='MIDDLE'));insert into perfume_note(perfume_id,note_id) values (580,(select note_id from note where name='sunflower' and type='BASE'));insert into perfume_note(perfume_id,note_id) values (580,(select note_id from note where name='rose' and type='BASE'));insert into perfume_note(perfume_id,note_id) values (580,(select note_id from note where name='chamomile' and type='BASE'));insert into perfume(perfume_id,concentration,image,name,price,rating,gender,volume,brand_id) values( '581','EDT','perfumes/581.jfif',"Eternally Hot",3000,'4.5',0,'100.0',(select brand_id from brand where name="DORALL COLLECTION"));insert into perfume_note(perfume_id,note_id) values( 581,(select note_id from note where name='woody' and type='TOP'));insert into perfume_note(perfume_id,note_id) values (581,(select note_id from note where name='vanilla' and type='MIDDLE'));insert into perfume_note(perfume_id,note_id) values (581,(select note_id from note where name='musk' and type='MIDDLE'));insert into perfume_note(perfume_id,note_id) values (581,(select note_id from note where name='jasmine' and type='BASE'));insert into perfume_note(perfume_id,note_id) values (581,(select note_id from note where name='gardenia' and type='BASE'));insert into perfume(perfume_id,concentration,image,name,price,rating,gender,volume,brand_id) values( '582','EDT','perfumes/582.jfif',"Desire",3000,'4.8',0,'30.0',(select brand_id from brand where name="Dunhill"));insert into perfume_note(perfume_id,note_id) values( 582,(select note_id from note where name='fresh' and type='TOP'));insert into perfume_note(perfume_id,note_id) values (582,(select note_id from note where name='labdanum' and type='MIDDLE'));insert into perfume_note(perfume_id,note_id) values (582,(select note_id from note where name='vanilla' and type='MIDDLE'));insert into perfume_note(perfume_id,note_id) values (582,(select note_id from note where name='musk' and type='MIDDLE'));insert into perfume_note(perfume_id,note_id) values (582,(select note_id from note where name='patchouli' and type='BASE'));insert into perfume_note(perfume_id,note_id) values (582,(select note_id from note where name='rose' and type='BASE'));insert into perfume_note(perfume_id,note_id) values (582,(select note_id from note where name='teakwood' and type='BASE'));insert into perfume(perfume_id,concentration,image,name,price,rating,gender,volume,brand_id) values( '583','EDT','perfumes/583.jfif',"Marbert Man",3000,'3.3',0,'125.0',(select brand_id from brand where name="marbert man"));insert into perfume_note(perfume_id,note_id) values( 583,(select note_id from note where name='woody' and type='TOP'));insert into perfume_note(perfume_id,note_id) values (583,(select note_id from note where name='cedar' and type='MIDDLE'));insert into perfume_note(perfume_id,note_id) values (583,(select note_id from note where name='sandalwood' and type='MIDDLE'));insert into perfume_note(perfume_id,note_id) values (583,(select note_id from note where name='musk' and type='MIDDLE'));insert into perfume_note(perfume_id,note_id) values (583,(select note_id from note where name='oakmoss' and type='MIDDLE'));insert into perfume_note(perfume_id,note_id) values (583,(select note_id from note where name='white honey' and type='BASE'));insert into perfume_note(perfume_id,note_id) values (583,(select note_id from note where name='carnation' and type='BASE'));insert into perfume_note(perfume_id,note_id) values (583,(select note_id from note where name='cinnamon' and type='BASE'));insert into perfume(perfume_id,concentration,image,name,price,rating,gender,volume,brand_id) values( '584','EDP','perfumes/584.jfif',"Always",3000,'5.0',0,'50.0',(select brand_id from brand where name="AVON"));insert into perfume_note(perfume_id,note_id) values( 584,(select note_id from note where name='floral' and type='TOP'));insert into perfume_note(perfume_id,note_id) values (584,(select note_id from note where name='cashmere woods' and type='MIDDLE'));insert into perfume_note(perfume_id,note_id) values (584,(select note_id from note where name='orange blossoms' and type='BASE'));insert into perfume(perfume_id,concentration,image,name,price,rating,gender,volume,brand_id) values( '585','EDT','perfumes/585.jfif',"Brown",3000,'5.0',0,'110.0',(select brand_id from brand where name="Aramis"));insert into perfume_note(perfume_id,note_id) values( 585,(select note_id from note where name='woody' and type='TOP'));insert into perfume_note(perfume_id,note_id) values (585,(select note_id from note where name='leather' and type='MIDDLE'));insert into perfume_note(perfume_id,note_id) values (585,(select note_id from note where name='amber' and type='MIDDLE'));insert into perfume_note(perfume_id,note_id) values (585,(select note_id from note where name='oakmoss' and type='MIDDLE'));insert into perfume_note(perfume_id,note_id) values (585,(select note_id from note where name='patchouli' and type='BASE'));insert into perfume_note(perfume_id,note_id) values (585,(select note_id from note where name='sandalwood' and type='BASE'));insert into perfume_note(perfume_id,note_id) values (585,(select note_id from note where name='vetiver' and type='BASE'));insert into perfume_note(perfume_id,note_id) values (585,(select note_id from note where name='pelargonium' and type='BASE'));insert into perfume(perfume_id,concentration,image,name,price,rating,gender,volume,brand_id) values( '586','EDP','perfumes/586.jfif',"By Marciano",3000,'5.0',0,'100.0',(select brand_id from brand where name="GUESS"));insert into perfume_note(perfume_id,note_id) values( 586,(select note_id from note where name='floral' and type='TOP'));insert into perfume_note(perfume_id,note_id) values (586,(select note_id from note where name='vanilla' and type='MIDDLE'));insert into perfume_note(perfume_id,note_id) values (586,(select note_id from note where name='notes' and type='MIDDLE'));insert into perfume_note(perfume_id,note_id) values (586,(select note_id from note where name='musk' and type='MIDDLE'));insert into perfume_note(perfume_id,note_id) values (586,(select note_id from note where name='woody' and type='MIDDLE'));insert into perfume_note(perfume_id,note_id) values (586,(select note_id from note where name='honeysuckle' and type='BASE'));insert into perfume_note(perfume_id,note_id) values (586,(select note_id from note where name='jasmine' and type='BASE'));insert into perfume_note(perfume_id,note_id) values (586,(select note_id from note where name='peony' and type='BASE'));insert into perfume(perfume_id,concentration,image,name,price,rating,gender,volume,brand_id) values( '587','EDT','perfumes/587.jfif',"Encre Noire",3000,'4.5',0,'100.0',(select brand_id from brand where name="LALIQUE"));insert into perfume_note(perfume_id,note_id) values( 587,(select note_id from note where name='woody' and type='TOP'));insert into perfume_note(perfume_id,note_id) values (587,(select note_id from note where name='cashmere' and type='MIDDLE'));insert into perfume_note(perfume_id,note_id) values (587,(select note_id from note where name='wood' and type='MIDDLE'));insert into perfume_note(perfume_id,note_id) values (587,(select note_id from note where name='musk' and type='MIDDLE'));insert into perfume_note(perfume_id,note_id) values (587,(select note_id from note where name='vetiver' and type='BASE'));insert into perfume_note(perfume_id,note_id) values (587,(select note_id from note where name='bourbon' and type='BASE'));insert into perfume_note(perfume_id,note_id) values (587,(select note_id from note where name='haiti' and type='BASE'));insert into perfume(perfume_id,concentration,image,name,price,rating,gender,volume,brand_id) values( '588','EDP','perfumes/588.png',"Si Passione",3000,'4.8',0,'100.0',(select brand_id from brand where name="GIORGIO ARMANI"));insert into perfume_note(perfume_id,note_id) values( 588,(select note_id from note where name='floral' and type='TOP'));insert into perfume_note(perfume_id,note_id) values (588,(select note_id from note where name='cedar' and type='MIDDLE'));insert into perfume_note(perfume_id,note_id) values (588,(select note_id from note where name='patchouli' and type='MIDDLE'));insert into perfume_note(perfume_id,note_id) values (588,(select note_id from note where name='vanilla' and type='MIDDLE'));insert into perfume_note(perfume_id,note_id) values (588,(select note_id from note where name='amberwood' and type='MIDDLE'));insert into perfume_note(perfume_id,note_id) values (588,(select note_id from note where name='rose' and type='BASE'));insert into perfume_note(perfume_id,note_id) values (588,(select note_id from note where name='jasmine' and type='BASE'));insert into perfume_note(perfume_id,note_id) values (588,(select note_id from note where name='pine apple' and type='BASE'));insert into perfume_note(perfume_id,note_id) values (588,(select note_id from note where name='heliotrope' and type='BASE'));insert into perfume(perfume_id,concentration,image,name,price,rating,gender,volume,brand_id) values( '589','EDT','perfumes/589.jfif',"Declaration Essence",3000,'4.5',0,'100.0',(select brand_id from brand where name="CARTIER"));insert into perfume_note(perfume_id,note_id) values( 589,(select note_id from note where name='citrus' and type='TOP'));insert into perfume_note(perfume_id,note_id) values (589,(select note_id from note where name='vetiver' and type='MIDDLE'));insert into perfume_note(perfume_id,note_id) values (589,(select note_id from note where name='sandalwood' and type='MIDDLE'));insert into perfume_note(perfume_id,note_id) values (589,(select note_id from note where name='musk' and type='MIDDLE'));insert into perfume_note(perfume_id,note_id) values (589,(select note_id from note where name='amber' and type='MIDDLE'));insert into perfume_note(perfume_id,note_id) values (589,(select note_id from note where name='geranium' and type='BASE'));insert into perfume_note(perfume_id,note_id) values (589,(select note_id from note where name='sicilian lemon' and type='BASE'));insert into perfume_note(perfume_id,note_id) values (589,(select note_id from note where name='lemon' and type='BASE'));insert into perfume(perfume_id,concentration,image,name,price,rating,gender,volume,brand_id) values( '590','EDP','perfumes/590.jfif',"For Ever",3000,'4.0',0,'100.0',(select brand_id from brand where name="Sedr Al-Khaleej Perfumes"));insert into perfume_note(perfume_id,note_id) values( 590,(select note_id from note where name='fresh' and type='TOP'));insert into perfume_note(perfume_id,note_id) values (590,(select note_id from note where name='amber' and type='MIDDLE'));insert into perfume_note(perfume_id,note_id) values (590,(select note_id from note where name='musk' and type='MIDDLE'));insert into perfume_note(perfume_id,note_id) values (590,(select note_id from note where name='woody' and type='MIDDLE'));insert into perfume_note(perfume_id,note_id) values (590,(select note_id from note where name='cardamom' and type='BASE'));insert into perfume_note(perfume_id,note_id) values (590,(select note_id from note where name='praline' and type='BASE'));insert into perfume_note(perfume_id,note_id) values (590,(select note_id from note where name='cinnamon' and type='BASE'));insert into perfume(perfume_id,concentration,image,name,price,rating,gender,volume,brand_id) values( '591','EDP','perfumes/591.jfif',"Organza",3000,'4.8',0,'100.0',(select brand_id from brand where name="Givenchy"));insert into perfume_note(perfume_id,note_id) values( 591,(select note_id from note where name='arabian' and type='TOP'));insert into perfume_note(perfume_id,note_id) values (591,(select note_id from note where name='guaiac wood' and type='MIDDLE'));insert into perfume_note(perfume_id,note_id) values (591,(select note_id from note where name='amber' and type='MIDDLE'));insert into perfume_note(perfume_id,note_id) values (591,(select note_id from note where name='virginia cedar' and type='MIDDLE'));insert into perfume_note(perfume_id,note_id) values (591,(select note_id from note where name='woodsy notes' and type='MIDDLE'));insert into perfume_note(perfume_id,note_id) values (591,(select note_id from note where name='vanilla' and type='MIDDLE'));insert into perfume_note(perfume_id,note_id) values (591,(select note_id from note where name='peony' and type='BASE'));insert into perfume_note(perfume_id,note_id) values (591,(select note_id from note where name='iris' and type='BASE'));insert into perfume_note(perfume_id,note_id) values (591,(select note_id from note where name='honeysuckle' and type='BASE'));insert into perfume_note(perfume_id,note_id) values (591,(select note_id from note where name='jasmine' and type='BASE'));insert into perfume_note(perfume_id,note_id) values (591,(select note_id from note where name='tuberose' and type='BASE'));insert into perfume_note(perfume_id,note_id) values (591,(select note_id from note where name='walnut' and type='BASE'));insert into perfume(perfume_id,concentration,image,name,price,rating,gender,volume,brand_id) values( '592','EDT','perfumes/592.jfif',"Uomo",3000,'4.6',0,'100.0',(select brand_id from brand where name="Roberto Cavalli"));insert into perfume_note(perfume_id,note_id) values( 592,(select note_id from note where name='floral' and type='TOP'));insert into perfume_note(perfume_id,note_id) values (592,(select note_id from note where name='cedar' and type='MIDDLE'));insert into perfume_note(perfume_id,note_id) values (592,(select note_id from note where name='patchouli' and type='MIDDLE'));insert into perfume_note(perfume_id,note_id) values (592,(select note_id from note where name='tonka bean' and type='MIDDLE'));insert into perfume_note(perfume_id,note_id) values (592,(select note_id from note where name='honey' and type='BASE'));insert into perfume_note(perfume_id,note_id) values (592,(select note_id from note where name='lavender' and type='BASE'));insert into perfume(perfume_id,concentration,image,name,price,rating,gender,volume,brand_id) values( '593','EDP','perfumes/593.jfif',"Be Delicious Red",3000,'4.6',0,'100.0',(select brand_id from brand where name="DKNY"));insert into perfume_note(perfume_id,note_id) values( 593,(select note_id from note where name='floral' and type='TOP'));insert into perfume_note(perfume_id,note_id) values (593,(select note_id from note where name='leather' and type='MIDDLE'));insert into perfume_note(perfume_id,note_id) values (593,(select note_id from note where name='amber' and type='MIDDLE'));insert into perfume_note(perfume_id,note_id) values (593,(select note_id from note where name='vanilla pod' and type='MIDDLE'));insert into perfume_note(perfume_id,note_id) values (593,(select note_id from note where name='patchouli' and type='BASE'));insert into perfume_note(perfume_id,note_id) values (593,(select note_id from note where name='rose' and type='BASE'));insert into perfume_note(perfume_id,note_id) values (593,(select note_id from note where name='apple' and type='BASE'));insert into perfume(perfume_id,concentration,image,name,price,rating,gender,volume,brand_id) values( '594','EDT','perfumes/594.jfif',"Mont Blanc Legend",3000,'4.8',0,'100.0',(select brand_id from brand where name="MONTBLANC"));insert into perfume_note(perfume_id,note_id) values( 594,(select note_id from note where name='floral' and type='TOP'));insert into perfume_note(perfume_id,note_id) values (594,(select note_id from note where name='amber' and type='MIDDLE'));insert into perfume_note(perfume_id,note_id) values (594,(select note_id from note where name='vanilla' and type='MIDDLE'));insert into perfume_note(perfume_id,note_id) values (594,(select note_id from note where name='geranium' and type='BASE'));insert into perfume_note(perfume_id,note_id) values (594,(select note_id from note where name='ylangylan' and type='BASE'));insert into perfume_note(perfume_id,note_id) values (594,(select note_id from note where name='jasmine' and type='BASE'));insert into perfume_note(perfume_id,note_id) values (594,(select note_id from note where name='neroli' and type='BASE'));insert into perfume(perfume_id,concentration,image,name,price,rating,gender,volume,brand_id) values( '595','EDT','perfumes/595.jfif',"Schlesser Essential",3000,'4.3',0,'100.0',(select brand_id from brand where name="ANGEL SCHLESSER"));insert into perfume_note(perfume_id,note_id) values( 595,(select note_id from note where name='fruity' and type='TOP'));insert into perfume_note(perfume_id,note_id) values (595,(select note_id from note where name='cedar' and type='MIDDLE'));insert into perfume_note(perfume_id,note_id) values (595,(select note_id from note where name='leather' and type='MIDDLE'));insert into perfume_note(perfume_id,note_id) values (595,(select note_id from note where name='tonka bean' and type='MIDDLE'));insert into perfume_note(perfume_id,note_id) values (595,(select note_id from note where name='musk' and type='MIDDLE'));insert into perfume_note(perfume_id,note_id) values (595,(select note_id from note where name='coffee' and type='BASE'));insert into perfume_note(perfume_id,note_id) values (595,(select note_id from note where name='leaf' and type='BASE'));insert into perfume_note(perfume_id,note_id) values (595,(select note_id from note where name='violet' and type='BASE'));insert into perfume_note(perfume_id,note_id) values (595,(select note_id from note where name='cinnamon' and type='BASE'));insert into perfume(perfume_id,concentration,image,name,price,rating,gender,volume,brand_id) values( '596','EDT','perfumes/596.jfif',"Desire Extreme",3000,'4.9',0,'100.0',(select brand_id from brand where name="Dunhill"));insert into perfume_note(perfume_id,note_id) values( 596,(select note_id from note where name='spicy' and type='TOP'));insert into perfume_note(perfume_id,note_id) values (596,(select note_id from note where name='amber' and type='MIDDLE'));insert into perfume_note(perfume_id,note_id) values (596,(select note_id from note where name='musk' and type='MIDDLE'));insert into perfume_note(perfume_id,note_id) values (596,(select note_id from note where name='evergreen cypress' and type='BASE'));insert into perfume(perfume_id,concentration,image,name,price,rating,gender,volume,brand_id) values( '597','EDT','perfumes/597.jfif',"Flora",3000,'4.5',0,'50.0',(select brand_id from brand where name="GUCCI"));insert into perfume_note(perfume_id,note_id) values( 597,(select note_id from note where name='citrus' and type='TOP'));insert into perfume_note(perfume_id,note_id) values (597,(select note_id from note where name='patchouli' and type='MIDDLE'));insert into perfume_note(perfume_id,note_id) values (597,(select note_id from note where name='gardenia' and type='BASE'));insert into perfume_note(perfume_id,note_id) values (597,(select note_id from note where name='plumeria' and type='BASE'));insert into perfume(perfume_id,concentration,image,name,price,rating,gender,volume,brand_id) values( '598','EDT','perfumes/598.jfif',"Just Different",3000,'5.0',0,'125.0',(select brand_id from brand where name="HUGO BOSS"));insert into perfume_note(perfume_id,note_id) values( 598,(select note_id from note where name='spicy' and type='TOP'));insert into perfume_note(perfume_id,note_id) values (598,(select note_id from note where name='cashmeran' and type='MIDDLE'));insert into perfume_note(perfume_id,note_id) values (598,(select note_id from note where name='fir' and type='MIDDLE'));insert into perfume_note(perfume_id,note_id) values (598,(select note_id from note where name='freesia' and type='BASE'));insert into perfume_note(perfume_id,note_id) values (598,(select note_id from note where name='basil' and type='BASE'));insert into perfume(perfume_id,concentration,image,name,price,rating,gender,volume,brand_id) values( '599','EDP','perfumes/599.jfif',"Alf Laila O Laila",3000,'5.0',0,'60.0',(select brand_id from brand where name="Ajmal"));insert into perfume_note(perfume_id,note_id) values( 599,(select note_id from note where name='woody' and type='TOP'));insert into perfume_note(perfume_id,note_id) values (599,(select note_id from note where name='musky woody' and type='MIDDLE'));insert into perfume_note(perfume_id,note_id) values (599,(select note_id from note where name='floral spicy' and type='BASE'));insert into perfume(perfume_id,concentration,image,name,price,rating,gender,volume,brand_id) values( '600','EDT','perfumes/600.jfif',"Amber",3000,'5.0',0,'100.0',(select brand_id from brand where name="PRADA"));insert into perfume_note(perfume_id,note_id) values( 600,(select note_id from note where name='arabian' and type='TOP'));insert into perfume_note(perfume_id,note_id) values (600,(select note_id from note where name='earthy vetiver' and type='MIDDLE'));insert into perfume_note(perfume_id,note_id) values (600,(select note_id from note where name='orange blossom' and type='MIDDLE'));insert into perfume_note(perfume_id,note_id) values (600,(select note_id from note where name='neroli' and type='MIDDLE'));insert into perfume_note(perfume_id,note_id) values (600,(select note_id from note where name='saffron' and type='MIDDLE'));insert into perfume_note(perfume_id,note_id) values (600,(select note_id from note where name='patchouli' and type='BASE'));insert into perfume_note(perfume_id,note_id) values (600,(select note_id from note where name='lovely vanilla' and type='BASE'));insert into perfume_note(perfume_id,note_id) values (600,(select note_id from note where name='tonka bean' and type='BASE'));insert into perfume(perfume_id,concentration,image,name,price,rating,gender,volume,brand_id) values( '601','EDP','perfumes/601.jfif',"Floral",3000,'5.0',0,'90.0',(select brand_id from brand where name="COACH"));insert into perfume_note(perfume_id,note_id) values( 601,(select note_id from note where name='floral' and type='TOP'));insert into perfume_note(perfume_id,note_id) values (601,(select note_id from note where name='patchouli' and type='MIDDLE'));insert into perfume_note(perfume_id,note_id) values (601,(select note_id from note where name='notes' and type='MIDDLE'));insert into perfume_note(perfume_id,note_id) values (601,(select note_id from note where name='musk' and type='MIDDLE'));insert into perfume_note(perfume_id,note_id) values (601,(select note_id from note where name='woody' and type='MIDDLE'));insert into perfume_note(perfume_id,note_id) values (601,(select note_id from note where name='sambac' and type='BASE'));insert into perfume_note(perfume_id,note_id) values (601,(select note_id from note where name='tea rose' and type='BASE'));insert into perfume_note(perfume_id,note_id) values (601,(select note_id from note where name='gardenia' and type='BASE'));insert into perfume_note(perfume_id,note_id) values (601,(select note_id from note where name='jasmine' and type='BASE'));insert into perfume(perfume_id,concentration,image,name,price,rating,gender,volume,brand_id) values( '602','EDT','perfumes/602.jfif',"Uomo",3000,'4.6',0,'100.0',(select brand_id from brand where name="Roberto Cavalli"));insert into perfume_note(perfume_id,note_id) values( 602,(select note_id from note where name='floral' and type='TOP'));insert into perfume_note(perfume_id,note_id) values (602,(select note_id from note where name='cedar' and type='MIDDLE'));insert into perfume_note(perfume_id,note_id) values (602,(select note_id from note where name='patchouli' and type='MIDDLE'));insert into perfume_note(perfume_id,note_id) values (602,(select note_id from note where name='tonka bean' and type='MIDDLE'));insert into perfume_note(perfume_id,note_id) values (602,(select note_id from note where name='honey' and type='BASE'));insert into perfume_note(perfume_id,note_id) values (602,(select note_id from note where name='lavender' and type='BASE'));insert into perfume(perfume_id,concentration,image,name,price,rating,gender,volume,brand_id) values( '603','EDT','perfumes/603.jfif',"Plus Plus Feminine",3000,'4.4',0,'75.0',(select brand_id from brand where name="DIESEL"));insert into perfume_note(perfume_id,note_id) values( 603,(select note_id from note where name='oriental' and type='TOP'));insert into perfume_note(perfume_id,note_id) values (603,(select note_id from note where name='amber' and type='MIDDLE'));insert into perfume_note(perfume_id,note_id) values (603,(select note_id from note where name='orris' and type='MIDDLE'));insert into perfume_note(perfume_id,note_id) values (603,(select note_id from note where name='root' and type='MIDDLE'));insert into perfume_note(perfume_id,note_id) values (603,(select note_id from note where name='virginia cedar' and type='MIDDLE'));insert into perfume_note(perfume_id,note_id) values (603,(select note_id from note where name='nutmeg' and type='MIDDLE'));insert into perfume_note(perfume_id,note_id) values (603,(select note_id from note where name='vanille' and type='MIDDLE'));insert into perfume_note(perfume_id,note_id) values (603,(select note_id from note where name='sandalwood' and type='MIDDLE'));insert into perfume_note(perfume_id,note_id) values (603,(select note_id from note where name='musk' and type='MIDDLE'));insert into perfume_note(perfume_id,note_id) values (603,(select note_id from note where name='apple' and type='BASE'));insert into perfume_note(perfume_id,note_id) values (603,(select note_id from note where name='jasmine' and type='BASE'));insert into perfume_note(perfume_id,note_id) values (603,(select note_id from note where name='milk' and type='BASE'));insert into perfume_note(perfume_id,note_id) values (603,(select note_id from note where name='orchid' and type='BASE'));insert into perfume_note(perfume_id,note_id) values (603,(select note_id from note where name='lily' and type='BASE'));insert into perfume_note(perfume_id,note_id) values (603,(select note_id from note where name='magnolia' and type='BASE'));insert into perfume_note(perfume_id,note_id) values (603,(select note_id from note where name='big strawberry' and type='BASE'));insert into perfume_note(perfume_id,note_id) values (603,(select note_id from note where name='cherry' and type='BASE'));insert into perfume_note(perfume_id,note_id) values (603,(select note_id from note where name='red' and type='BASE'));insert into perfume_note(perfume_id,note_id) values (603,(select note_id from note where name='coconut' and type='BASE'));insert into perfume(perfume_id,concentration,image,name,price,rating,gender,volume,brand_id) values( '604','EDT','perfumes/604.jfif',"Classic Black",3000,'4.0',0,'100.0',(select brand_id from brand where name="DORALL COLLECTION"));insert into perfume_note(perfume_id,note_id) values( 604,(select note_id from note where name='fresh' and type='TOP'));insert into perfume_note(perfume_id,note_id) values (604,(select note_id from note where name='patchouli' and type='MIDDLE'));insert into perfume_note(perfume_id,note_id) values (604,(select note_id from note where name='cashmere wood' and type='MIDDLE'));insert into perfume_note(perfume_id,note_id) values (604,(select note_id from note where name='chocolate' and type='MIDDLE'));insert into perfume_note(perfume_id,note_id) values (604,(select note_id from note where name='tonka bean' and type='MIDDLE'));insert into perfume_note(perfume_id,note_id) values (604,(select note_id from note where name='verbena' and type='BASE'));insert into perfume_note(perfume_id,note_id) values (604,(select note_id from note where name='lavender' and type='BASE'));insert into perfume_note(perfume_id,note_id) values (604,(select note_id from note where name='basil' and type='BASE'));insert into perfume(perfume_id,concentration,image,name,price,rating,gender,volume,brand_id) values( '605','EDP','perfumes/605.jfif',"Beauty",3000,'5.0',0,'100.0',(select brand_id from brand where name="Calvin Klein"));insert into perfume_note(perfume_id,note_id) values( 605,(select note_id from note where name='floral' and type='TOP'));insert into perfume_note(perfume_id,note_id) values (605,(select note_id from note where name='amber' and type='MIDDLE'));insert into perfume_note(perfume_id,note_id) values (605,(select note_id from note where name='sandalwood' and type='MIDDLE'));insert into perfume_note(perfume_id,note_id) values (605,(select note_id from note where name='vanilla' and type='MIDDLE'));insert into perfume_note(perfume_id,note_id) values (605,(select note_id from note where name='wood' and type='MIDDLE'));insert into perfume_note(perfume_id,note_id) values (605,(select note_id from note where name='musk' and type='MIDDLE'));insert into perfume_note(perfume_id,note_id) values (605,(select note_id from note where name='guaiac' and type='MIDDLE'));insert into perfume_note(perfume_id,note_id) values (605,(select note_id from note where name='pepper' and type='BASE'));insert into perfume_note(perfume_id,note_id) values (605,(select note_id from note where name='cardamom' and type='BASE'));insert into perfume_note(perfume_id,note_id) values (605,(select note_id from note where name='flowers' and type='BASE'));insert into perfume(perfume_id,concentration,image,name,price,rating,gender,volume,brand_id) values( '606','EDT','perfumes/606.jfif',"Emblem ED",3000,'4.8',0,'5.0',(select brand_id from brand where name="MONTBLANC"));insert into perfume_note(perfume_id,note_id) values( 606,(select note_id from note where name='spicy' and type='TOP'));insert into perfume_note(perfume_id,note_id) values (606,(select note_id from note where name='tonka bean' and type='MIDDLE'));insert into perfume_note(perfume_id,note_id) values (606,(select note_id from note where name='woodsy' and type='MIDDLE'));insert into perfume_note(perfume_id,note_id) values (606,(select note_id from note where name='violet leaf' and type='BASE'));insert into perfume_note(perfume_id,note_id) values (606,(select note_id from note where name='cinnamon' and type='BASE'));insert into perfume(perfume_id,concentration,image,name,price,rating,gender,volume,brand_id) values( '607','EDP','perfumes/607.jfif',"212 Sexy",3000,'4.7',0,'100.0',(select brand_id from brand where name="CAROLINA HERRERA"));insert into perfume_note(perfume_id,note_id) values( 607,(select note_id from note where name='floral' and type='TOP'));insert into perfume_note(perfume_id,note_id) values (607,(select note_id from note where name='sandalwood' and type='MIDDLE'));insert into perfume_note(perfume_id,note_id) values (607,(select note_id from note where name='vanilla' and type='MIDDLE'));insert into perfume_note(perfume_id,note_id) values (607,(select note_id from note where name='cotton candy' and type='MIDDLE'));insert into perfume_note(perfume_id,note_id) values (607,(select note_id from note where name='musk' and type='MIDDLE'));insert into perfume_note(perfume_id,note_id) values (607,(select note_id from note where name='geranium' and type='BASE'));insert into perfume_note(perfume_id,note_id) values (607,(select note_id from note where name='gardenia' and type='BASE'));insert into perfume(perfume_id,concentration,image,name,price,rating,gender,volume,brand_id) values( '608','EDT','perfumes/608.jfif',"Brit Rhythm",3000,'4.0',0,'90.0',(select brand_id from brand where name="BURBERRY"));insert into perfume_note(perfume_id,note_id) values( 608,(select note_id from note where name='woody' and type='TOP'));insert into perfume_note(perfume_id,note_id) values (608,(select note_id from note where name='cedarwood' and type='MIDDLE'));insert into perfume_note(perfume_id,note_id) values (608,(select note_id from note where name='bean' and type='MIDDLE'));insert into perfume_note(perfume_id,note_id) values (608,(select note_id from note where name='tonka' and type='MIDDLE'));insert into perfume_note(perfume_id,note_id) values (608,(select note_id from note where name='patchouli' and type='BASE'));insert into perfume_note(perfume_id,note_id) values (608,(select note_id from note where name='black leather' and type='BASE'));insert into perfume_note(perfume_id,note_id) values (608,(select note_id from note where name='styrax' and type='BASE'));insert into perfume(perfume_id,concentration,image,name,price,rating,gender,volume,brand_id) values( '609','EDP','perfumes/609.jfif',"Oxygene",3000,'4.3',0,'75.0',(select brand_id from brand where name="LANVIN"));insert into perfume_note(perfume_id,note_id) values( 609,(select note_id from note where name='floral' and type='TOP'));insert into perfume_note(perfume_id,note_id) values (609,(select note_id from note where name='white' and type='MIDDLE'));insert into perfume_note(perfume_id,note_id) values (609,(select note_id from note where name='sandalwood' and type='MIDDLE'));insert into perfume_note(perfume_id,note_id) values (609,(select note_id from note where name='musk' and type='MIDDLE'));insert into perfume_note(perfume_id,note_id) values (609,(select note_id from note where name='rose' and type='BASE'));insert into perfume_note(perfume_id,note_id) values (609,(select note_id from note where name='milk' and type='BASE'));insert into perfume_note(perfume_id,note_id) values (609,(select note_id from note where name='gardenia' and type='BASE'));insert into perfume(perfume_id,concentration,image,name,price,rating,gender,volume,brand_id) values( '610','EDT','perfumes/610.jfif',"Boss",3000,'4.7',0,'100.0',(select brand_id from brand where name="HUGO BOSS"));insert into perfume_note(perfume_id,note_id) values( 610,(select note_id from note where name='woody' and type='TOP'));insert into perfume_note(perfume_id,note_id) values (610,(select note_id from note where name='vetiver' and type='MIDDLE'));insert into perfume_note(perfume_id,note_id) values (610,(select note_id from note where name='cedarwood' and type='MIDDLE'));insert into perfume_note(perfume_id,note_id) values (610,(select note_id from note where name='sandalwood' and type='MIDDLE'));insert into perfume_note(perfume_id,note_id) values (610,(select note_id from note where name='vanilla' and type='MIDDLE'));insert into perfume_note(perfume_id,note_id) values (610,(select note_id from note where name='geranium' and type='BASE'));insert into perfume_note(perfume_id,note_id) values (610,(select note_id from note where name='cloves' and type='BASE'));insert into perfume_note(perfume_id,note_id) values (610,(select note_id from note where name='cinnamon' and type='BASE'));insert into perfume(perfume_id,concentration,image,name,price,rating,gender,volume,brand_id) values( '611','EDT','perfumes/611.jfif',"Love Touch Body Sp",3000,'5.0',0,'125.0',(select brand_id from brand where name="Sedr Al-Khaleej Perfumes"));insert into perfume_note(perfume_id,note_id) values( 611,(select note_id from note where name='floral' and type='TOP'));insert into perfume_note(perfume_id,note_id) values (611,(select note_id from note where name='leather' and type='MIDDLE'));insert into perfume_note(perfume_id,note_id) values (611,(select note_id from note where name='musk' and type='MIDDLE'));insert into perfume_note(perfume_id,note_id) values (611,(select note_id from note where name='rose' and type='BASE'));insert into perfume_note(perfume_id,note_id) values (611,(select note_id from note where name='tiare flower' and type='BASE'));insert into perfume(perfume_id,concentration,image,name,price,rating,gender,volume,brand_id) values( '612','EDT','perfumes/612.jfif',"Essence Pure",3000,'5.0',0,'100.0',(select brand_id from brand where name="S.T.Dupont"));insert into perfume_note(perfume_id,note_id) values( 612,(select note_id from note where name='citrus' and type='TOP'));insert into perfume_note(perfume_id,note_id) values (612,(select note_id from note where name='cedar' and type='MIDDLE'));insert into perfume_note(perfume_id,note_id) values (612,(select note_id from note where name='amber' and type='MIDDLE'));insert into perfume_note(perfume_id,note_id) values (612,(select note_id from note where name='cypress' and type='MIDDLE'));insert into perfume_note(perfume_id,note_id) values (612,(select note_id from note where name='musk' and type='MIDDLE'));insert into perfume_note(perfume_id,note_id) values (612,(select note_id from note where name='lavender' and type='BASE'));insert into perfume_note(perfume_id,note_id) values (612,(select note_id from note where name='bamboo' and type='BASE'));insert into perfume_note(perfume_id,note_id) values (612,(select note_id from note where name='iris' and type='BASE'));insert into perfume(perfume_id,concentration,image,name,price,rating,gender,volume,brand_id) values( '613','EDP','perfumes/613.jfif',"London Burberry",3000,'4.9',0,'25.0',(select brand_id from brand where name="Genie"));insert into perfume_note(perfume_id,note_id) values( 613,(select note_id from note where name='floral' and type='TOP'));insert into perfume_note(perfume_id,note_id) values (613,(select note_id from note where name='wood' and type='MIDDLE'));insert into perfume_note(perfume_id,note_id) values (613,(select note_id from note where name='musk' and type='MIDDLE'));insert into perfume_note(perfume_id,note_id) values (613,(select note_id from note where name='tiare' and type='BASE'));insert into perfume_note(perfume_id,note_id) values (613,(select note_id from note where name='peony' and type='BASE'));insert into perfume_note(perfume_id,note_id) values (613,(select note_id from note where name='flower' and type='BASE'));insert into perfume_note(perfume_id,note_id) values (613,(select note_id from note where name='jasmine' and type='BASE'));insert into perfume_note(perfume_id,note_id) values (613,(select note_id from note where name='soft' and type='BASE'));insert into perfume(perfume_id,concentration,image,name,price,rating,gender,volume,brand_id) values( '614','EDT','perfumes/614.jfif',"212 Vip",3000,'5.0',0,'100.0',(select brand_id from brand where name="CAROLINA HERRERA"));insert into perfume_note(perfume_id,note_id) values( 614,(select note_id from note where name='vanilla' and type='TOP'));insert into perfume_note(perfume_id,note_id) values (614,(select note_id from note where name='salty' and type='MIDDLE'));insert into perfume_note(perfume_id,note_id) values (614,(select note_id from note where name='amber' and type='MIDDLE'));insert into perfume_note(perfume_id,note_id) values (614,(select note_id from note where name='king wood' and type='MIDDLE'));insert into perfume_note(perfume_id,note_id) values (614,(select note_id from note where name='beans' and type='MIDDLE'));insert into perfume_note(perfume_id,note_id) values (614,(select note_id from note where name='tonka' and type='MIDDLE'));insert into perfume_note(perfume_id,note_id) values (614,(select note_id from note where name='apple' and type='BASE'));insert into perfume_note(perfume_id,note_id) values (614,(select note_id from note where name='slice' and type='BASE'));insert into perfume_note(perfume_id,note_id) values (614,(select note_id from note where name='hot' and type='BASE'));insert into perfume_note(perfume_id,note_id) values (614,(select note_id from note where name='chilled vodka' and type='BASE'));insert into perfume_note(perfume_id,note_id) values (614,(select note_id from note where name='ginger' and type='BASE'));insert into perfume(perfume_id,concentration,image,name,price,rating,gender,volume,brand_id) values( '615','EDT','perfumes/615.jfif',"Bottled Night",3000,'4.5',0,'100.0',(select brand_id from brand where name="HUGO BOSS"));insert into perfume_note(perfume_id,note_id) values( 615,(select note_id from note where name='woody' and type='TOP'));insert into perfume_note(perfume_id,note_id) values (615,(select note_id from note where name='sandalwood' and type='MIDDLE'));insert into perfume_note(perfume_id,note_id) values (615,(select note_id from note where name='louro amarelo wood' and type='MIDDLE'));insert into perfume_note(perfume_id,note_id) values (615,(select note_id from note where name='musky' and type='MIDDLE'));insert into perfume_note(perfume_id,note_id) values (615,(select note_id from note where name='notes' and type='MIDDLE'));insert into perfume_note(perfume_id,note_id) values (615,(select note_id from note where name='cardamom' and type='BASE'));insert into perfume_note(perfume_id,note_id) values (615,(select note_id from note where name='jasmine' and type='BASE'));insert into perfume_note(perfume_id,note_id) values (615,(select note_id from note where name='african' and type='BASE'));insert into perfume_note(perfume_id,note_id) values (615,(select note_id from note where name='violet' and type='BASE'));insert into perfume(perfume_id,concentration,image,name,price,rating,gender,volume,brand_id) values( '616','EDT','perfumes/616.jfif',"Tool Box",3000,'5.0',0,'100.0',(select brand_id from brand where name="Emper"));insert into perfume_note(perfume_id,note_id) values( 616,(select note_id from note where name='oriental' and type='TOP'));insert into perfume_note(perfume_id,note_id) values (616,(select note_id from note where name='geranium' and type='MIDDLE'));insert into perfume_note(perfume_id,note_id) values (616,(select note_id from note where name='amber' and type='MIDDLE'));insert into perfume_note(perfume_id,note_id) values (616,(select note_id from note where name='white musks' and type='MIDDLE'));insert into perfume_note(perfume_id,note_id) values (616,(select note_id from note where name='patchouli' and type='BASE'));insert into perfume_note(perfume_id,note_id) values (616,(select note_id from note where name='lavender' and type='BASE'));insert into perfume_note(perfume_id,note_id) values (616,(select note_id from note where name='vetiver' and type='BASE'));insert into perfume(perfume_id,concentration,image,name,price,rating,gender,volume,brand_id) values( '617','EDP','perfumes/617.jfif',"Zen",3000,'5.0',0,'100.0',(select brand_id from brand where name="Shiseido"));insert into perfume_note(perfume_id,note_id) values( 617,(select note_id from note where name='floral' and type='TOP'));insert into perfume_note(perfume_id,note_id) values (617,(select note_id from note where name='cedarwood' and type='MIDDLE'));insert into perfume_note(perfume_id,note_id) values (617,(select note_id from note where name='amber' and type='MIDDLE'));insert into perfume_note(perfume_id,note_id) values (617,(select note_id from note where name='incense' and type='MIDDLE'));insert into perfume_note(perfume_id,note_id) values (617,(select note_id from note where name='white musk' and type='MIDDLE'));insert into perfume_note(perfume_id,note_id) values (617,(select note_id from note where name='skin musk' and type='MIDDLE'));insert into perfume_note(perfume_id,note_id) values (617,(select note_id from note where name='marine' and type='MIDDLE'));insert into perfume_note(perfume_id,note_id) values (617,(select note_id from note where name='patchouli' and type='MIDDLE'));insert into perfume_note(perfume_id,note_id) values (617,(select note_id from note where name='red apple' and type='BASE'));insert into perfume_note(perfume_id,note_id) values (617,(select note_id from note where name='valley' and type='BASE'));insert into perfume_note(perfume_id,note_id) values (617,(select note_id from note where name='gardenia' and type='BASE'));insert into perfume_note(perfume_id,note_id) values (617,(select note_id from note where name='the' and type='BASE'));insert into perfume_note(perfume_id,note_id) values (617,(select note_id from note where name='chinese' and type='BASE'));insert into perfume_note(perfume_id,note_id) values (617,(select note_id from note where name='rose' and type='BASE'));insert into perfume_note(perfume_id,note_id) values (617,(select note_id from note where name='flower' and type='BASE'));insert into perfume_note(perfume_id,note_id) values (617,(select note_id from note where name='lily' and type='BASE'));insert into perfume_note(perfume_id,note_id) values (617,(select note_id from note where name='violet' and type='BASE'));insert into perfume_note(perfume_id,note_id) values (617,(select note_id from note where name='lotus' and type='BASE'));insert into perfume_note(perfume_id,note_id) values (617,(select note_id from note where name='freesia' and type='BASE'));insert into perfume_note(perfume_id,note_id) values (617,(select note_id from note where name='hyacinth' and type='BASE'));insert into perfume(perfume_id,concentration,image,name,price,rating,gender,volume,brand_id) values( '618','EDP','perfumes/618.jfif',"Viva La Juicy",3000,'4.7',0,'100.0',(select brand_id from brand where name="Juicy Couture"));insert into perfume_note(perfume_id,note_id) values( 618,(select note_id from note where name='floral' and type='TOP'));insert into perfume_note(perfume_id,note_id) values (618,(select note_id from note where name='amber' and type='MIDDLE'));insert into perfume_note(perfume_id,note_id) values (618,(select note_id from note where name='caramel' and type='MIDDLE'));insert into perfume_note(perfume_id,note_id) values (618,(select note_id from note where name='praline' and type='MIDDLE'));insert into perfume_note(perfume_id,note_id) values (618,(select note_id from note where name='sandalwood' and type='MIDDLE'));insert into perfume_note(perfume_id,note_id) values (618,(select note_id from note where name='vanilla' and type='MIDDLE'));insert into perfume_note(perfume_id,note_id) values (618,(select note_id from note where name='honeysuckle' and type='BASE'));insert into perfume_note(perfume_id,note_id) values (618,(select note_id from note where name='jasmine' and type='BASE'));insert into perfume_note(perfume_id,note_id) values (618,(select note_id from note where name='gardenia' and type='BASE'));insert into perfume(perfume_id,concentration,image,name,price,rating,gender,volume,brand_id) values( '619','EDP','perfumes/619.jfif',"212 S**Y",3000,'5.0',0,'100.0',(select brand_id from brand where name="CAROLINA HERRERA"));insert into perfume_note(perfume_id,note_id) values( 619,(select note_id from note where name='floral' and type='TOP'));insert into perfume_note(perfume_id,note_id) values (619,(select note_id from note where name='gardenia' and type='MIDDLE'));insert into perfume_note(perfume_id,note_id) values (619,(select note_id from note where name='flowers' and type='MIDDLE'));insert into perfume_note(perfume_id,note_id) values (619,(select note_id from note where name='cotton candy' and type='MIDDLE'));insert into perfume_note(perfume_id,note_id) values (619,(select note_id from note where name='bergamot' and type='MIDDLE'));insert into perfume_note(perfume_id,note_id) values (619,(select note_id from note where name='pelargonium' and type='MIDDLE'));insert into perfume_note(perfume_id,note_id) values (619,(select note_id from note where name='flowers' and type='BASE'));insert into perfume_note(perfume_id,note_id) values (619,(select note_id from note where name='cotton candy' and type='BASE'));insert into perfume_note(perfume_id,note_id) values (619,(select note_id from note where name='pelargonium' and type='BASE'));insert into perfume(perfume_id,concentration,image,name,price,rating,gender,volume,brand_id) values( '620','Oil','perfumes/620.jfif',"Eghra Perfume",3000,'4.0',0,'9.0',(select brand_id from brand where name="Sedr Al-Khaleej Perfumes"));insert into perfume_note(perfume_id,note_id) values( 620,(select note_id from note where name='floral' and type='TOP'));insert into perfume_note(perfume_id,note_id) values (620,(select note_id from note where name='balsamic' and type='MIDDLE'));insert into perfume_note(perfume_id,note_id) values (620,(select note_id from note where name='amber' and type='MIDDLE'));insert into perfume_note(perfume_id,note_id) values (620,(select note_id from note where name='jasmine' and type='MIDDLE'));insert into perfume_note(perfume_id,note_id) values (620,(select note_id from note where name='incense' and type='BASE'));insert into perfume_note(perfume_id,note_id) values (620,(select note_id from note where name='fruity' and type='BASE'));insert into perfume_note(perfume_id,note_id) values (620,(select note_id from note where name='woody' and type='BASE'));insert into perfume(perfume_id,concentration,image,name,price,rating,gender,volume,brand_id) values( '621','EDP','perfumes/621.jfif',"Floral",3000,'4.6',0,'90.0',(select brand_id from brand where name="COACH"));insert into perfume_note(perfume_id,note_id) values( 621,(select note_id from note where name='floral' and type='TOP'));insert into perfume_note(perfume_id,note_id) values (621,(select note_id from note where name='sandalwood' and type='MIDDLE'));insert into perfume_note(perfume_id,note_id) values (621,(select note_id from note where name='vanilla' and type='MIDDLE'));insert into perfume_note(perfume_id,note_id) values (621,(select note_id from note where name='notes' and type='MIDDLE'));insert into perfume_note(perfume_id,note_id) values (621,(select note_id from note where name='musk' and type='MIDDLE'));insert into perfume_note(perfume_id,note_id) values (621,(select note_id from note where name='patchouli' and type='MIDDLE'));insert into perfume_note(perfume_id,note_id) values (621,(select note_id from note where name='woody' and type='MIDDLE'));insert into perfume_note(perfume_id,note_id) values (621,(select note_id from note where name='gardenia' and type='BASE'));insert into perfume_note(perfume_id,note_id) values (621,(select note_id from note where name='rose' and type='BASE'));insert into perfume_note(perfume_id,note_id) values (621,(select note_id from note where name='jasmine' and type='BASE'));insert into perfume_note(perfume_id,note_id) values (621,(select note_id from note where name='sambac' and type='BASE'));insert into perfume_note(perfume_id,note_id) values (621,(select note_id from note where name='hedione' and type='BASE'));insert into perfume_note(perfume_id,note_id) values (621,(select note_id from note where name='tea' and type='BASE'));insert into perfume(perfume_id,concentration,image,name,price,rating,gender,volume,brand_id) values( '622','EDP','perfumes/622.jfif',"Lady Emblem",3000,'5.0',0,'75.0',(select brand_id from brand where name="MONTBLANC"));insert into perfume_note(perfume_id,note_id) values( 622,(select note_id from note where name='floral' and type='TOP'));insert into perfume_note(perfume_id,note_id) values (622,(select note_id from note where name='raspberry' and type='MIDDLE'));insert into perfume_note(perfume_id,note_id) values (622,(select note_id from note where name='musk' and type='MIDDLE'));insert into perfume_note(perfume_id,note_id) values (622,(select note_id from note where name='patchouli' and type='BASE'));insert into perfume_note(perfume_id,note_id) values (622,(select note_id from note where name='sandalwood' and type='BASE'));insert into perfume_note(perfume_id,note_id) values (622,(select note_id from note where name='rosewood' and type='BASE'));insert into perfume(perfume_id,concentration,image,name,price,rating,gender,volume,brand_id) values( '623','EDP','perfumes/623.jfif',"Still",3000,'4.8',0,'100.0',(select brand_id from brand where name="jennifer lopez"));insert into perfume_note(perfume_id,note_id) values( 623,(select note_id from note where name='floral' and type='TOP'));insert into perfume_note(perfume_id,note_id) values (623,(select note_id from note where name='sandalwood' and type='MIDDLE'));insert into perfume_note(perfume_id,note_id) values (623,(select note_id from note where name='amber' and type='MIDDLE'));insert into perfume_note(perfume_id,note_id) values (623,(select note_id from note where name='orris' and type='MIDDLE'));insert into perfume_note(perfume_id,note_id) values (623,(select note_id from note where name='honeysuckle' and type='BASE'));insert into perfume_note(perfume_id,note_id) values (623,(select note_id from note where name='pink freesia' and type='BASE'));insert into perfume_note(perfume_id,note_id) values (623,(select note_id from note where name='orange tree blossom' and type='BASE'));insert into perfume(perfume_id,concentration,image,name,price,rating,gender,volume,brand_id) values( '624','EDP','perfumes/624.jfif',"Black Orchid",3000,'5.0',0,'50.0',(select brand_id from brand where name="TOM FORD"));insert into perfume_note(perfume_id,note_id) values( 624,(select note_id from note where name='spicy' and type='TOP'));insert into perfume_note(perfume_id,note_id) values (624,(select note_id from note where name='incense' and type='MIDDLE'));insert into perfume_note(perfume_id,note_id) values (624,(select note_id from note where name='vetiver' and type='MIDDLE'));insert into perfume_note(perfume_id,note_id) values (624,(select note_id from note where name='sandalwood' and type='MIDDLE'));insert into perfume_note(perfume_id,note_id) values (624,(select note_id from note where name='vanilla' and type='MIDDLE'));insert into perfume_note(perfume_id,note_id) values (624,(select note_id from note where name='patchouli' and type='MIDDLE'));insert into perfume_note(perfume_id,note_id) values (624,(select note_id from note where name='lotus' and type='MIDDLE'));insert into perfume_note(perfume_id,note_id) values (624,(select note_id from note where name='black orchid' and type='BASE'));insert into perfume_note(perfume_id,note_id) values (624,(select note_id from note where name='fruity notes' and type='BASE'));insert into perfume_note(perfume_id,note_id) values (624,(select note_id from note where name='tuberose' and type='BASE'));insert into perfume(perfume_id,concentration,image,name,price,rating,gender,volume,brand_id) values( '625','EDP','perfumes/625.jfif',"Pour Femme",3000,'5.0',0,'100.0',(select brand_id from brand where name="Dolce & Gabbana"));insert into perfume_note(perfume_id,note_id) values( 625,(select note_id from note where name='floral' and type='TOP'));insert into perfume_note(perfume_id,note_id) values (625,(select note_id from note where name='marshmallow' and type='MIDDLE'));insert into perfume_note(perfume_id,note_id) values (625,(select note_id from note where name='sandalwood' and type='MIDDLE'));insert into perfume_note(perfume_id,note_id) values (625,(select note_id from note where name='vanilla' and type='MIDDLE'));insert into perfume_note(perfume_id,note_id) values (625,(select note_id from note where name='blossom' and type='BASE'));insert into perfume_note(perfume_id,note_id) values (625,(select note_id from note where name='jasmine' and type='BASE'));insert into perfume_note(perfume_id,note_id) values (625,(select note_id from note where name='orange' and type='BASE'));insert into perfume(perfume_id,concentration,image,name,price,rating,gender,volume,brand_id) values( '626','EDP','perfumes/626.jfif',"Pure Musc",3000,'5.0',0,'100.0',(select brand_id from brand where name="NARCISO RODRIGUEZ"));insert into perfume_note(perfume_id,note_id) values( 626,(select note_id from note where name='floral' and type='TOP'));insert into perfume_note(perfume_id,note_id) values (626,(select note_id from note where name='cashmeran' and type='MIDDLE'));insert into perfume_note(perfume_id,note_id) values (626,(select note_id from note where name='flower' and type='BASE'));insert into perfume(perfume_id,concentration,image,name,price,rating,gender,volume,brand_id) values( '627','EDT','perfumes/627.jfif',"Boss Bottled Man Of Today",3000,'4.1',0,'100.0',(select brand_id from brand where name="HUGO BOSS"));insert into perfume_note(perfume_id,note_id) values( 627,(select note_id from note where name='woody' and type='TOP'));insert into perfume_note(perfume_id,note_id) values (627,(select note_id from note where name='cedarwood' and type='MIDDLE'));insert into perfume_note(perfume_id,note_id) values (627,(select note_id from note where name='vetiver' and type='MIDDLE'));insert into perfume_note(perfume_id,note_id) values (627,(select note_id from note where name='sandalwood' and type='MIDDLE'));insert into perfume_note(perfume_id,note_id) values (627,(select note_id from note where name='vanilla' and type='MIDDLE'));insert into perfume_note(perfume_id,note_id) values (627,(select note_id from note where name='amberlikenotes' and type='MIDDLE'));insert into perfume_note(perfume_id,note_id) values (627,(select note_id from note where name='musklikenotes' and type='MIDDLE'));insert into perfume_note(perfume_id,note_id) values (627,(select note_id from note where name='olivewood' and type='MIDDLE'));insert into perfume_note(perfume_id,note_id) values (627,(select note_id from note where name='geranium' and type='BASE'));insert into perfume_note(perfume_id,note_id) values (627,(select note_id from note where name='cloves' and type='BASE'));insert into perfume_note(perfume_id,note_id) values (627,(select note_id from note where name='cinnamon' and type='BASE'));insert into perfume(perfume_id,concentration,image,name,price,rating,gender,volume,brand_id) values( '628','EDT','perfumes/628.jfif',"Flora",3000,'5.0',0,'75.0',(select brand_id from brand where name="GUCCI"));insert into perfume_note(perfume_id,note_id) values( 628,(select note_id from note where name='citrus' and type='TOP'));insert into perfume_note(perfume_id,note_id) values (628,(select note_id from note where name='patchouli' and type='MIDDLE'));insert into perfume_note(perfume_id,note_id) values (628,(select note_id from note where name='sandalwood' and type='MIDDLE'));insert into perfume_note(perfume_id,note_id) values (628,(select note_id from note where name='rose' and type='BASE'));insert into perfume_note(perfume_id,note_id) values (628,(select note_id from note where name='osmanthus' and type='BASE'));insert into perfume(perfume_id,concentration,image,name,price,rating,gender,volume,brand_id) values( '629','EDT','perfumes/629.jfif',"The One",3000,'4.3',0,'100.0',(select brand_id from brand where name="Dolce & Gabbana"));insert into perfume_note(perfume_id,note_id) values( 629,(select note_id from note where name='spicy' and type='TOP'));insert into perfume_note(perfume_id,note_id) values (629,(select note_id from note where name='cedar' and type='MIDDLE'));insert into perfume_note(perfume_id,note_id) values (629,(select note_id from note where name='amber' and type='MIDDLE'));insert into perfume_note(perfume_id,note_id) values (629,(select note_id from note where name='toacco' and type='MIDDLE'));insert into perfume_note(perfume_id,note_id) values (629,(select note_id from note where name='cardamom' and type='BASE'));insert into perfume_note(perfume_id,note_id) values (629,(select note_id from note where name='orange blossom' and type='BASE'));insert into perfume_note(perfume_id,note_id) values (629,(select note_id from note where name='ginger' and type='BASE'));insert into perfume(perfume_id,concentration,image,name,price,rating,gender,volume,brand_id) values( '630','EDP','perfumes/630.jfif',"Beauty",3000,'5.0',0,'100.0',(select brand_id from brand where name="Calvin Klein"));insert into perfume_note(perfume_id,note_id) values( 630,(select note_id from note where name='floral' and type='TOP'));insert into perfume_note(perfume_id,note_id) values (630,(select note_id from note where name='virginia cedar' and type='MIDDLE'));insert into perfume_note(perfume_id,note_id) values (630,(select note_id from note where name='jasmine' and type='BASE'));insert into perfume(perfume_id,concentration,image,name,price,rating,gender,volume,brand_id) values( '631','EDP','perfumes/631.jfif',"Good Girl",3000,'4.6',0,'50.0',(select brand_id from brand where name="CAROLINA HERRERA"));insert into perfume_note(perfume_id,note_id) values( 631,(select note_id from note where name='arabian' and type='TOP'));insert into perfume_note(perfume_id,note_id) values (631,(select note_id from note where name='amber' and type='MIDDLE'));insert into perfume_note(perfume_id,note_id) values (631,(select note_id from note where name='cashmere wood' and type='MIDDLE'));insert into perfume_note(perfume_id,note_id) values (631,(select note_id from note where name='praline' and type='MIDDLE'));insert into perfume_note(perfume_id,note_id) values (631,(select note_id from note where name='cinnamon' and type='MIDDLE'));insert into perfume_note(perfume_id,note_id) values (631,(select note_id from note where name='cacao' and type='MIDDLE'));insert into perfume_note(perfume_id,note_id) values (631,(select note_id from note where name='cedar' and type='MIDDLE'));insert into perfume_note(perfume_id,note_id) values (631,(select note_id from note where name='sandalwood' and type='MIDDLE'));insert into perfume_note(perfume_id,note_id) values (631,(select note_id from note where name='vanilla' and type='MIDDLE'));insert into perfume_note(perfume_id,note_id) values (631,(select note_id from note where name='musk' and type='MIDDLE'));insert into perfume_note(perfume_id,note_id) values (631,(select note_id from note where name='patchouli' and type='MIDDLE'));insert into perfume_note(perfume_id,note_id) values (631,(select note_id from note where name='tonka bean' and type='MIDDLE'));insert into perfume_note(perfume_id,note_id) values (631,(select note_id from note where name='orris' and type='BASE'));insert into perfume_note(perfume_id,note_id) values (631,(select note_id from note where name='jasmine sambac' and type='BASE'));insert into perfume_note(perfume_id,note_id) values (631,(select note_id from note where name='tuberose' and type='BASE'));insert into perfume_note(perfume_id,note_id) values (631,(select note_id from note where name='orange blossom' and type='BASE'));insert into perfume_note(perfume_id,note_id) values (631,(select note_id from note where name='bulgarian rose' and type='BASE'));insert into perfume(perfume_id,concentration,image,name,price,rating,gender,volume,brand_id) values( '632','EDT','perfumes/632.jfif',"Versace Pour Homme",3000,'4.7',0,'100.0',(select brand_id from brand where name="VERSACE"));insert into perfume_note(perfume_id,note_id) values( 632,(select note_id from note where name='fresh' and type='TOP'));insert into perfume_note(perfume_id,note_id) values (632,(select note_id from note where name='beans' and type='MIDDLE'));insert into perfume_note(perfume_id,note_id) values (632,(select note_id from note where name='amber' and type='MIDDLE'));insert into perfume_note(perfume_id,note_id) values (632,(select note_id from note where name='musk' and type='MIDDLE'));insert into perfume_note(perfume_id,note_id) values (632,(select note_id from note where name='tonka' and type='MIDDLE'));insert into perfume_note(perfume_id,note_id) values (632,(select note_id from note where name='blue' and type='BASE'));insert into perfume_note(perfume_id,note_id) values (632,(select note_id from note where name='sage' and type='BASE'));insert into perfume_note(perfume_id,note_id) values (632,(select note_id from note where name='clary' and type='BASE'));insert into perfume_note(perfume_id,note_id) values (632,(select note_id from note where name='geranium' and type='BASE'));insert into perfume_note(perfume_id,note_id) values (632,(select note_id from note where name='hyacinth' and type='BASE'));insert into perfume(perfume_id,concentration,image,name,price,rating,gender,volume,brand_id) values( '633','EDT','perfumes/633.jfif',"Chance Eau Tendre",3000,'3.5',0,'100.0',(select brand_id from brand where name="CHANEL"));insert into perfume_note(perfume_id,note_id) values( 633,(select note_id from note where name='floral' and type='TOP'));insert into perfume_note(perfume_id,note_id) values (633,(select note_id from note where name='cedar' and type='MIDDLE'));insert into perfume_note(perfume_id,note_id) values (633,(select note_id from note where name='amber' and type='MIDDLE'));insert into perfume_note(perfume_id,note_id) values (633,(select note_id from note where name='musk' and type='MIDDLE'));insert into perfume_note(perfume_id,note_id) values (633,(select note_id from note where name='jasmine' and type='BASE'));insert into perfume_note(perfume_id,note_id) values (633,(select note_id from note where name='hyacinth' and type='BASE'));insert into perfume_note(perfume_id,note_id) values (633,(select note_id from note where name='iris' and type='BASE'));insert into perfume(perfume_id,concentration,image,name,price,rating,gender,volume,brand_id) values( '634','EDP','perfumes/634.jfif',"Wisal",3000,'5.0',0,'50.0',(select brand_id from brand where name="Ajmal"));insert into perfume_note(perfume_id,note_id) values( 634,(select note_id from note where name='floral' and type='TOP'));insert into perfume_note(perfume_id,note_id) values (634,(select note_id from note where name='musky' and type='MIDDLE'));insert into perfume_note(perfume_id,note_id) values (634,(select note_id from note where name='floral' and type='MIDDLE'));insert into perfume_note(perfume_id,note_id) values (634,(select note_id from note where name='spicy' and type='BASE'));insert into perfume_note(perfume_id,note_id) values (634,(select note_id from note where name='floral' and type='BASE'));insert into perfume(perfume_id,concentration,image,name,price,rating,gender,volume,brand_id) values( '635','EDP','perfumes/635.jfif',"212 Wild Party",3000,'4.5',0,'80.0',(select brand_id from brand where name="CAROLINA HERRERA"));insert into perfume_note(perfume_id,note_id) values( 635,(select note_id from note where name='floral' and type='TOP'));insert into perfume_note(perfume_id,note_id) values (635,(select note_id from note where name='musk' and type='MIDDLE'));insert into perfume_note(perfume_id,note_id) values (635,(select note_id from note where name='woody accord' and type='MIDDLE'));insert into perfume_note(perfume_id,note_id) values (635,(select note_id from note where name='orange blossom' and type='BASE'));insert into perfume_note(perfume_id,note_id) values (635,(select note_id from note where name='sun rose' and type='BASE'));insert into perfume_note(perfume_id,note_id) values (635,(select note_id from note where name='orchid' and type='BASE'));insert into perfume(perfume_id,concentration,image,name,price,rating,gender,volume,brand_id) values( '636','EDP','perfumes/636.jfif',"Modern Muse Chic",3000,'4.5',0,'100.0',(select brand_id from brand where name="Estee Lauder"));insert into perfume_note(perfume_id,note_id) values( 636,(select note_id from note where name='woody' and type='TOP'));insert into perfume_note(perfume_id,note_id) values (636,(select note_id from note where name='madagascar' and type='MIDDLE'));insert into perfume_note(perfume_id,note_id) values (636,(select note_id from note where name='cashmere wood' and type='MIDDLE'));insert into perfume_note(perfume_id,note_id) values (636,(select note_id from note where name='agarwood oud' and type='MIDDLE'));insert into perfume_note(perfume_id,note_id) values (636,(select note_id from note where name='ebony tree' and type='MIDDLE'));insert into perfume_note(perfume_id,note_id) values (636,(select note_id from note where name='labdanum' and type='MIDDLE'));insert into perfume_note(perfume_id,note_id) values (636,(select note_id from note where name='suede' and type='MIDDLE'));insert into perfume_note(perfume_id,note_id) values (636,(select note_id from note where name='vanilla' and type='MIDDLE'));insert into perfume_note(perfume_id,note_id) values (636,(select note_id from note where name='musk' and type='MIDDLE'));insert into perfume_note(perfume_id,note_id) values (636,(select note_id from note where name='patchouli' and type='MIDDLE'));insert into perfume_note(perfume_id,note_id) values (636,(select note_id from note where name='lily' and type='BASE'));insert into perfume_note(perfume_id,note_id) values (636,(select note_id from note where name='tuberose' and type='BASE'));insert into perfume_note(perfume_id,note_id) values (636,(select note_id from note where name='jasmine sambac' and type='BASE'));insert into perfume(perfume_id,concentration,image,name,price,rating,gender,volume,brand_id) values( '637','EDT','perfumes/637.jfif',"Boss Orange",3000,'5.0',0,'75.0',(select brand_id from brand where name="HUGO BOSS"));insert into perfume_note(perfume_id,note_id) values( 637,(select note_id from note where name='woody' and type='TOP'));insert into perfume_note(perfume_id,note_id) values (637,(select note_id from note where name='sandalwood' and type='MIDDLE'));insert into perfume_note(perfume_id,note_id) values (637,(select note_id from note where name='tree' and type='MIDDLE'));insert into perfume_note(perfume_id,note_id) values (637,(select note_id from note where name='vanilla' and type='MIDDLE'));insert into perfume_note(perfume_id,note_id) values (637,(select note_id from note where name='olive' and type='MIDDLE'));insert into perfume_note(perfume_id,note_id) values (637,(select note_id from note where name='african orange flower' and type='BASE'));insert into perfume_note(perfume_id,note_id) values (637,(select note_id from note where name='white flowers' and type='BASE'));insert into perfume(perfume_id,concentration,image,name,price,rating,gender,volume,brand_id) values( '638','EDT','perfumes/638.jfif',"K",3000,'4.1',0,'100.0',(select brand_id from brand where name="Dolce & Gabbana"));insert into perfume_note(perfume_id,note_id) values( 638,(select note_id from note where name='woody' and type='TOP'));insert into perfume_note(perfume_id,note_id) values (638,(select note_id from note where name='blood orange' and type='MIDDLE'));insert into perfume_note(perfume_id,note_id) values (638,(select note_id from note where name='sicilian' and type='MIDDLE'));insert into perfume_note(perfume_id,note_id) values (638,(select note_id from note where name='juniper' and type='MIDDLE'));insert into perfume_note(perfume_id,note_id) values (638,(select note_id from note where name='berries' and type='MIDDLE'));insert into perfume_note(perfume_id,note_id) values (638,(select note_id from note where name='pressed' and type='MIDDLE'));insert into perfume_note(perfume_id,note_id) values (638,(select note_id from note where name='lemon' and type='MIDDLE'));insert into perfume_note(perfume_id,note_id) values (638,(select note_id from note where name='geranium' and type='BASE'));insert into perfume_note(perfume_id,note_id) values (638,(select note_id from note where name='pimento' and type='BASE'));insert into perfume_note(perfume_id,note_id) values (638,(select note_id from note where name='lavandin' and type='BASE'));insert into perfume_note(perfume_id,note_id) values (638,(select note_id from note where name='clary sage' and type='BASE'));insert into perfume(perfume_id,concentration,image,name,price,rating,gender,volume,brand_id) values( '639','EDP','perfumes/639.jfif',"Roses Vanille",3000,'4.0',0,'120.0',(select brand_id from brand where name="Mancera"));insert into perfume_note(perfume_id,note_id) values( 639,(select note_id from note where name='oriental' and type='TOP'));insert into perfume_note(perfume_id,note_id) values (639,(select note_id from note where name='cedar' and type='MIDDLE'));insert into perfume_note(perfume_id,note_id) values (639,(select note_id from note where name='vanilla' and type='MIDDLE'));insert into perfume_note(perfume_id,note_id) values (639,(select note_id from note where name='white musk' and type='MIDDLE'));insert into perfume_note(perfume_id,note_id) values (639,(select note_id from note where name='sugar' and type='MIDDLE'));insert into perfume_note(perfume_id,note_id) values (639,(select note_id from note where name='rose' and type='BASE'));insert into perfume_note(perfume_id,note_id) values (639,(select note_id from note where name='sugar' and type='BASE'));insert into perfume(perfume_id,concentration,image,name,price,rating,gender,volume,brand_id) values( '640','EDT','perfumes/640.jfif',"Lady Dorall",3000,'4.0',0,'100.0',(select brand_id from brand where name="DORALL COLLECTION"));insert into perfume_note(perfume_id,note_id) values( 640,(select note_id from note where name='spicy' and type='TOP'));insert into perfume_note(perfume_id,note_id) values (640,(select note_id from note where name='lemon tree' and type='MIDDLE'));insert into perfume_note(perfume_id,note_id) values (640,(select note_id from note where name='amber' and type='MIDDLE'));insert into perfume_note(perfume_id,note_id) values (640,(select note_id from note where name='apricot' and type='MIDDLE'));insert into perfume_note(perfume_id,note_id) values (640,(select note_id from note where name='lily' and type='BASE'));insert into perfume_note(perfume_id,note_id) values (640,(select note_id from note where name='rose' and type='BASE'));insert into perfume_note(perfume_id,note_id) values (640,(select note_id from note where name='jasmine' and type='BASE'));insert into perfume(perfume_id,concentration,image,name,price,rating,gender,volume,brand_id) values( '641','EDT','perfumes/641.jfif',"Brown",3000,'4.0',0,'110.0',(select brand_id from brand where name="Aramis"));insert into perfume_note(perfume_id,note_id) values( 641,(select note_id from note where name='floral' and type='TOP'));insert into perfume_note(perfume_id,note_id) values (641,(select note_id from note where name='leather' and type='MIDDLE'));insert into perfume_note(perfume_id,note_id) values (641,(select note_id from note where name='amber' and type='MIDDLE'));insert into perfume_note(perfume_id,note_id) values (641,(select note_id from note where name='oakmoss' and type='MIDDLE'));insert into perfume_note(perfume_id,note_id) values (641,(select note_id from note where name='patchouli' and type='BASE'));insert into perfume_note(perfume_id,note_id) values (641,(select note_id from note where name='sandalwood' and type='BASE'));insert into perfume_note(perfume_id,note_id) values (641,(select note_id from note where name='vetiver' and type='BASE'));insert into perfume_note(perfume_id,note_id) values (641,(select note_id from note where name='pelargonium' and type='BASE'));insert into perfume(perfume_id,concentration,image,name,price,rating,gender,volume,brand_id) values( '642','EDP','perfumes/642.jfif',"Red",3000,'4.9',0,'120.0',(select brand_id from brand where name="Mancera"));insert into perfume_note(perfume_id,note_id) values( 642,(select note_id from note where name='woody' and type='TOP'));insert into perfume_note(perfume_id,note_id) values (642,(select note_id from note where name='guaiac wood' and type='MIDDLE'));insert into perfume_note(perfume_id,note_id) values (642,(select note_id from note where name='tobacco' and type='MIDDLE'));insert into perfume_note(perfume_id,note_id) values (642,(select note_id from note where name='amber' and type='MIDDLE'));insert into perfume_note(perfume_id,note_id) values (642,(select note_id from note where name='madagascar' and type='MIDDLE'));insert into perfume_note(perfume_id,note_id) values (642,(select note_id from note where name='white' and type='MIDDLE'));insert into perfume_note(perfume_id,note_id) values (642,(select note_id from note where name='sandalwood' and type='MIDDLE'));insert into perfume_note(perfume_id,note_id) values (642,(select note_id from note where name='vanilla' and type='MIDDLE'));insert into perfume_note(perfume_id,note_id) values (642,(select note_id from note where name='musk' and type='MIDDLE'));insert into perfume_note(perfume_id,note_id) values (642,(select note_id from note where name='haitian vetiver' and type='MIDDLE'));insert into perfume_note(perfume_id,note_id) values (642,(select note_id from note where name='patchouli' and type='BASE'));insert into perfume_note(perfume_id,note_id) values (642,(select note_id from note where name='jasmine' and type='BASE'));insert into perfume(perfume_id,concentration,image,name,price,rating,gender,volume,brand_id) values( '643','EDT','perfumes/643.jfif',"Acqua Di Gio",3000,'4.2',0,'100.0',(select brand_id from brand where name="GIORGIO ARMANI"));insert into perfume_note(perfume_id,note_id) values( 643,(select note_id from note where name='citrus' and type='TOP'));insert into perfume_note(perfume_id,note_id) values (643,(select note_id from note where name='sandalwood' and type='MIDDLE'));insert into perfume_note(perfume_id,note_id) values (643,(select note_id from note where name='musk' and type='MIDDLE'));insert into perfume_note(perfume_id,note_id) values (643,(select note_id from note where name='lily' and type='BASE'));insert into perfume_note(perfume_id,note_id) values (643,(select note_id from note where name='rose' and type='BASE'));insert into perfume_note(perfume_id,note_id) values (643,(select note_id from note where name='jasmine' and type='BASE'));insert into perfume_note(perfume_id,note_id) values (643,(select note_id from note where name='hyacinth' and type='BASE'));insert into perfume(perfume_id,concentration,image,name,price,rating,gender,volume,brand_id) values( '644','EDT','perfumes/644.jfif',"Cheap And Chic",3000,'5.0',0,'100.0',(select brand_id from brand where name="MOSCHINO"));insert into perfume_note(perfume_id,note_id) values( 644,(select note_id from note where name='floral' and type='TOP'));insert into perfume_note(perfume_id,note_id) values (644,(select note_id from note where name='iris' and type='MIDDLE'));insert into perfume_note(perfume_id,note_id) values (644,(select note_id from note where name='orchid' and type='MIDDLE'));insert into perfume_note(perfume_id,note_id) values (644,(select note_id from note where name='vetiver' and type='MIDDLE'));insert into perfume_note(perfume_id,note_id) values (644,(select note_id from note where name='sandalwood' and type='MIDDLE'));insert into perfume_note(perfume_id,note_id) values (644,(select note_id from note where name='ambergris' and type='MIDDLE'));insert into perfume_note(perfume_id,note_id) values (644,(select note_id from note where name='tonka bean' and type='MIDDLE'));insert into perfume_note(perfume_id,note_id) values (644,(select note_id from note where name='peony' and type='BASE'));insert into perfume_note(perfume_id,note_id) values (644,(select note_id from note where name='rose water' and type='BASE'));insert into perfume_note(perfume_id,note_id) values (644,(select note_id from note where name='jasmine' and type='BASE'));insert into perfume_note(perfume_id,note_id) values (644,(select note_id from note where name='lily' and type='BASE'));insert into perfume_note(perfume_id,note_id) values (644,(select note_id from note where name='violet' and type='BASE'));insert into perfume_note(perfume_id,note_id) values (644,(select note_id from note where name='cyclamen' and type='BASE'));insert into perfume(perfume_id,concentration,image,name,price,rating,gender,volume,brand_id) values( '645','EDT','perfumes/645.jfif',"Declaration",3000,'4.5',0,'100.0',(select brand_id from brand where name="CARTIER"));insert into perfume_note(perfume_id,note_id) values( 645,(select note_id from note where name='spicy' and type='TOP'));insert into perfume_note(perfume_id,note_id) values (645,(select note_id from note where name='amber' and type='MIDDLE'));insert into perfume_note(perfume_id,note_id) values (645,(select note_id from note where name='oak' and type='MIDDLE'));insert into perfume_note(perfume_id,note_id) values (645,(select note_id from note where name='cedar' and type='MIDDLE'));insert into perfume_note(perfume_id,note_id) values (645,(select note_id from note where name='tahitian vetiver' and type='MIDDLE'));insert into perfume_note(perfume_id,note_id) values (645,(select note_id from note where name='moss' and type='MIDDLE'));insert into perfume_note(perfume_id,note_id) values (645,(select note_id from note where name='leather' and type='MIDDLE'));insert into perfume_note(perfume_id,note_id) values (645,(select note_id from note where name='tea' and type='MIDDLE'));insert into perfume_note(perfume_id,note_id) values (645,(select note_id from note where name='pepper' and type='BASE'));insert into perfume_note(perfume_id,note_id) values (645,(select note_id from note where name='juniper' and type='BASE'));insert into perfume_note(perfume_id,note_id) values (645,(select note_id from note where name='cinnamon' and type='BASE'));insert into perfume_note(perfume_id,note_id) values (645,(select note_id from note where name='iris' and type='BASE'));insert into perfume_note(perfume_id,note_id) values (645,(select note_id from note where name='jasmine' and type='BASE'));insert into perfume_note(perfume_id,note_id) values (645,(select note_id from note where name='cardamom' and type='BASE'));insert into perfume_note(perfume_id,note_id) values (645,(select note_id from note where name='orris root' and type='BASE'));insert into perfume_note(perfume_id,note_id) values (645,(select note_id from note where name='guatemalan' and type='BASE'));insert into perfume_note(perfume_id,note_id) values (645,(select note_id from note where name='ginger' and type='BASE'));insert into perfume(perfume_id,concentration,image,name,price,rating,gender,volume,brand_id) values( '646','EDP','perfumes/646.jfif',"My Burberry",3000,'4.7',0,'90.0',(select brand_id from brand where name="BURBERRY"));insert into perfume_note(perfume_id,note_id) values( 646,(select note_id from note where name='oriental' and type='TOP'));insert into perfume_note(perfume_id,note_id) values (646,(select note_id from note where name='rose' and type='MIDDLE'));insert into perfume_note(perfume_id,note_id) values (646,(select note_id from note where name='damascus' and type='MIDDLE'));insert into perfume_note(perfume_id,note_id) values (646,(select note_id from note where name='centifolia' and type='MIDDLE'));insert into perfume_note(perfume_id,note_id) values (646,(select note_id from note where name='quince' and type='BASE'));insert into perfume_note(perfume_id,note_id) values (646,(select note_id from note where name='golden' and type='BASE'));insert into perfume_note(perfume_id,note_id) values (646,(select note_id from note where name='flowers' and type='BASE'));insert into perfume_note(perfume_id,note_id) values (646,(select note_id from note where name='geranium' and type='BASE'));insert into perfume_note(perfume_id,note_id) values (646,(select note_id from note where name='freesia' and type='BASE'));insert into perfume(perfume_id,concentration,image,name,price,rating,gender,volume,brand_id) values( '647','EDT','perfumes/647.jfif',"Homme",3000,'4.4',0,'125.0',(select brand_id from brand where name="joop"));insert into perfume_note(perfume_id,note_id) values( 647,(select note_id from note where name='citrus' and type='TOP'));insert into perfume_note(perfume_id,note_id) values (647,(select note_id from note where name='patchouli' and type='MIDDLE'));insert into perfume_note(perfume_id,note_id) values (647,(select note_id from note where name='sandalwood' and type='MIDDLE'));insert into perfume_note(perfume_id,note_id) values (647,(select note_id from note where name='vanilla' and type='MIDDLE'));insert into perfume_note(perfume_id,note_id) values (647,(select note_id from note where name='tonka bean' and type='MIDDLE'));insert into perfume_note(perfume_id,note_id) values (647,(select note_id from note where name='valley' and type='BASE'));insert into perfume_note(perfume_id,note_id) values (647,(select note_id from note where name='the' and type='BASE'));insert into perfume_note(perfume_id,note_id) values (647,(select note_id from note where name='cinnamon' and type='BASE'));insert into perfume_note(perfume_id,note_id) values (647,(select note_id from note where name='jasmine' and type='BASE'));insert into perfume_note(perfume_id,note_id) values (647,(select note_id from note where name='lily' and type='BASE'));insert into perfume_note(perfume_id,note_id) values (647,(select note_id from note where name='heliotrope' and type='BASE'));insert into perfume(perfume_id,concentration,image,name,price,rating,gender,volume,brand_id) values( '648','EDT','perfumes/648.jfif',"One Man Show",3000,'4.5',0,'100.0',(select brand_id from brand where name="Jacques Bogart"));insert into perfume_note(perfume_id,note_id) values( 648,(select note_id from note where name='woody' and type='TOP'));insert into perfume_note(perfume_id,note_id) values (648,(select note_id from note where name='amber' and type='MIDDLE'));insert into perfume_note(perfume_id,note_id) values (648,(select note_id from note where name='styrax' and type='MIDDLE'));insert into perfume_note(perfume_id,note_id) values (648,(select note_id from note where name='oak moss' and type='MIDDLE'));insert into perfume_note(perfume_id,note_id) values (648,(select note_id from note where name='cedar' and type='MIDDLE'));insert into perfume_note(perfume_id,note_id) values (648,(select note_id from note where name='sandalwood' and type='MIDDLE'));insert into perfume_note(perfume_id,note_id) values (648,(select note_id from note where name='vanilla' and type='MIDDLE'));insert into perfume_note(perfume_id,note_id) values (648,(select note_id from note where name='tonka bean' and type='MIDDLE'));insert into perfume_note(perfume_id,note_id) values (648,(select note_id from note where name='coconut' and type='MIDDLE'));insert into perfume_note(perfume_id,note_id) values (648,(select note_id from note where name='rose' and type='BASE'));insert into perfume_note(perfume_id,note_id) values (648,(select note_id from note where name='jasmine' and type='BASE'));insert into perfume_note(perfume_id,note_id) values (648,(select note_id from note where name='carnation' and type='BASE'));insert into perfume_note(perfume_id,note_id) values (648,(select note_id from note where name='nutmeg' and type='BASE'));insert into perfume_note(perfume_id,note_id) values (648,(select note_id from note where name='labdanum' and type='BASE'));insert into perfume_note(perfume_id,note_id) values (648,(select note_id from note where name='spices' and type='BASE'));insert into perfume_note(perfume_id,note_id) values (648,(select note_id from note where name='vetiver' and type='BASE'));insert into perfume_note(perfume_id,note_id) values (648,(select note_id from note where name='pine' and type='BASE'));insert into perfume_note(perfume_id,note_id) values (648,(select note_id from note where name='needles' and type='BASE'));insert into perfume_note(perfume_id,note_id) values (648,(select note_id from note where name='geranium' and type='BASE'));insert into perfume_note(perfume_id,note_id) values (648,(select note_id from note where name='patchouli' and type='BASE'));insert into perfume_note(perfume_id,note_id) values (648,(select note_id from note where name='tree' and type='BASE'));insert into perfume(perfume_id,concentration,image,name,price,rating,gender,volume,brand_id) values( '649','EDP','perfumes/649.jfif',"Lady Presidente",3000,'5.0',0,'80.0',(select brand_id from brand where name="Emper"));insert into perfume_note(perfume_id,note_id) values( 649,(select note_id from note where name='fruity' and type='TOP'));insert into perfume_note(perfume_id,note_id) values (649,(select note_id from note where name='sandalwood' and type='MIDDLE'));insert into perfume_note(perfume_id,note_id) values (649,(select note_id from note where name='musk' and type='MIDDLE'));insert into perfume_note(perfume_id,note_id) values (649,(select note_id from note where name='coconut' and type='MIDDLE'));insert into perfume_note(perfume_id,note_id) values (649,(select note_id from note where name='raspberry' and type='BASE'));insert into perfume_note(perfume_id,note_id) values (649,(select note_id from note where name='lotus' and type='BASE'));insert into perfume_note(perfume_id,note_id) values (649,(select note_id from note where name='star apple' and type='BASE'));insert into perfume_note(perfume_id,note_id) values (649,(select note_id from note where name='water lily' and type='BASE'));insert into perfume(perfume_id,concentration,image,name,price,rating,gender,volume,brand_id) values( '650','EDP','perfumes/650.jfif',"Mademoiselle Ricci",3000,'4.0',0,'80.0',(select brand_id from brand where name="NINA RICCI"));insert into perfume_note(perfume_id,note_id) values( 650,(select note_id from note where name='spicy' and type='TOP'));insert into perfume_note(perfume_id,note_id) values (650,(select note_id from note where name='amber' and type='MIDDLE'));insert into perfume_note(perfume_id,note_id) values (650,(select note_id from note where name='violetwhite wood' and type='MIDDLE'));insert into perfume_note(perfume_id,note_id) values (650,(select note_id from note where name='cedar' and type='MIDDLE'));insert into perfume_note(perfume_id,note_id) values (650,(select note_id from note where name='musk' and type='MIDDLE'));insert into perfume_note(perfume_id,note_id) values (650,(select note_id from note where name='violet' and type='MIDDLE'));insert into perfume_note(perfume_id,note_id) values (650,(select note_id from note where name='nerium oleander' and type='BASE'));insert into perfume_note(perfume_id,note_id) values (650,(select note_id from note where name='laurels' and type='BASE'));insert into perfume_note(perfume_id,note_id) values (650,(select note_id from note where name='rose hip' and type='BASE'));insert into perfume(perfume_id,concentration,image,name,price,rating,gender,volume,brand_id) values( '651','EDP','perfumes/651.jfif',"212 VIP Rose",3000,'5.0',0,'80.0',(select brand_id from brand where name="CAROLINA HERRERA"));insert into perfume_note(perfume_id,note_id) values( 651,(select note_id from note where name='floral' and type='TOP'));insert into perfume_note(perfume_id,note_id) values (651,(select note_id from note where name='woody notes' and type='MIDDLE'));insert into perfume_note(perfume_id,note_id) values (651,(select note_id from note where name='amber' and type='MIDDLE'));insert into perfume_note(perfume_id,note_id) values (651,(select note_id from note where name='white musk' and type='MIDDLE'));insert into perfume_note(perfume_id,note_id) values (651,(select note_id from note where name='peach blossom' and type='BASE'));insert into perfume(perfume_id,concentration,image,name,price,rating,gender,volume,brand_id) values( '652','EDT','perfumes/652.jfif',"Pour Un Homme De Caron",3000,'3.0',0,'200.0',(select brand_id from brand where name="CARON"));insert into perfume_note(perfume_id,note_id) values( 652,(select note_id from note where name='vanilla' and type='TOP'));insert into perfume_note(perfume_id,note_id) values (652,(select note_id from note where name='musk' and type='MIDDLE'));insert into perfume_note(perfume_id,note_id) values (652,(select note_id from note where name='vanilla' and type='BASE'));insert into perfume(perfume_id,concentration,image,name,price,rating,gender,volume,brand_id) values( '653','EDT','perfumes/653.jfif',"1000 Miglia",3000,'1.0',0,'80.0',(select brand_id from brand where name="CHOPARD"));insert into perfume_note(perfume_id,note_id) values( 653,(select note_id from note where name='woody' and type='TOP'));insert into perfume_note(perfume_id,note_id) values (653,(select note_id from note where name='coffee' and type='MIDDLE'));insert into perfume_note(perfume_id,note_id) values (653,(select note_id from note where name='amber' and type='MIDDLE'));insert into perfume_note(perfume_id,note_id) values (653,(select note_id from note where name='notes' and type='MIDDLE'));insert into perfume_note(perfume_id,note_id) values (653,(select note_id from note where name='woody' and type='MIDDLE'));insert into perfume_note(perfume_id,note_id) values (653,(select note_id from note where name='green grass' and type='BASE'));insert into perfume_note(perfume_id,note_id) values (653,(select note_id from note where name='asphalt' and type='BASE'));insert into perfume_note(perfume_id,note_id) values (653,(select note_id from note where name='leather' and type='BASE'));insert into perfume_note(perfume_id,note_id) values (653,(select note_id from note where name='violet' and type='BASE'));insert into perfume(perfume_id,concentration,image,name,price,rating,gender,volume,brand_id) values( '654','EDP','perfumes/654.jfif',"Oud Al-Mubakhar",3000,'4.0',0,'100.0',(select brand_id from brand where name="Rasasi"));insert into perfume_note(perfume_id,note_id) values( 654,(select note_id from note where name='arabian' and type='TOP'));insert into perfume_note(perfume_id,note_id) values (654,(select note_id from note where name='patchouli' and type='MIDDLE'));insert into perfume_note(perfume_id,note_id) values (654,(select note_id from note where name='sandalwood' and type='MIDDLE'));insert into perfume_note(perfume_id,note_id) values (654,(select note_id from note where name='tonka bean' and type='MIDDLE'));insert into perfume_note(perfume_id,note_id) values (654,(select note_id from note where name='musk' and type='MIDDLE'));insert into perfume_note(perfume_id,note_id) values (654,(select note_id from note where name='geranium' and type='BASE'));insert into perfume_note(perfume_id,note_id) values (654,(select note_id from note where name='violet' and type='BASE'));insert into perfume_note(perfume_id,note_id) values (654,(select note_id from note where name='turkish rose' and type='BASE'));insert into perfume(perfume_id,concentration,image,name,price,rating,gender,volume,brand_id) values( '655','EDT','perfumes/655.jfif',"Rush",3000,'5.0',0,'75.0',(select brand_id from brand where name="GUCCI"));insert into perfume_note(perfume_id,note_id) values( 655,(select note_id from note where name='floral' and type='TOP'));insert into perfume_note(perfume_id,note_id) values (655,(select note_id from note where name='vetiver' and type='MIDDLE'));insert into perfume_note(perfume_id,note_id) values (655,(select note_id from note where name='patchouli' and type='MIDDLE'));insert into perfume_note(perfume_id,note_id) values (655,(select note_id from note where name='vanilla' and type='MIDDLE'));insert into perfume_note(perfume_id,note_id) values (655,(select note_id from note where name='damask' and type='BASE'));insert into perfume_note(perfume_id,note_id) values (655,(select note_id from note where name='jasmine' and type='BASE'));insert into perfume_note(perfume_id,note_id) values (655,(select note_id from note where name='rose' and type='BASE'));insert into perfume_note(perfume_id,note_id) values (655,(select note_id from note where name='coriander' and type='BASE'));insert into perfume(perfume_id,concentration,image,name,price,rating,gender,volume,brand_id) values( '656','EDP','perfumes/656.jfif',"Shuhrah",3000,'5.0',0,'90.0',(select brand_id from brand where name="Rasasi"));insert into perfume_note(perfume_id,note_id) values( 656,(select note_id from note where name='floral' and type='TOP'));insert into perfume_note(perfume_id,note_id) values (656,(select note_id from note where name='patchouli' and type='MIDDLE'));insert into perfume_note(perfume_id,note_id) values (656,(select note_id from note where name='oud' and type='MIDDLE'));insert into perfume_note(perfume_id,note_id) values (656,(select note_id from note where name='musk' and type='MIDDLE'));insert into perfume_note(perfume_id,note_id) values (656,(select note_id from note where name='grey amber' and type='MIDDLE'));insert into perfume_note(perfume_id,note_id) values (656,(select note_id from note where name='valley' and type='BASE'));insert into perfume_note(perfume_id,note_id) values (656,(select note_id from note where name='the' and type='BASE'));insert into perfume_note(perfume_id,note_id) values (656,(select note_id from note where name='iris' and type='BASE'));insert into perfume_note(perfume_id,note_id) values (656,(select note_id from note where name='jasmine' and type='BASE'));insert into perfume_note(perfume_id,note_id) values (656,(select note_id from note where name='lily' and type='BASE'));insert into perfume(perfume_id,concentration,image,name,price,rating,gender,volume,brand_id) values( '657','EDP','perfumes/657.jfif',"Touch",3000,'4.0',0,'100.0',(select brand_id from brand where name="BURBERRY"));insert into perfume_note(perfume_id,note_id) values( 657,(select note_id from note where name='floral' and type='TOP'));insert into perfume_note(perfume_id,note_id) values (657,(select note_id from note where name='tonka beans' and type='MIDDLE'));insert into perfume_note(perfume_id,note_id) values (657,(select note_id from note where name='cedar' and type='MIDDLE'));insert into perfume_note(perfume_id,note_id) values (657,(select note_id from note where name='vanilla' and type='MIDDLE'));insert into perfume_note(perfume_id,note_id) values (657,(select note_id from note where name='almonds' and type='MIDDLE'));insert into perfume_note(perfume_id,note_id) values (657,(select note_id from note where name='oakmoss' and type='MIDDLE'));insert into perfume_note(perfume_id,note_id) values (657,(select note_id from note where name='valley' and type='BASE'));insert into perfume_note(perfume_id,note_id) values (657,(select note_id from note where name='peach' and type='BASE'));insert into perfume_note(perfume_id,note_id) values (657,(select note_id from note where name='the' and type='BASE'));insert into perfume_note(perfume_id,note_id) values (657,(select note_id from note where name='peony' and type='BASE'));insert into perfume_note(perfume_id,note_id) values (657,(select note_id from note where name='raspberry' and type='BASE'));insert into perfume_note(perfume_id,note_id) values (657,(select note_id from note where name='jasmine' and type='BASE'));insert into perfume_note(perfume_id,note_id) values (657,(select note_id from note where name='lily' and type='BASE'));insert into perfume_note(perfume_id,note_id) values (657,(select note_id from note where name='tuberose' and type='BASE'));insert into perfume(perfume_id,concentration,image,name,price,rating,gender,volume,brand_id) values( '658','EDT','perfumes/658.jfif',"Man Pure",3000,'4.9',0,'125.0',(select brand_id from brand where name="Marbert"));insert into perfume_note(perfume_id,note_id) values( 658,(select note_id from note where name='citrus' and type='TOP'));insert into perfume_note(perfume_id,note_id) values (658,(select note_id from note where name='amber' and type='MIDDLE'));insert into perfume_note(perfume_id,note_id) values (658,(select note_id from note where name='oak moss' and type='MIDDLE'));insert into perfume_note(perfume_id,note_id) values (658,(select note_id from note where name='cedar' and type='MIDDLE'));insert into perfume_note(perfume_id,note_id) values (658,(select note_id from note where name='sandalwood' and type='MIDDLE'));insert into perfume_note(perfume_id,note_id) values (658,(select note_id from note where name='musk' and type='MIDDLE'));insert into perfume_note(perfume_id,note_id) values (658,(select note_id from note where name='valley' and type='BASE'));insert into perfume_note(perfume_id,note_id) values (658,(select note_id from note where name='coriander' and type='BASE'));insert into perfume_note(perfume_id,note_id) values (658,(select note_id from note where name='the' and type='BASE'));insert into perfume_note(perfume_id,note_id) values (658,(select note_id from note where name='jasmine' and type='BASE'));insert into perfume_note(perfume_id,note_id) values (658,(select note_id from note where name='nutmeg' and type='BASE'));insert into perfume_note(perfume_id,note_id) values (658,(select note_id from note where name='lily' and type='BASE'));insert into perfume_note(perfume_id,note_id) values (658,(select note_id from note where name='majorjam' and type='BASE'));insert into perfume_note(perfume_id,note_id) values (658,(select note_id from note where name='geranium' and type='BASE'));insert into perfume(perfume_id,concentration,image,name,price,rating,gender,volume,brand_id) values( '659','EDP','perfumes/659.jfif',"Plaisir",3000,'4.5',0,'100.0',(select brand_id from brand where name="J.CASANOVA"));insert into perfume_note(perfume_id,note_id) values( 659,(select note_id from note where name='fresh' and type='TOP'));insert into perfume_note(perfume_id,note_id) values (659,(select note_id from note where name='orchid' and type='MIDDLE'));insert into perfume_note(perfume_id,note_id) values (659,(select note_id from note where name='cedar' and type='MIDDLE'));insert into perfume_note(perfume_id,note_id) values (659,(select note_id from note where name='sandalwood' and type='MIDDLE'));insert into perfume_note(perfume_id,note_id) values (659,(select note_id from note where name='vanilla' and type='MIDDLE'));insert into perfume_note(perfume_id,note_id) values (659,(select note_id from note where name='musk' and type='MIDDLE'));insert into perfume_note(perfume_id,note_id) values (659,(select note_id from note where name='clove' and type='BASE'));insert into perfume_note(perfume_id,note_id) values (659,(select note_id from note where name='ylang' and type='BASE'));insert into perfume_note(perfume_id,note_id) values (659,(select note_id from note where name='pear' and type='BASE'));insert into perfume_note(perfume_id,note_id) values (659,(select note_id from note where name='damascus plum' and type='BASE'));insert into perfume(perfume_id,concentration,image,name,price,rating,gender,volume,brand_id) values( '660','EDP','perfumes/660.jfif',"24 Carat Pure Gold",3000,'3.5',0,'100.0',(select brand_id from brand where name="Lattafa"));insert into perfume_note(perfume_id,note_id) values( 660,(select note_id from note where name='spicy' and type='TOP'));insert into perfume_note(perfume_id,note_id) values (660,(select note_id from note where name='amber' and type='MIDDLE'));insert into perfume_note(perfume_id,note_id) values (660,(select note_id from note where name='incense' and type='MIDDLE'));insert into perfume_note(perfume_id,note_id) values (660,(select note_id from note where name='vanilla' and type='MIDDLE'));insert into perfume_note(perfume_id,note_id) values (660,(select note_id from note where name='musk' and type='MIDDLE'));insert into perfume_note(perfume_id,note_id) values (660,(select note_id from note where name='leather' and type='MIDDLE'));insert into perfume_note(perfume_id,note_id) values (660,(select note_id from note where name='sandalwood' and type='BASE'));insert into perfume_note(perfume_id,note_id) values (660,(select note_id from note where name='rose' and type='BASE'));insert into perfume(perfume_id,concentration,image,name,price,rating,gender,volume,brand_id) values( '661','EDT','perfumes/661.jfif',"Eau Fraiche",3000,'4.4',0,'100.0',(select brand_id from brand where name="VERSACE"));insert into perfume_note(perfume_id,note_id) values( 661,(select note_id from note where name='woody' and type='TOP'));insert into perfume_note(perfume_id,note_id) values (661,(select note_id from note where name='amber' and type='MIDDLE'));insert into perfume_note(perfume_id,note_id) values (661,(select note_id from note where name='woody notes' and type='MIDDLE'));insert into perfume_note(perfume_id,note_id) values (661,(select note_id from note where name='platanus' and type='MIDDLE'));insert into perfume_note(perfume_id,note_id) values (661,(select note_id from note where name='saffron' and type='MIDDLE'));insert into perfume_note(perfume_id,note_id) values (661,(select note_id from note where name='musk' and type='MIDDLE'));insert into perfume_note(perfume_id,note_id) values (661,(select note_id from note where name='cedar' and type='BASE'));insert into perfume_note(perfume_id,note_id) values (661,(select note_id from note where name='sage' and type='BASE'));insert into perfume_note(perfume_id,note_id) values (661,(select note_id from note where name='pepper' and type='BASE'));insert into perfume(perfume_id,concentration,image,name,price,rating,gender,volume,brand_id) values( '662','EDT','perfumes/662.jfif',"Essence Pure",3000,'4.6',0,'100.0',(select brand_id from brand where name="S.T.Dupont"));insert into perfume_note(perfume_id,note_id) values( 662,(select note_id from note where name='woody' and type='TOP'));insert into perfume_note(perfume_id,note_id) values (662,(select note_id from note where name='cedar' and type='MIDDLE'));insert into perfume_note(perfume_id,note_id) values (662,(select note_id from note where name='amber' and type='MIDDLE'));insert into perfume_note(perfume_id,note_id) values (662,(select note_id from note where name='cypress' and type='MIDDLE'));insert into perfume_note(perfume_id,note_id) values (662,(select note_id from note where name='musk' and type='MIDDLE'));insert into perfume_note(perfume_id,note_id) values (662,(select note_id from note where name='lavender' and type='BASE'));insert into perfume_note(perfume_id,note_id) values (662,(select note_id from note where name='bamboo' and type='BASE'));insert into perfume_note(perfume_id,note_id) values (662,(select note_id from note where name='iris' and type='BASE'));insert into perfume(perfume_id,concentration,image,name,price,rating,gender,volume,brand_id) values( '663','EDT','perfumes/663.jfif',"Legend",3000,'5.0',0,'100.0',(select brand_id from brand where name="Mont Blanc"));insert into perfume_note(perfume_id,note_id) values( 663,(select note_id from note where name='spicy' and type='TOP'));insert into perfume_note(perfume_id,note_id) values (663,(select note_id from note where name='evernyl' and type='MIDDLE'));insert into perfume_note(perfume_id,note_id) values (663,(select note_id from note where name='sandalwood' and type='MIDDLE'));insert into perfume_note(perfume_id,note_id) values (663,(select note_id from note where name='tonka' and type='MIDDLE'));insert into perfume_note(perfume_id,note_id) values (663,(select note_id from note where name='apple' and type='BASE'));insert into perfume_note(perfume_id,note_id) values (663,(select note_id from note where name='rose' and type='BASE'));insert into perfume_note(perfume_id,note_id) values (663,(select note_id from note where name='dried fruit' and type='BASE'));insert into perfume_note(perfume_id,note_id) values (663,(select note_id from note where name='geranium' and type='BASE'));insert into perfume_note(perfume_id,note_id) values (663,(select note_id from note where name='fused' and type='BASE'));insert into perfume_note(perfume_id,note_id) values (663,(select note_id from note where name='oakmoss' and type='BASE'));insert into perfume(perfume_id,concentration,image,name,price,rating,gender,volume,brand_id) values( '664','EDT','perfumes/664.jfif',"CK One",3000,'4.5',0,'200.0',(select brand_id from brand where name="Calvin Klein"));insert into perfume_note(perfume_id,note_id) values( 664,(select note_id from note where name='citrus' and type='TOP'));insert into perfume_note(perfume_id,note_id) values (664,(select note_id from note where name='amber' and type='MIDDLE'));insert into perfume_note(perfume_id,note_id) values (664,(select note_id from note where name='oak' and type='MIDDLE'));insert into perfume_note(perfume_id,note_id) values (664,(select note_id from note where name='cedar' and type='MIDDLE'));insert into perfume_note(perfume_id,note_id) values (664,(select note_id from note where name='sandalwood' and type='MIDDLE'));insert into perfume_note(perfume_id,note_id) values (664,(select note_id from note where name='moss' and type='MIDDLE'));insert into perfume_note(perfume_id,note_id) values (664,(select note_id from note where name='musk' and type='MIDDLE'));insert into perfume_note(perfume_id,note_id) values (664,(select note_id from note where name='rose' and type='BASE'));insert into perfume_note(perfume_id,note_id) values (664,(select note_id from note where name='jasmine' and type='BASE'));insert into perfume_note(perfume_id,note_id) values (664,(select note_id from note where name='nutmeg' and type='BASE'));insert into perfume_note(perfume_id,note_id) values (664,(select note_id from note where name='violet' and type='BASE'));insert into perfume_note(perfume_id,note_id) values (664,(select note_id from note where name='lilyofthevalley' and type='BASE'));insert into perfume_note(perfume_id,note_id) values (664,(select note_id from note where name='orris root' and type='BASE'));insert into perfume(perfume_id,concentration,image,name,price,rating,gender,volume,brand_id) values( '665','EDT','perfumes/665.jfif',"Divina",3000,'4.5',0,'50.0',(select brand_id from brand where name="LA PERLA"));insert into perfume_note(perfume_id,note_id) values( 665,(select note_id from note where name='fruity' and type='TOP'));insert into perfume_note(perfume_id,note_id) values (665,(select note_id from note where name='amber' and type='MIDDLE'));insert into perfume_note(perfume_id,note_id) values (665,(select note_id from note where name='vanilla' and type='MIDDLE'));insert into perfume_note(perfume_id,note_id) values (665,(select note_id from note where name='notes' and type='MIDDLE'));insert into perfume_note(perfume_id,note_id) values (665,(select note_id from note where name='musk' and type='MIDDLE'));insert into perfume_note(perfume_id,note_id) values (665,(select note_id from note where name='woody' and type='MIDDLE'));insert into perfume_note(perfume_id,note_id) values (665,(select note_id from note where name='jasmine' and type='BASE'));insert into perfume_note(perfume_id,note_id) values (665,(select note_id from note where name='pink' and type='BASE'));insert into perfume_note(perfume_id,note_id) values (665,(select note_id from note where name='african' and type='BASE'));insert into perfume_note(perfume_id,note_id) values (665,(select note_id from note where name='orange' and type='BASE'));insert into perfume(perfume_id,concentration,image,name,price,rating,gender,volume,brand_id) values( '666','EDT','perfumes/666.jfif',"Santos D Concentree",3000,'4.5',0,'100.0',(select brand_id from brand where name="CARTIER"));insert into perfume_note(perfume_id,note_id) values( 666,(select note_id from note where name='spicy' and type='TOP'));insert into perfume_note(perfume_id,note_id) values (666,(select note_id from note where name='amber' and type='MIDDLE'));insert into perfume_note(perfume_id,note_id) values (666,(select note_id from note where name='cedar' and type='MIDDLE'));insert into perfume_note(perfume_id,note_id) values (666,(select note_id from note where name='sandalwood' and type='MIDDLE'));insert into perfume_note(perfume_id,note_id) values (666,(select note_id from note where name='vanilla' and type='MIDDLE'));insert into perfume_note(perfume_id,note_id) values (666,(select note_id from note where name='patchouli' and type='MIDDLE'));insert into perfume_note(perfume_id,note_id) values (666,(select note_id from note where name='coconut' and type='MIDDLE'));insert into perfume_note(perfume_id,note_id) values (666,(select note_id from note where name='pepper' and type='BASE'));insert into perfume_note(perfume_id,note_id) values (666,(select note_id from note where name='cloves' and type='BASE'));insert into perfume_note(perfume_id,note_id) values (666,(select note_id from note where name='sage' and type='BASE'));insert into perfume_note(perfume_id,note_id) values (666,(select note_id from note where name='nutmeg' and type='BASE'));insert into perfume_note(perfume_id,note_id) values (666,(select note_id from note where name='clary' and type='BASE'));insert into perfume_note(perfume_id,note_id) values (666,(select note_id from note where name='vetiver' and type='BASE'));insert into perfume_note(perfume_id,note_id) values (666,(select note_id from note where name='geranium' and type='BASE'));insert into perfume_note(perfume_id,note_id) values (666,(select note_id from note where name='rosemary' and type='BASE'));insert into perfume(perfume_id,concentration,image,name,price,rating,gender,volume,brand_id) values( '667','EDT','perfumes/667.jfif',"Green Secret",3000,'2.0',0,'100.0',(select brand_id from brand where name="DORALL COLLECTION"));insert into perfume_note(perfume_id,note_id) values( 667,(select note_id from note where name='fruity' and type='TOP'));insert into perfume_note(perfume_id,note_id) values (667,(select note_id from note where name='coumarin' and type='MIDDLE'));insert into perfume_note(perfume_id,note_id) values (667,(select note_id from note where name='sandalwood' and type='MIDDLE'));insert into perfume_note(perfume_id,note_id) values (667,(select note_id from note where name='moss' and type='MIDDLE'));insert into perfume_note(perfume_id,note_id) values (667,(select note_id from note where name='geranium' and type='BASE'));insert into perfume_note(perfume_id,note_id) values (667,(select note_id from note where name='jasmine' and type='BASE'));insert into perfume_note(perfume_id,note_id) values (667,(select note_id from note where name='ylang' and type='BASE'));insert into perfume(perfume_id,concentration,image,name,price,rating,gender,volume,brand_id) values( '668','EDT','perfumes/668.jfif',"Lancy",3000,'4.5',0,'100.0',(select brand_id from brand where name="DORALL COLLECTION"));insert into perfume_note(perfume_id,note_id) values( 668,(select note_id from note where name='spicy' and type='TOP'));insert into perfume_note(perfume_id,note_id) values (668,(select note_id from note where name='patchouli' and type='MIDDLE'));insert into perfume_note(perfume_id,note_id) values (668,(select note_id from note where name='vanilla' and type='MIDDLE'));insert into perfume_note(perfume_id,note_id) values (668,(select note_id from note where name='praline' and type='MIDDLE'));insert into perfume_note(perfume_id,note_id) values (668,(select note_id from note where name='tonka' and type='MIDDLE'));insert into perfume_note(perfume_id,note_id) values (668,(select note_id from note where name='orange blossom' and type='BASE'));insert into perfume_note(perfume_id,note_id) values (668,(select note_id from note where name='jasmine' and type='BASE'));insert into perfume_note(perfume_id,note_id) values (668,(select note_id from note where name='iris' and type='BASE'));insert into perfume(perfume_id,concentration,image,name,price,rating,gender,volume,brand_id) values( '669','EDP','perfumes/669.png',"Miracle",3000,'4.5',0,'100.0',(select brand_id from brand where name="Lancome"));insert into perfume_note(perfume_id,note_id) values( 669,(select note_id from note where name='arabian' and type='TOP'));insert into perfume_note(perfume_id,note_id) values (669,(select note_id from note where name='amber' and type='MIDDLE'));insert into perfume_note(perfume_id,note_id) values (669,(select note_id from note where name='jasmine' and type='MIDDLE'));insert into perfume_note(perfume_id,note_id) values (669,(select note_id from note where name='musk' and type='MIDDLE'));insert into perfume_note(perfume_id,note_id) values (669,(select note_id from note where name='pepper' and type='BASE'));insert into perfume_note(perfume_id,note_id) values (669,(select note_id from note where name='jasmine' and type='BASE'));insert into perfume_note(perfume_id,note_id) values (669,(select note_id from note where name='magnolia' and type='BASE'));insert into perfume_note(perfume_id,note_id) values (669,(select note_id from note where name='mandarin orange' and type='BASE'));insert into perfume_note(perfume_id,note_id) values (669,(select note_id from note where name='ginger' and type='BASE'));insert into perfume(perfume_id,concentration,image,name,price,rating,gender,volume,brand_id) values( '670','EDP','perfumes/670.jpg',"Code Absolu ED",3000,'5.0',0,'2.0',(select brand_id from brand where name="armani"));insert into perfume_note(perfume_id,note_id) values( 670,(select note_id from note where name='floral' and type='TOP'));insert into perfume_note(perfume_id,note_id) values (670,(select note_id from note where name='patchouli' and type='MIDDLE'));insert into perfume_note(perfume_id,note_id) values (670,(select note_id from note where name='amber' and type='MIDDLE'));insert into perfume_note(perfume_id,note_id) values (670,(select note_id from note where name='vanilla' and type='MIDDLE'));insert into perfume_note(perfume_id,note_id) values (670,(select note_id from note where name='musk' and type='MIDDLE'));insert into perfume_note(perfume_id,note_id) values (670,(select note_id from note where name='geranium' and type='BASE'));insert into perfume_note(perfume_id,note_id) values (670,(select note_id from note where name='jasmine' and type='BASE'));insert into perfume_note(perfume_id,note_id) values (670,(select note_id from note where name='neroli' and type='BASE'));insert into perfume_note(perfume_id,note_id) values (670,(select note_id from note where name='ylangylang' and type='BASE'));insert into perfume(perfume_id,concentration,image,name,price,rating,gender,volume,brand_id) values( '671','EDT','perfumes/671.jpg',"Cool Water",3000,'4.5',0,'125.0',(select brand_id from brand where name="DAVIDOFF"));insert into perfume_note(perfume_id,note_id) values( 671,(select note_id from note where name='woody' and type='TOP'));insert into perfume_note(perfume_id,note_id) values (671,(select note_id from note where name='tobacco' and type='MIDDLE'));insert into perfume_note(perfume_id,note_id) values (671,(select note_id from note where name='amber' and type='MIDDLE'));insert into perfume_note(perfume_id,note_id) values (671,(select note_id from note where name='cedar' and type='MIDDLE'));insert into perfume_note(perfume_id,note_id) values (671,(select note_id from note where name='musk' and type='MIDDLE'));insert into perfume_note(perfume_id,note_id) values (671,(select note_id from note where name='oakmoss' and type='MIDDLE'));insert into perfume_note(perfume_id,note_id) values (671,(select note_id from note where name='geranium' and type='BASE'));insert into perfume_note(perfume_id,note_id) values (671,(select note_id from note where name='sandalwood' and type='BASE'));insert into perfume_note(perfume_id,note_id) values (671,(select note_id from note where name='jasmine' and type='BASE'));insert into perfume_note(perfume_id,note_id) values (671,(select note_id from note where name='neroli' and type='BASE'));insert into perfume(perfume_id,concentration,image,name,price,rating,gender,volume,brand_id) values( '672','EDT','perfumes/672.jpg',"L.12.12 Blanc",3000,'3.7',0,'100.0',(select brand_id from brand where name="LACOSTE"));insert into perfume_note(perfume_id,note_id) values( 672,(select note_id from note where name='woody' and type='TOP'));insert into perfume_note(perfume_id,note_id) values (672,(select note_id from note where name='cedar' and type='MIDDLE'));insert into perfume_note(perfume_id,note_id) values (672,(select note_id from note where name='leather' and type='MIDDLE'));insert into perfume_note(perfume_id,note_id) values (672,(select note_id from note where name='suede' and type='MIDDLE'));insert into perfume_note(perfume_id,note_id) values (672,(select note_id from note where name='ylangylang' and type='BASE'));insert into perfume_note(perfume_id,note_id) values (672,(select note_id from note where name='mexican' and type='BASE'));insert into perfume_note(perfume_id,note_id) values (672,(select note_id from note where name='tuberose' and type='BASE'));insert into perfume(perfume_id,concentration,image,name,price,rating,gender,volume,brand_id) values( '673','EDP','perfumes/673.jpg',"Lady Emblem Elixir",3000,'5.0',0,'50.0',(select brand_id from brand where name="MONTBLANC"));insert into perfume_note(perfume_id,note_id) values( 673,(select note_id from note where name='woody' and type='TOP'));insert into perfume_note(perfume_id,note_id) values (673,(select note_id from note where name='patchouli' and type='MIDDLE'));insert into perfume_note(perfume_id,note_id) values (673,(select note_id from note where name='sandalwood' and type='MIDDLE'));insert into perfume_note(perfume_id,note_id) values (673,(select note_id from note where name='vanilla' and type='MIDDLE'));insert into perfume_note(perfume_id,note_id) values (673,(select note_id from note where name='iris' and type='BASE'));insert into perfume_note(perfume_id,note_id) values (673,(select note_id from note where name='rose' and type='BASE'));insert into perfume_note(perfume_id,note_id) values (673,(select note_id from note where name='orange blossom' and type='BASE'));insert into perfume_note(perfume_id,note_id) values (673,(select note_id from note where name='jasmine' and type='BASE'));insert into perfume_note(perfume_id,note_id) values (673,(select note_id from note where name='damask' and type='BASE'));insert into perfume(perfume_id,concentration,image,name,price,rating,gender,volume,brand_id) values( '674','EDP','perfumes/674.jpg',"Body",3000,'4.8',0,'85.0',(select brand_id from brand where name="BURBERRY"));insert into perfume_note(perfume_id,note_id) values( 674,(select note_id from note where name='woody' and type='TOP'));insert into perfume_note(perfume_id,note_id) values (674,(select note_id from note where name='amber' and type='MIDDLE'));insert into perfume_note(perfume_id,note_id) values (674,(select note_id from note where name='cashmere wood' and type='MIDDLE'));insert into perfume_note(perfume_id,note_id) values (674,(select note_id from note where name='vanille' and type='MIDDLE'));insert into perfume_note(perfume_id,note_id) values (674,(select note_id from note where name='musk' and type='MIDDLE'));insert into perfume_note(perfume_id,note_id) values (674,(select note_id from note where name='sandalwood' and type='BASE'));insert into perfume_note(perfume_id,note_id) values (674,(select note_id from note where name='rose' and type='BASE'));insert into perfume_note(perfume_id,note_id) values (674,(select note_id from note where name='iris' and type='BASE'));insert into perfume(perfume_id,concentration,image,name,price,rating,gender,volume,brand_id) values( '675','EDT','perfumes/675.jpg',"Declaration Essence",3000,'4.5',0,'100.0',(select brand_id from brand where name="CARTIER"));insert into perfume_note(perfume_id,note_id) values( 675,(select note_id from note where name='citrus' and type='TOP'));insert into perfume_note(perfume_id,note_id) values (675,(select note_id from note where name='vetiver' and type='MIDDLE'));insert into perfume_note(perfume_id,note_id) values (675,(select note_id from note where name='sandalwood' and type='MIDDLE'));insert into perfume_note(perfume_id,note_id) values (675,(select note_id from note where name='musk' and type='MIDDLE'));insert into perfume_note(perfume_id,note_id) values (675,(select note_id from note where name='amber' and type='MIDDLE'));insert into perfume_note(perfume_id,note_id) values (675,(select note_id from note where name='geranium' and type='BASE'));insert into perfume_note(perfume_id,note_id) values (675,(select note_id from note where name='sicilian lemon' and type='BASE'));insert into perfume_note(perfume_id,note_id) values (675,(select note_id from note where name='lemon' and type='BASE'));insert into perfume(perfume_id,concentration,image,name,price,rating,gender,volume,brand_id) values( '676','EDT','perfumes/676.jpg',"Pink Hearts",3000,'4.4',0,'100.0',(select brand_id from brand where name="DORALL COLLECTION"));insert into perfume_note(perfume_id,note_id) values( 676,(select note_id from note where name='floral' and type='TOP'));insert into perfume_note(perfume_id,note_id) values (676,(select note_id from note where name='caramel' and type='MIDDLE'));insert into perfume_note(perfume_id,note_id) values (676,(select note_id from note where name='sandalwood' and type='MIDDLE'));insert into perfume_note(perfume_id,note_id) values (676,(select note_id from note where name='vanilla' and type='MIDDLE'));insert into perfume_note(perfume_id,note_id) values (676,(select note_id from note where name='musk' and type='MIDDLE'));insert into perfume_note(perfume_id,note_id) values (676,(select note_id from note where name='tonka' and type='MIDDLE'));insert into perfume_note(perfume_id,note_id) values (676,(select note_id from note where name='valley' and type='BASE'));insert into perfume_note(perfume_id,note_id) values (676,(select note_id from note where name='licorice' and type='BASE'));insert into perfume_note(perfume_id,note_id) values (676,(select note_id from note where name='candy' and type='BASE'));insert into perfume_note(perfume_id,note_id) values (676,(select note_id from note where name='the' and type='BASE'));insert into perfume_note(perfume_id,note_id) values (676,(select note_id from note where name='red berries' and type='BASE'));insert into perfume_note(perfume_id,note_id) values (676,(select note_id from note where name='lily' and type='BASE'));insert into perfume_note(perfume_id,note_id) values (676,(select note_id from note where name='cotton' and type='BASE'));insert into perfume_note(perfume_id,note_id) values (676,(select note_id from note where name='strawberry' and type='BASE'));insert into perfume(perfume_id,concentration,image,name,price,rating,gender,volume,brand_id) values( '677','EDP','perfumes/677.jpg',"Natural Spray",3000,'4.0',0,'75.0',(select brand_id from brand where name="HUGO BOSS"));insert into perfume_note(perfume_id,note_id) values( 677,(select note_id from note where name='oriental' and type='TOP'));insert into perfume_note(perfume_id,note_id) values (677,(select note_id from note where name='lemon tree' and type='MIDDLE'));insert into perfume_note(perfume_id,note_id) values (677,(select note_id from note where name='amber' and type='MIDDLE'));insert into perfume_note(perfume_id,note_id) values (677,(select note_id from note where name='apricot' and type='MIDDLE'));insert into perfume_note(perfume_id,note_id) values (677,(select note_id from note where name='lily' and type='BASE'));insert into perfume_note(perfume_id,note_id) values (677,(select note_id from note where name='jasmine' and type='BASE'));insert into perfume_note(perfume_id,note_id) values (677,(select note_id from note where name='bulgarian rose' and type='BASE'));insert into perfume(perfume_id,concentration,image,name,price,rating,gender,volume,brand_id) values( '678','EDT','perfumes/678.jpg',"Remy",3000,'4.5',0,'100.0',(select brand_id from brand where name="Remy Marquis"));insert into perfume_note(perfume_id,note_id) values( 678,(select note_id from note where name='spicy' and type='TOP'));insert into perfume_note(perfume_id,note_id) values (678,(select note_id from note where name='cedar' and type='MIDDLE'));insert into perfume_note(perfume_id,note_id) values (678,(select note_id from note where name='sandalwood' and type='MIDDLE'));insert into perfume_note(perfume_id,note_id) values (678,(select note_id from note where name='musk' and type='MIDDLE'));insert into perfume_note(perfume_id,note_id) values (678,(select note_id from note where name='amber' and type='MIDDLE'));insert into perfume_note(perfume_id,note_id) values (678,(select note_id from note where name='geranium' and type='BASE'));insert into perfume_note(perfume_id,note_id) values (678,(select note_id from note where name='nutmeg' and type='BASE'));insert into perfume_note(perfume_id,note_id) values (678,(select note_id from note where name='cinnamon' and type='BASE'));insert into perfume(perfume_id,concentration,image,name,price,rating,gender,volume,brand_id) values( '679','EDT','perfumes/679.jpg',"Flora Gardenia",3000,'4.5',0,'100.0',(select brand_id from brand where name="GUCCI"));insert into perfume_note(perfume_id,note_id) values( 679,(select note_id from note where name='citrus' and type='TOP'));insert into perfume_note(perfume_id,note_id) values (679,(select note_id from note where name='patchouli' and type='MIDDLE'));insert into perfume_note(perfume_id,note_id) values (679,(select note_id from note where name='brown' and type='MIDDLE'));insert into perfume_note(perfume_id,note_id) values (679,(select note_id from note where name='accord' and type='MIDDLE'));insert into perfume_note(perfume_id,note_id) values (679,(select note_id from note where name='sugar' and type='MIDDLE'));insert into perfume_note(perfume_id,note_id) values (679,(select note_id from note where name='white' and type='BASE'));insert into perfume_note(perfume_id,note_id) values (679,(select note_id from note where name='flower' and type='BASE'));insert into perfume_note(perfume_id,note_id) values (679,(select note_id from note where name='gardenia' and type='BASE'));insert into perfume_note(perfume_id,note_id) values (679,(select note_id from note where name='frangipani' and type='BASE'));insert into perfume(perfume_id,concentration,image,name,price,rating,gender,volume,brand_id) values( '680','EDT','perfumes/680.jpg',"Flora Gorgeous Gardenia",3000,'4.4',0,'100.0',(select brand_id from brand where name="GUCCI"));insert into perfume_note(perfume_id,note_id) values( 680,(select note_id from note where name='citrus' and type='TOP'));insert into perfume_note(perfume_id,note_id) values (680,(select note_id from note where name='patchouli' and type='MIDDLE'));insert into perfume_note(perfume_id,note_id) values (680,(select note_id from note where name='gardenia' and type='BASE'));insert into perfume_note(perfume_id,note_id) values (680,(select note_id from note where name='plumeria' and type='BASE'));insert into perfume(perfume_id,concentration,image,name,price,rating,gender,volume,brand_id) values( '681','EDT','perfumes/681.jpg',"Sheer Beauty Essence",3000,'4.5',0,'100.0',(select brand_id from brand where name="Calvin Klein"));insert into perfume_note(perfume_id,note_id) values( 681,(select note_id from note where name='floral' and type='TOP'));insert into perfume_note(perfume_id,note_id) values (681,(select note_id from note where name='cedar' and type='MIDDLE'));insert into perfume_note(perfume_id,note_id) values (681,(select note_id from note where name='vanilla' and type='MIDDLE'));insert into perfume_note(perfume_id,note_id) values (681,(select note_id from note where name='musk' and type='MIDDLE'));insert into perfume_note(perfume_id,note_id) values (681,(select note_id from note where name='turkish rose' and type='BASE'));insert into perfume_note(perfume_id,note_id) values (681,(select note_id from note where name='magnolia' and type='BASE'));insert into perfume_note(perfume_id,note_id) values (681,(select note_id from note where name='peony' and type='BASE'));insert into perfume_note(perfume_id,note_id) values (681,(select note_id from note where name='lilac' and type='BASE'));insert into perfume(perfume_id,concentration,image,name,price,rating,gender,volume,brand_id) values( '682','EDT','perfumes/682.jpg',"The Game",3000,'4.9',0,'100.0',(select brand_id from brand where name="DAVIDOFF"));insert into perfume_note(perfume_id,note_id) values( 682,(select note_id from note where name='woody' and type='TOP'));insert into perfume_note(perfume_id,note_id) values (682,(select note_id from note where name='ebony wood' and type='MIDDLE'));insert into perfume_note(perfume_id,note_id) values (682,(select note_id from note where name='woody notes' and type='BASE'));insert into perfume_note(perfume_id,note_id) values (682,(select note_id from note where name='iris' and type='BASE'));insert into perfume(perfume_id,concentration,image,name,price,rating,gender,volume,brand_id) values( '683','PDT','perfumes/683.jpg',"Oud Wood",3000,'4.3',0,'100.0',(select brand_id from brand where name="DORALL COLLECTION"));insert into perfume_note(perfume_id,note_id) values( 683,(select note_id from note where name='citrus' and type='TOP'));insert into perfume_note(perfume_id,note_id) values (683,(select note_id from note where name='tobacco' and type='MIDDLE'));insert into perfume_note(perfume_id,note_id) values (683,(select note_id from note where name='cedar' and type='MIDDLE'));insert into perfume_note(perfume_id,note_id) values (683,(select note_id from note where name='sandalwood' and type='MIDDLE'));insert into perfume_note(perfume_id,note_id) values (683,(select note_id from note where name='musk' and type='MIDDLE'));insert into perfume_note(perfume_id,note_id) values (683,(select note_id from note where name='patchouli' and type='MIDDLE'));insert into perfume_note(perfume_id,note_id) values (683,(select note_id from note where name='geranium' and type='BASE'));insert into perfume_note(perfume_id,note_id) values (683,(select note_id from note where name='marigold' and type='BASE'));insert into perfume_note(perfume_id,note_id) values (683,(select note_id from note where name='rose' and type='BASE'));insert into perfume_note(perfume_id,note_id) values (683,(select note_id from note where name='bay leaves' and type='BASE'));insert into perfume(perfume_id,concentration,image,name,price,rating,gender,volume,brand_id) values( '684','EDP','perfumes/684.jpg',"Rose Greedy",3000,'4.5',0,'120.0',(select brand_id from brand where name="Mancera"));insert into perfume_note(perfume_id,note_id) values( 684,(select note_id from note where name='floral' and type='TOP'));insert into perfume_note(perfume_id,note_id) values (684,(select note_id from note where name='amber' and type='MIDDLE'));insert into perfume_note(perfume_id,note_id) values (684,(select note_id from note where name='vanilla' and type='MIDDLE'));insert into perfume_note(perfume_id,note_id) values (684,(select note_id from note where name='white musk' and type='MIDDLE'));insert into perfume_note(perfume_id,note_id) values (684,(select note_id from note where name='sugar' and type='MIDDLE'));insert into perfume_note(perfume_id,note_id) values (684,(select note_id from note where name='rose' and type='BASE'));insert into perfume_note(perfume_id,note_id) values (684,(select note_id from note where name='jasmine' and type='BASE'));insert into perfume_note(perfume_id,note_id) values (684,(select note_id from note where name='flowers' and type='BASE'));insert into perfume(perfume_id,concentration,image,name,price,rating,gender,volume,brand_id) values( '685','EDT','perfumes/685.jpg',"Open",3000,'5.0',0,'100.0',(select brand_id from brand where name="ROGER & GALLET"));insert into perfume_note(perfume_id,note_id) values( 685,(select note_id from note where name='spicy' and type='TOP'));insert into perfume_note(perfume_id,note_id) values (685,(select note_id from note where name='lamon' and type='MIDDLE'));insert into perfume_note(perfume_id,note_id) values (685,(select note_id from note where name='woody' and type='MIDDLE'));insert into perfume_note(perfume_id,note_id) values (685,(select note_id from note where name='sage' and type='BASE'));insert into perfume_note(perfume_id,note_id) values (685,(select note_id from note where name='thyme' and type='BASE'));insert into perfume(perfume_id,concentration,image,name,price,rating,gender,volume,brand_id) values( '686','EDT','perfumes/686.jpg',"Challenge",3000,'4.8',0,'90.0',(select brand_id from brand where name="LACOSTE"));insert into perfume_note(perfume_id,note_id) values( 686,(select note_id from note where name='citrus' and type='TOP'));insert into perfume_note(perfume_id,note_id) values (686,(select note_id from note where name='pepper' and type='MIDDLE'));insert into perfume_note(perfume_id,note_id) values (686,(select note_id from note where name='juniper' and type='MIDDLE'));insert into perfume_note(perfume_id,note_id) values (686,(select note_id from note where name='jasmine' and type='MIDDLE'));insert into perfume_note(perfume_id,note_id) values (686,(select note_id from note where name='nutmeg' and type='MIDDLE'));insert into perfume_note(perfume_id,note_id) values (686,(select note_id from note where name='whisky' and type='MIDDLE'));insert into perfume_note(perfume_id,note_id) values (686,(select note_id from note where name='violet' and type='MIDDLE'));insert into perfume_note(perfume_id,note_id) values (686,(select note_id from note where name='ginger' and type='MIDDLE'));insert into perfume_note(perfume_id,note_id) values (686,(select note_id from note where name='amber' and type='BASE'));insert into perfume_note(perfume_id,note_id) values (686,(select note_id from note where name='wood' and type='BASE'));insert into perfume_note(perfume_id,note_id) values (686,(select note_id from note where name='musk' and type='BASE'));insert into perfume(perfume_id,concentration,image,name,price,rating,gender,volume,brand_id) values( '687','EDT','perfumes/687.jpg',"The Dreamer",3000,'4.0',0,'100.0',(select brand_id from brand where name="VERSACE"));insert into perfume_note(perfume_id,note_id) values( 687,(select note_id from note where name='arabian' and type='TOP'));insert into perfume_note(perfume_id,note_id) values (687,(select note_id from note where name='cedar' and type='MIDDLE'));insert into perfume_note(perfume_id,note_id) values (687,(select note_id from note where name='tonka bean' and type='MIDDLE'));insert into perfume_note(perfume_id,note_id) values (687,(select note_id from note where name='geranium' and type='BASE'));insert into perfume_note(perfume_id,note_id) values (687,(select note_id from note where name='tobacco' and type='BASE'));insert into perfume_note(perfume_id,note_id) values (687,(select note_id from note where name='rose' and type='BASE'));insert into perfume(perfume_id,concentration,image,name,price,rating,gender,volume,brand_id) values( '688','EDT','perfumes/688.jpg',"Just Cavalli",3000,'4.6',0,'75.0',(select brand_id from brand where name="Justcavalli"));insert into perfume_note(perfume_id,note_id) values( 688,(select note_id from note where name='floral' and type='TOP'));insert into perfume_note(perfume_id,note_id) values (688,(select note_id from note where name='creamy' and type='MIDDLE'));insert into perfume_note(perfume_id,note_id) values (688,(select note_id from note where name='rosewood' and type='MIDDLE'));insert into perfume_note(perfume_id,note_id) values (688,(select note_id from note where name='cuddly' and type='MIDDLE'));insert into perfume_note(perfume_id,note_id) values (688,(select note_id from note where name='tahitian tiare flowers' and type='BASE'));insert into perfume(perfume_id,concentration,image,name,price,rating,gender,volume,brand_id) values( '689','EDP','perfumes/689.jpg',"8839 Collection",3000,'4.2',0,'25.0',(select brand_id from brand where name="Genie"));insert into perfume_note(perfume_id,note_id) values( 689,(select note_id from note where name='floral' and type='TOP'));insert into perfume_note(perfume_id,note_id) values (689,(select note_id from note where name='black violet' and type='MIDDLE'));insert into perfume_note(perfume_id,note_id) values (689,(select note_id from note where name='cream' and type='MIDDLE'));insert into perfume_note(perfume_id,note_id) values (689,(select note_id from note where name='mahogany' and type='MIDDLE'));insert into perfume_note(perfume_id,note_id) values (689,(select note_id from note where name='liquid amber' and type='MIDDLE'));insert into perfume_note(perfume_id,note_id) values (689,(select note_id from note where name='champaca flower' and type='BASE'));insert into perfume_note(perfume_id,note_id) values (689,(select note_id from note where name='lotus blossom' and type='BASE'));insert into perfume_note(perfume_id,note_id) values (689,(select note_id from note where name='black orchid' and type='BASE'));insert into perfume(perfume_id,concentration,image,name,price,rating,gender,volume,brand_id) values( '690','EDP','perfumes/690.jpg',"Si Possione",3000,'4.7',0,'100.0',(select brand_id from brand where name="GIORGIO ARMANI"));insert into perfume_note(perfume_id,note_id) values( 690,(select note_id from note where name='floral' and type='TOP'));insert into perfume_note(perfume_id,note_id) values (690,(select note_id from note where name='cedar' and type='MIDDLE'));insert into perfume_note(perfume_id,note_id) values (690,(select note_id from note where name='patchouli' and type='MIDDLE'));insert into perfume_note(perfume_id,note_id) values (690,(select note_id from note where name='vanilla' and type='MIDDLE'));insert into perfume_note(perfume_id,note_id) values (690,(select note_id from note where name='amberwood' and type='MIDDLE'));insert into perfume_note(perfume_id,note_id) values (690,(select note_id from note where name='rose' and type='BASE'));insert into perfume_note(perfume_id,note_id) values (690,(select note_id from note where name='jasmine' and type='BASE'));insert into perfume_note(perfume_id,note_id) values (690,(select note_id from note where name='heliotrope' and type='BASE'));insert into perfume_note(perfume_id,note_id) values (690,(select note_id from note where name='pineapple' and type='BASE'));insert into perfume(perfume_id,concentration,image,name,price,rating,gender,volume,brand_id) values( '691','EDP','perfumes/691.jpg',"Beauty",3000,'4.6',0,'100.0',(select brand_id from brand where name="Calvin Klein"));insert into perfume_note(perfume_id,note_id) values( 691,(select note_id from note where name='floral' and type='TOP'));insert into perfume_note(perfume_id,note_id) values (691,(select note_id from note where name='virginia cedar' and type='MIDDLE'));insert into perfume_note(perfume_id,note_id) values (691,(select note_id from note where name='jasmine' and type='BASE'));insert into perfume(perfume_id,concentration,image,name,price,rating,gender,volume,brand_id) values( '692','EDP','perfumes/692.jpg',"Paris Vivaldi",3000,'3.0',0,'100.0',(select brand_id from brand where name="J.CASANOVA"));insert into perfume_note(perfume_id,note_id) values( 692,(select note_id from note where name='fruity' and type='TOP'));insert into perfume_note(perfume_id,note_id) values (692,(select note_id from note where name='amber' and type='MIDDLE'));insert into perfume_note(perfume_id,note_id) values (692,(select note_id from note where name='cedar' and type='MIDDLE'));insert into perfume_note(perfume_id,note_id) values (692,(select note_id from note where name='sandalwood' and type='MIDDLE'));insert into perfume_note(perfume_id,note_id) values (692,(select note_id from note where name='moss' and type='MIDDLE'));insert into perfume_note(perfume_id,note_id) values (692,(select note_id from note where name='musk' and type='MIDDLE'));insert into perfume_note(perfume_id,note_id) values (692,(select note_id from note where name='narcissus' and type='BASE'));insert into perfume_note(perfume_id,note_id) values (692,(select note_id from note where name='rose' and type='BASE'));insert into perfume_note(perfume_id,note_id) values (692,(select note_id from note where name='jasmine' and type='BASE'));insert into perfume_note(perfume_id,note_id) values (692,(select note_id from note where name='orchid' and type='BASE'));insert into perfume_note(perfume_id,note_id) values (692,(select note_id from note where name='lilyofthevalley' and type='BASE'));insert into perfume(perfume_id,concentration,image,name,price,rating,gender,volume,brand_id) values( '693','EDP','perfumes/693.jpg',"Beauty",3000,'4.6',0,'100.0',(select brand_id from brand where name="Calvin Klein"));insert into perfume_note(perfume_id,note_id) values( 693,(select note_id from note where name='floral' and type='TOP'));insert into perfume_note(perfume_id,note_id) values (693,(select note_id from note where name='virginia cedar' and type='MIDDLE'));insert into perfume_note(perfume_id,note_id) values (693,(select note_id from note where name='jasmine' and type='BASE'));insert into perfume(perfume_id,concentration,image,name,price,rating,gender,volume,brand_id) values( '694','EDT','perfumes/694.jpg',"Essential",3000,'3.3',0,'125.0',(select brand_id from brand where name="LACOSTE"));insert into perfume_note(perfume_id,note_id) values( 694,(select note_id from note where name='citrus' and type='TOP'));insert into perfume_note(perfume_id,note_id) values (694,(select note_id from note where name='patchouli' and type='MIDDLE'));insert into perfume_note(perfume_id,note_id) values (694,(select note_id from note where name='sandalwood' and type='MIDDLE'));insert into perfume_note(perfume_id,note_id) values (694,(select note_id from note where name='pepper' and type='BASE'));insert into perfume_note(perfume_id,note_id) values (694,(select note_id from note where name='rose' and type='BASE'));insert into perfume(perfume_id,concentration,image,name,price,rating,gender,volume,brand_id) values( '695','EDP','perfumes/695.jpg',"Al Wisam Day",3000,'5.0',0,'100.0',(select brand_id from brand where name="Rasasi"));insert into perfume_note(perfume_id,note_id) values( 695,(select note_id from note where name='oriental' and type='TOP'));insert into perfume_note(perfume_id,note_id) values (695,(select note_id from note where name='amber' and type='MIDDLE'));insert into perfume_note(perfume_id,note_id) values (695,(select note_id from note where name='agarwood oud' and type='MIDDLE'));insert into perfume_note(perfume_id,note_id) values (695,(select note_id from note where name='musk' and type='MIDDLE'));insert into perfume_note(perfume_id,note_id) values (695,(select note_id from note where name='oakmoss' and type='MIDDLE'));insert into perfume_note(perfume_id,note_id) values (695,(select note_id from note where name='cedar' and type='BASE'));insert into perfume_note(perfume_id,note_id) values (695,(select note_id from note where name='sandalwood' and type='BASE'));insert into perfume_note(perfume_id,note_id) values (695,(select note_id from note where name='rose' and type='BASE'));insert into perfume_note(perfume_id,note_id) values (695,(select note_id from note where name='clary sage' and type='BASE'));insert into perfume(perfume_id,concentration,image,name,price,rating,gender,volume,brand_id) values( '696','EDP','perfumes/696.jpg',"Shuhrah",3000,'5.0',0,'90.0',(select brand_id from brand where name="Rasasi"));insert into perfume_note(perfume_id,note_id) values( 696,(select note_id from note where name='floral' and type='TOP'));insert into perfume_note(perfume_id,note_id) values (696,(select note_id from note where name='amber' and type='MIDDLE'));insert into perfume_note(perfume_id,note_id) values (696,(select note_id from note where name='leathery' and type='MIDDLE'));insert into perfume_note(perfume_id,note_id) values (696,(select note_id from note where name='agarwood' and type='MIDDLE'));insert into perfume_note(perfume_id,note_id) values (696,(select note_id from note where name='musk' and type='MIDDLE'));insert into perfume_note(perfume_id,note_id) values (696,(select note_id from note where name='oakmoss' and type='MIDDLE'));insert into perfume_note(perfume_id,note_id) values (696,(select note_id from note where name='cedar' and type='BASE'));insert into perfume_note(perfume_id,note_id) values (696,(select note_id from note where name='sandalwood' and type='BASE'));insert into perfume_note(perfume_id,note_id) values (696,(select note_id from note where name='rose' and type='BASE'));insert into perfume_note(perfume_id,note_id) values (696,(select note_id from note where name='jasmine' and type='BASE'));insert into perfume(perfume_id,concentration,image,name,price,rating,gender,volume,brand_id) values( '697','EDT','perfumes/697.jpg',"Yes I Am ED",3000,'1.0',0,'2.0',(select brand_id from brand where name="cacharel"));insert into perfume_note(perfume_id,note_id) values( 697,(select note_id from note where name='floral' and type='TOP'));insert into perfume_note(perfume_id,note_id) values (697,(select note_id from note where name='cardamom' and type='MIDDLE'));insert into perfume_note(perfume_id,note_id) values (697,(select note_id from note where name='sandalwood' and type='MIDDLE'));insert into perfume_note(perfume_id,note_id) values (697,(select note_id from note where name='milk' and type='MIDDLE'));insert into perfume_note(perfume_id,note_id) values (697,(select note_id from note where name='ginger flower' and type='BASE'));insert into perfume_note(perfume_id,note_id) values (697,(select note_id from note where name='jasmine' and type='BASE'));insert into perfume_note(perfume_id,note_id) values (697,(select note_id from note where name='gardenia' and type='BASE'));insert into perfume(perfume_id,concentration,image,name,price,rating,gender,volume,brand_id) values( '698','EDT','perfumes/698.jpg',"Guilty Black",3000,'5.0',0,'90.0',(select brand_id from brand where name="GUCCI"));insert into perfume_note(perfume_id,note_id) values( 698,(select note_id from note where name='spicy' and type='TOP'));insert into perfume_note(perfume_id,note_id) values (698,(select note_id from note where name='patchouli' and type='MIDDLE'));insert into perfume_note(perfume_id,note_id) values (698,(select note_id from note where name='orange flower' and type='BASE'));insert into perfume(perfume_id,concentration,image,name,price,rating,gender,volume,brand_id) values( '699','EDT','perfumes/699.jpg',"Bleu De Chanel",3000,'4.8',0,'100.0',(select brand_id from brand where name="CHANEL"));insert into perfume_note(perfume_id,note_id) values( 699,(select note_id from note where name='citrus' and type='TOP'));insert into perfume_note(perfume_id,note_id) values (699,(select note_id from note where name='incense' and type='MIDDLE'));insert into perfume_note(perfume_id,note_id) values (699,(select note_id from note where name='white musk' and type='MIDDLE'));insert into perfume_note(perfume_id,note_id) values (699,(select note_id from note where name='sandalwod' and type='MIDDLE'));insert into perfume_note(perfume_id,note_id) values (699,(select note_id from note where name='labdanum' and type='MIDDLE'));insert into perfume_note(perfume_id,note_id) values (699,(select note_id from note where name='vetiver' and type='MIDDLE'));insert into perfume_note(perfume_id,note_id) values (699,(select note_id from note where name='cedar' and type='MIDDLE'));insert into perfume_note(perfume_id,note_id) values (699,(select note_id from note where name='patchouli' and type='MIDDLE'));insert into perfume_note(perfume_id,note_id) values (699,(select note_id from note where name='nutmeg' and type='BASE'));insert into perfume_note(perfume_id,note_id) values (699,(select note_id from note where name='jasmine' and type='BASE'));insert into perfume_note(perfume_id,note_id) values (699,(select note_id from note where name='iso e super' and type='BASE'));insert into perfume_note(perfume_id,note_id) values (699,(select note_id from note where name='ginger' and type='BASE'));insert into perfume(perfume_id,concentration,image,name,price,rating,gender,volume,brand_id) values( '700','EDP','perfumes/700.jpg',"Pour Femme",3000,'5.0',0,'100.0',(select brand_id from brand where name="Dolce & Gabbana"));insert into perfume_note(perfume_id,note_id) values( 700,(select note_id from note where name='floral' and type='TOP'));insert into perfume_note(perfume_id,note_id) values (700,(select note_id from note where name='heliotrope' and type='MIDDLE'));insert into perfume_note(perfume_id,note_id) values (700,(select note_id from note where name='sandalwood' and type='MIDDLE'));insert into perfume_note(perfume_id,note_id) values (700,(select note_id from note where name='vanilla' and type='MIDDLE'));insert into perfume_note(perfume_id,note_id) values (700,(select note_id from note where name='guimave' and type='MIDDLE'));insert into perfume_note(perfume_id,note_id) values (700,(select note_id from note where name='blossom' and type='BASE'));insert into perfume_note(perfume_id,note_id) values (700,(select note_id from note where name='jasmine' and type='BASE'));insert into perfume_note(perfume_id,note_id) values (700,(select note_id from note where name='orange' and type='BASE'));insert into perfume(perfume_id,concentration,image,name,price,rating,gender,volume,brand_id) values( '701','EDP','perfumes/701.jpg',"Sheikh Al Shuyukh",3000,'5.0',0,'100.0',(select brand_id from brand where name="Arabian Oud"));insert into perfume_note(perfume_id,note_id) values( 701,(select note_id from note where name='woody' and type='TOP'));insert into perfume_note(perfume_id,note_id) values (701,(select note_id from note where name='vetiver' and type='MIDDLE'));insert into perfume_note(perfume_id,note_id) values (701,(select note_id from note where name='patchouli' and type='MIDDLE'));insert into perfume_note(perfume_id,note_id) values (701,(select note_id from note where name='lavender' and type='BASE'));insert into perfume_note(perfume_id,note_id) values (701,(select note_id from note where name='rosemary' and type='BASE'));insert into perfume_note(perfume_id,note_id) values (701,(select note_id from note where name='sage' and type='BASE'));insert into perfume(perfume_id,concentration,image,name,price,rating,gender,volume,brand_id) values( '702','EDT','perfumes/702.jpg',"Essence Pure",3000,'4.4',0,'100.0',(select brand_id from brand where name="S.T.Dupont"));insert into perfume_note(perfume_id,note_id) values( 702,(select note_id from note where name='citrus' and type='TOP'));insert into perfume_note(perfume_id,note_id) values (702,(select note_id from note where name='patchouli' and type='MIDDLE'));insert into perfume_note(perfume_id,note_id) values (702,(select note_id from note where name='amber' and type='MIDDLE'));insert into perfume_note(perfume_id,note_id) values (702,(select note_id from note where name='vanilla' and type='MIDDLE'));insert into perfume_note(perfume_id,note_id) values (702,(select note_id from note where name='cedar' and type='MIDDLE'));insert into perfume_note(perfume_id,note_id) values (702,(select note_id from note where name='rose' and type='BASE'));insert into perfume_note(perfume_id,note_id) values (702,(select note_id from note where name='jasmine' and type='BASE'));insert into perfume(perfume_id,concentration,image,name,price,rating,gender,volume,brand_id) values( '703','EDT','perfumes/703.jpg',"L'eau D'issey Pour Homme",3000,'5.0',0,'125.0',(select brand_id from brand where name="ISSEY MIYAKE"));insert into perfume_note(perfume_id,note_id) values( 703,(select note_id from note where name='floral' and type='TOP'));insert into perfume_note(perfume_id,note_id) values (703,(select note_id from note where name='coriander' and type='MIDDLE'));insert into perfume_note(perfume_id,note_id) values (703,(select note_id from note where name='nutmeg' and type='BASE'));insert into perfume(perfume_id,concentration,image,name,price,rating,gender,volume,brand_id) values( '704','EDP','perfumes/704.jpg',"Bleu De Chanel",3000,'4.7',0,'100.0',(select brand_id from brand where name="CHANEL"));insert into perfume_note(perfume_id,note_id) values( 704,(select note_id from note where name='woody' and type='TOP'));insert into perfume_note(perfume_id,note_id) values (704,(select note_id from note where name='amber' and type='MIDDLE'));insert into perfume_note(perfume_id,note_id) values (704,(select note_id from note where name='incense' and type='MIDDLE'));insert into perfume_note(perfume_id,note_id) values (704,(select note_id from note where name='labdanum' and type='MIDDLE'));insert into perfume_note(perfume_id,note_id) values (704,(select note_id from note where name='cedar' and type='MIDDLE'));insert into perfume_note(perfume_id,note_id) values (704,(select note_id from note where name='sandalwood' and type='MIDDLE'));insert into perfume_note(perfume_id,note_id) values (704,(select note_id from note where name='patchouli' and type='MIDDLE'));insert into perfume_note(perfume_id,note_id) values (704,(select note_id from note where name='amber wood' and type='MIDDLE'));insert into perfume_note(perfume_id,note_id) values (704,(select note_id from note where name='melon' and type='BASE'));insert into perfume_note(perfume_id,note_id) values (704,(select note_id from note where name='jasmine' and type='BASE'));insert into perfume_note(perfume_id,note_id) values (704,(select note_id from note where name='nutmeg' and type='BASE'));insert into perfume_note(perfume_id,note_id) values (704,(select note_id from note where name='ginger' and type='BASE'));insert into perfume(perfume_id,concentration,image,name,price,rating,gender,volume,brand_id) values( '705','EDP','perfumes/705.jpg',"Musk Mood",3000,'5.0',0,'100.0',(select brand_id from brand where name="Lattafa"));insert into perfume_note(perfume_id,note_id) values( 705,(select note_id from note where name='woody' and type='TOP'));insert into perfume_note(perfume_id,note_id) values (705,(select note_id from note where name='woody note' and type='MIDDLE'));insert into perfume_note(perfume_id,note_id) values (705,(select note_id from note where name='amber' and type='MIDDLE'));insert into perfume_note(perfume_id,note_id) values (705,(select note_id from note where name='incense' and type='MIDDLE'));insert into perfume_note(perfume_id,note_id) values (705,(select note_id from note where name='resins' and type='MIDDLE'));insert into perfume_note(perfume_id,note_id) values (705,(select note_id from note where name='musk' and type='MIDDLE'));insert into perfume_note(perfume_id,note_id) values (705,(select note_id from note where name='patchouli' and type='BASE'));insert into perfume_note(perfume_id,note_id) values (705,(select note_id from note where name='caramel' and type='BASE'));insert into perfume_note(perfume_id,note_id) values (705,(select note_id from note where name='agarwood oud' and type='BASE'));insert into perfume_note(perfume_id,note_id) values (705,(select note_id from note where name='floral notes' and type='BASE'));insert into perfume(perfume_id,concentration,image,name,price,rating,gender,volume,brand_id) values( '706','EDP','perfumes/706.jpg',"Black Opium",3000,'4.8',0,'90.0',(select brand_id from brand where name="Yves Saint Laurent"));insert into perfume_note(perfume_id,note_id) values( 706,(select note_id from note where name='vanilla' and type='TOP'));insert into perfume_note(perfume_id,note_id) values (706,(select note_id from note where name='white wood' and type='MIDDLE'));insert into perfume_note(perfume_id,note_id) values (706,(select note_id from note where name='musk' and type='MIDDLE'));insert into perfume_note(perfume_id,note_id) values (706,(select note_id from note where name='orrange blossom' and type='BASE'));insert into perfume_note(perfume_id,note_id) values (706,(select note_id from note where name='coffee' and type='BASE'));insert into perfume_note(perfume_id,note_id) values (706,(select note_id from note where name='jasmine tea' and type='BASE'));insert into perfume(perfume_id,concentration,image,name,price,rating,gender,volume,brand_id) values( '707','EDP','perfumes/707.jpg',"Baiser Vole",3000,'4.4',0,'100.0',(select brand_id from brand where name="CARTIER"));insert into perfume_note(perfume_id,note_id) values( 707,(select note_id from note where name='floral' and type='TOP'));insert into perfume_note(perfume_id,note_id) values (707,(select note_id from note where name='green' and type='MIDDLE'));insert into perfume_note(perfume_id,note_id) values (707,(select note_id from note where name='leaves' and type='MIDDLE'));insert into perfume_note(perfume_id,note_id) values (707,(select note_id from note where name='lily' and type='MIDDLE'));insert into perfume_note(perfume_id,note_id) values (707,(select note_id from note where name='flower' and type='BASE'));insert into perfume_note(perfume_id,note_id) values (707,(select note_id from note where name='elegant' and type='BASE'));insert into perfume_note(perfume_id,note_id) values (707,(select note_id from note where name='lily' and type='BASE'));insert into perfume_note(perfume_id,note_id) values (707,(select note_id from note where name='rare' and type='BASE'));insert into perfume_note(perfume_id,note_id) values (707,(select note_id from note where name='essences' and type='BASE'));insert into perfume(perfume_id,concentration,image,name,price,rating,gender,volume,brand_id) values( '708','EDT','perfumes/708.jpg',"Red Door",3000,'5.0',0,'100.0',(select brand_id from brand where name="Elizabeth Arden"));insert into perfume_note(perfume_id,note_id) values( 708,(select note_id from note where name='floral' and type='TOP'));insert into perfume_note(perfume_id,note_id) values (708,(select note_id from note where name='honey' and type='MIDDLE'));insert into perfume_note(perfume_id,note_id) values (708,(select note_id from note where name='sandalwood' and type='MIDDLE'));insert into perfume_note(perfume_id,note_id) values (708,(select note_id from note where name='vetiver' and type='MIDDLE'));insert into perfume_note(perfume_id,note_id) values (708,(select note_id from note where name='wild' and type='BASE'));insert into perfume_note(perfume_id,note_id) values (708,(select note_id from note where name='jasmine' and type='BASE'));insert into perfume_note(perfume_id,note_id) values (708,(select note_id from note where name='orchid' and type='BASE'));insert into perfume_note(perfume_id,note_id) values (708,(select note_id from note where name='lilyofthe valley' and type='BASE'));insert into perfume_note(perfume_id,note_id) values (708,(select note_id from note where name='violet' and type='BASE'));insert into perfume_note(perfume_id,note_id) values (708,(select note_id from note where name='orange blossom' and type='BASE'));insert into perfume_note(perfume_id,note_id) values (708,(select note_id from note where name='freesia' and type='BASE'));insert into perfume(perfume_id,concentration,image,name,price,rating,gender,volume,brand_id) values( '709','EDT','perfumes/709.jpg',"Seductive",3000,'5.0',0,'75.0',(select brand_id from brand where name="GUESS"));insert into perfume_note(perfume_id,note_id) values( 709,(select note_id from note where name='spicy' and type='TOP'));insert into perfume_note(perfume_id,note_id) values (709,(select note_id from note where name='cashmere' and type='MIDDLE'));insert into perfume_note(perfume_id,note_id) values (709,(select note_id from note where name='vanille' and type='MIDDLE'));insert into perfume_note(perfume_id,note_id) values (709,(select note_id from note where name='wood' and type='MIDDLE'));insert into perfume_note(perfume_id,note_id) values (709,(select note_id from note where name='olibanum' and type='MIDDLE'));insert into perfume_note(perfume_id,note_id) values (709,(select note_id from note where name='orange' and type='BASE'));insert into perfume_note(perfume_id,note_id) values (709,(select note_id from note where name='orris' and type='BASE'));insert into perfume_note(perfume_id,note_id) values (709,(select note_id from note where name='root' and type='BASE'));insert into perfume_note(perfume_id,note_id) values (709,(select note_id from note where name='flower' and type='BASE'));insert into perfume_note(perfume_id,note_id) values (709,(select note_id from note where name='jasmine' and type='BASE'));insert into perfume_note(perfume_id,note_id) values (709,(select note_id from note where name='african' and type='BASE'));insert into perfume(perfume_id,concentration,image,name,price,rating,gender,volume,brand_id) values( '710','EDT','perfumes/710.jpg',"The One",3000,'4.3',0,'100.0',(select brand_id from brand where name="Dolce & Gabbana"));insert into perfume_note(perfume_id,note_id) values( 710,(select note_id from note where name='spicy' and type='TOP'));insert into perfume_note(perfume_id,note_id) values (710,(select note_id from note where name='cedar' and type='MIDDLE'));insert into perfume_note(perfume_id,note_id) values (710,(select note_id from note where name='amber' and type='MIDDLE'));insert into perfume_note(perfume_id,note_id) values (710,(select note_id from note where name='toacco' and type='MIDDLE'));insert into perfume_note(perfume_id,note_id) values (710,(select note_id from note where name='cardamom' and type='BASE'));insert into perfume_note(perfume_id,note_id) values (710,(select note_id from note where name='orange blossom' and type='BASE'));insert into perfume_note(perfume_id,note_id) values (710,(select note_id from note where name='ginger' and type='BASE'));insert into perfume(perfume_id,concentration,image,name,price,rating,gender,volume,brand_id) values( '711','EDP','perfumes/711.jpg',"Mademoiselle Ricci",3000,'4.5',0,'50.0',(select brand_id from brand where name="NINA RICCI"));insert into perfume_note(perfume_id,note_id) values( 711,(select note_id from note where name='floral' and type='TOP'));insert into perfume_note(perfume_id,note_id) values (711,(select note_id from note where name='amber' and type='MIDDLE'));insert into perfume_note(perfume_id,note_id) values (711,(select note_id from note where name='white wood' and type='MIDDLE'));insert into perfume_note(perfume_id,note_id) values (711,(select note_id from note where name='cedar' and type='MIDDLE'));insert into perfume_note(perfume_id,note_id) values (711,(select note_id from note where name='musk' and type='MIDDLE'));insert into perfume_note(perfume_id,note_id) values (711,(select note_id from note where name='violet' and type='MIDDLE'));insert into perfume_note(perfume_id,note_id) values (711,(select note_id from note where name='nerium oleander' and type='BASE'));insert into perfume_note(perfume_id,note_id) values (711,(select note_id from note where name='hip' and type='BASE'));insert into perfume_note(perfume_id,note_id) values (711,(select note_id from note where name='rose' and type='BASE'));insert into perfume_note(perfume_id,note_id) values (711,(select note_id from note where name='laurels' and type='BASE'));insert into perfume(perfume_id,concentration,image,name,price,rating,gender,volume,brand_id) values( '712','EDT','perfumes/712.jpg',"Classic Black",3000,'4.3',0,'100.0',(select brand_id from brand where name="JAGUAR"));insert into perfume_note(perfume_id,note_id) values( 712,(select note_id from note where name='aromatic' and type='TOP'));insert into perfume_note(perfume_id,note_id) values (712,(select note_id from note where name='tonka beans' and type='MIDDLE'));insert into perfume_note(perfume_id,note_id) values (712,(select note_id from note where name='virginia cedar' and type='MIDDLE'));insert into perfume_note(perfume_id,note_id) values (712,(select note_id from note where name='vetiver' and type='MIDDLE'));insert into perfume_note(perfume_id,note_id) values (712,(select note_id from note where name='sandalwood' and type='MIDDLE'));insert into perfume_note(perfume_id,note_id) values (712,(select note_id from note where name='musk' and type='MIDDLE'));insert into perfume_note(perfume_id,note_id) values (712,(select note_id from note where name='oakmoss' and type='MIDDLE'));insert into perfume_note(perfume_id,note_id) values (712,(select note_id from note where name='nutmeg' and type='BASE'));insert into perfume_note(perfume_id,note_id) values (712,(select note_id from note where name='black' and type='BASE'));insert into perfume_note(perfume_id,note_id) values (712,(select note_id from note where name='cardamom' and type='BASE'));insert into perfume_note(perfume_id,note_id) values (712,(select note_id from note where name='leaves' and type='BASE'));insert into perfume_note(perfume_id,note_id) values (712,(select note_id from note where name='geranium' and type='BASE'));insert into perfume_note(perfume_id,note_id) values (712,(select note_id from note where name='tea' and type='BASE'));insert into perfume(perfume_id,concentration,image,name,price,rating,gender,volume,brand_id) values( '713','EDT','perfumes/713.jpg',"Above The Law",3000,'4.0',0,'100.0',(select brand_id from brand where name="Creation Lamis"));insert into perfume_note(perfume_id,note_id) values( 713,(select note_id from note where name='woody' and type='TOP'));insert into perfume_note(perfume_id,note_id) values (713,(select note_id from note where name='amberwood' and type='MIDDLE'));insert into perfume_note(perfume_id,note_id) values (713,(select note_id from note where name='tonka bean' and type='MIDDLE'));insert into perfume_note(perfume_id,note_id) values (713,(select note_id from note where name='haitian vetiver' and type='MIDDLE'));insert into perfume_note(perfume_id,note_id) values (713,(select note_id from note where name='apple' and type='BASE'));insert into perfume_note(perfume_id,note_id) values (713,(select note_id from note where name='geranium' and type='BASE'));insert into perfume_note(perfume_id,note_id) values (713,(select note_id from note where name='juniper' and type='BASE'));insert into perfume_note(perfume_id,note_id) values (713,(select note_id from note where name='guatemalan cardamom' and type='BASE'));insert into perfume(perfume_id,concentration,image,name,price,rating,gender,volume,brand_id) values( '714','EDP','perfumes/714.jpg',"Si",3000,'4.7',0,'100.0',(select brand_id from brand where name="GIORGIO ARMANI"));insert into perfume_note(perfume_id,note_id) values( 714,(select note_id from note where name='floral' and type='TOP'));insert into perfume_note(perfume_id,note_id) values (714,(select note_id from note where name='patchouli' and type='MIDDLE'));insert into perfume_note(perfume_id,note_id) values (714,(select note_id from note where name='woody notes' and type='MIDDLE'));insert into perfume_note(perfume_id,note_id) values (714,(select note_id from note where name='vanilla' and type='MIDDLE'));insert into perfume_note(perfume_id,note_id) values (714,(select note_id from note where name='ambroxan' and type='MIDDLE'));insert into perfume_note(perfume_id,note_id) values (714,(select note_id from note where name='osmanthus' and type='BASE'));insert into perfume_note(perfume_id,note_id) values (714,(select note_id from note where name='neroli absolute' and type='BASE'));insert into perfume_note(perfume_id,note_id) values (714,(select note_id from note where name='may rose' and type='BASE'));insert into perfume_note(perfume_id,note_id) values (714,(select note_id from note where name='davana' and type='BASE'));insert into perfume(perfume_id,concentration,image,name,price,rating,gender,volume,brand_id) values( '715','EDT','perfumes/715.jpg',"Plus Plus Masculine",3000,'4.5',0,'75.0',(select brand_id from brand where name="DIESEL"));insert into perfume_note(perfume_id,note_id) values( 715,(select note_id from note where name='spicy' and type='TOP'));insert into perfume_note(perfume_id,note_id) values (715,(select note_id from note where name='anise' and type='MIDDLE'));insert into perfume_note(perfume_id,note_id) values (715,(select note_id from note where name='cinnamon' and type='MIDDLE'));insert into perfume_note(perfume_id,note_id) values (715,(select note_id from note where name='nutmeg' and type='MIDDLE'));insert into perfume_note(perfume_id,note_id) values (715,(select note_id from note where name='oak moss' and type='MIDDLE'));insert into perfume_note(perfume_id,note_id) values (715,(select note_id from note where name='vetiver' and type='MIDDLE'));insert into perfume_note(perfume_id,note_id) values (715,(select note_id from note where name='clove' and type='MIDDLE'));insert into perfume_note(perfume_id,note_id) values (715,(select note_id from note where name='sandalwood' and type='MIDDLE'));insert into perfume_note(perfume_id,note_id) values (715,(select note_id from note where name='bean' and type='MIDDLE'));insert into perfume_note(perfume_id,note_id) values (715,(select note_id from note where name='musk' and type='MIDDLE'));insert into perfume_note(perfume_id,note_id) values (715,(select note_id from note where name='tonka' and type='MIDDLE'));insert into perfume_note(perfume_id,note_id) values (715,(select note_id from note where name='patchouli' and type='MIDDLE'));insert into perfume_note(perfume_id,note_id) values (715,(select note_id from note where name='coriander' and type='BASE'));insert into perfume_note(perfume_id,note_id) values (715,(select note_id from note where name='green' and type='BASE'));insert into perfume_note(perfume_id,note_id) values (715,(select note_id from note where name='jasmine' and type='BASE'));insert into perfume_note(perfume_id,note_id) values (715,(select note_id from note where name='sage' and type='BASE'));insert into perfume_note(perfume_id,note_id) values (715,(select note_id from note where name='birch' and type='BASE'));insert into perfume_note(perfume_id,note_id) values (715,(select note_id from note where name='cardamom' and type='BASE'));insert into perfume_note(perfume_id,note_id) values (715,(select note_id from note where name='notes' and type='BASE'));insert into perfume_note(perfume_id,note_id) values (715,(select note_id from note where name='violet' and type='BASE'));insert into perfume_note(perfume_id,note_id) values (715,(select note_id from note where name='lilyofthevalley' and type='BASE'));insert into perfume(perfume_id,concentration,image,name,price,rating,gender,volume,brand_id) values( '716','EDT','perfumes/716.jpg',"Classic Blue",3000,'4.7',0,'100.0',(select brand_id from brand where name="JAGUAR"));insert into perfume_note(perfume_id,note_id) values( 716,(select note_id from note where name='spicy' and type='TOP'));insert into perfume_note(perfume_id,note_id) values (716,(select note_id from note where name='benzoin' and type='MIDDLE'));insert into perfume_note(perfume_id,note_id) values (716,(select note_id from note where name='sandalwood' and type='MIDDLE'));insert into perfume_note(perfume_id,note_id) values (716,(select note_id from note where name='white musk' and type='MIDDLE'));insert into perfume_note(perfume_id,note_id) values (716,(select note_id from note where name='orange blossom' and type='BASE'));insert into perfume_note(perfume_id,note_id) values (716,(select note_id from note where name='lotus' and type='BASE'));insert into perfume_note(perfume_id,note_id) values (716,(select note_id from note where name='ginger' and type='BASE'));insert into perfume(perfume_id,concentration,image,name,price,rating,gender,volume,brand_id) values( '717','EDP','perfumes/717.jpg',"First",3000,'5.0',0,'100.0',(select brand_id from brand where name="Van Cleef & Arpels"));insert into perfume_note(perfume_id,note_id) values( 717,(select note_id from note where name='floral' and type='TOP'));insert into perfume_note(perfume_id,note_id) values (717,(select note_id from note where name='tonka beans' and type='MIDDLE'));insert into perfume_note(perfume_id,note_id) values (717,(select note_id from note where name='amber' and type='MIDDLE'));insert into perfume_note(perfume_id,note_id) values (717,(select note_id from note where name='civet' and type='MIDDLE'));insert into perfume_note(perfume_id,note_id) values (717,(select note_id from note where name='honey' and type='MIDDLE'));insert into perfume_note(perfume_id,note_id) values (717,(select note_id from note where name='vetiver' and type='MIDDLE'));insert into perfume_note(perfume_id,note_id) values (717,(select note_id from note where name='sandalwood' and type='MIDDLE'));insert into perfume_note(perfume_id,note_id) values (717,(select note_id from note where name='vanilla' and type='MIDDLE'));insert into perfume_note(perfume_id,note_id) values (717,(select note_id from note where name='musk' and type='MIDDLE'));insert into perfume_note(perfume_id,note_id) values (717,(select note_id from note where name='oakmoss' and type='MIDDLE'));insert into perfume_note(perfume_id,note_id) values (717,(select note_id from note where name='narcissus' and type='BASE'));insert into perfume_note(perfume_id,note_id) values (717,(select note_id from note where name='ylang ylang' and type='BASE'));insert into perfume_note(perfume_id,note_id) values (717,(select note_id from note where name='rose' and type='BASE'));insert into perfume_note(perfume_id,note_id) values (717,(select note_id from note where name='jasmine' and type='BASE'));insert into perfume_note(perfume_id,note_id) values (717,(select note_id from note where name='carnation' and type='BASE'));insert into perfume_note(perfume_id,note_id) values (717,(select note_id from note where name='orchid' and type='BASE'));insert into perfume_note(perfume_id,note_id) values (717,(select note_id from note where name='tuber rose' and type='BASE'));insert into perfume_note(perfume_id,note_id) values (717,(select note_id from note where name='lily' and type='BASE'));insert into perfume_note(perfume_id,note_id) values (717,(select note_id from note where name='hiacynth' and type='BASE'));insert into perfume_note(perfume_id,note_id) values (717,(select note_id from note where name='orris root' and type='BASE'));insert into perfume(perfume_id,concentration,image,name,price,rating,gender,volume,brand_id) values( '718','EDT','perfumes/718.jpg',"Body Tender",3000,'5.0',0,'85.0',(select brand_id from brand where name="BURBERRY"));insert into perfume_note(perfume_id,note_id) values( 718,(select note_id from note where name='floral' and type='TOP'));insert into perfume_note(perfume_id,note_id) values (718,(select note_id from note where name='cashmeran' and type='MIDDLE'));insert into perfume_note(perfume_id,note_id) values (718,(select note_id from note where name='amber' and type='MIDDLE'));insert into perfume_note(perfume_id,note_id) values (718,(select note_id from note where name='musk' and type='MIDDLE'));insert into perfume_note(perfume_id,note_id) values (718,(select note_id from note where name='white' and type='BASE'));insert into perfume_note(perfume_id,note_id) values (718,(select note_id from note where name='sandalwood' and type='BASE'));insert into perfume_note(perfume_id,note_id) values (718,(select note_id from note where name='jasmine' and type='BASE'));insert into perfume_note(perfume_id,note_id) values (718,(select note_id from note where name='dewy english roses' and type='BASE'));insert into perfume(perfume_id,concentration,image,name,price,rating,gender,volume,brand_id) values( '719','EDT','perfumes/719.jpg',"Eternity",3000,'4.5',0,'100.0',(select brand_id from brand where name="Calvin Klein"));insert into perfume_note(perfume_id,note_id) values( 719,(select note_id from note where name='floral' and type='TOP'));insert into perfume_note(perfume_id,note_id) values (719,(select note_id from note where name='vetiver' and type='MIDDLE'));insert into perfume_note(perfume_id,note_id) values (719,(select note_id from note where name='sandalwood' and type='MIDDLE'));insert into perfume_note(perfume_id,note_id) values (719,(select note_id from note where name='rosewood' and type='MIDDLE'));insert into perfume_note(perfume_id,note_id) values (719,(select note_id from note where name='ambergris' and type='MIDDLE'));insert into perfume_note(perfume_id,note_id) values (719,(select note_id from note where name='geranium' and type='BASE'));insert into perfume_note(perfume_id,note_id) values (719,(select note_id from note where name='jasmine' and type='BASE'));insert into perfume_note(perfume_id,note_id) values (719,(select note_id from note where name='sage' and type='BASE'));insert into perfume(perfume_id,concentration,image,name,price,rating,gender,volume,brand_id) values( '720','EDT','perfumes/720.jpg',"Scuderia Red",3000,'4.6',0,'125.0',(select brand_id from brand where name="Ferrari"));insert into perfume_note(perfume_id,note_id) values( 720,(select note_id from note where name='fruity' and type='TOP'));insert into perfume_note(perfume_id,note_id) values (720,(select note_id from note where name='cedar' and type='MIDDLE'));insert into perfume_note(perfume_id,note_id) values (720,(select note_id from note where name='sandalwood' and type='MIDDLE'));insert into perfume_note(perfume_id,note_id) values (720,(select note_id from note where name='moss' and type='MIDDLE'));insert into perfume_note(perfume_id,note_id) values (720,(select note_id from note where name='vanilla' and type='MIDDLE'));insert into perfume_note(perfume_id,note_id) values (720,(select note_id from note where name='geranium' and type='BASE'));insert into perfume_note(perfume_id,note_id) values (720,(select note_id from note where name='jasmine' and type='BASE'));insert into perfume_note(perfume_id,note_id) values (720,(select note_id from note where name='nutmeg' and type='BASE'));insert into perfume_note(perfume_id,note_id) values (720,(select note_id from note where name='orris' and type='BASE'));insert into perfume(perfume_id,concentration,image,name,price,rating,gender,volume,brand_id) values( '721','EDP','perfumes/721.jpg',"Marciano",3000,'4.6',0,'100.0',(select brand_id from brand where name="GUESS"));insert into perfume_note(perfume_id,note_id) values( 721,(select note_id from note where name='citrus' and type='TOP'));insert into perfume_note(perfume_id,note_id) values (721,(select note_id from note where name='accords' and type='MIDDLE'));insert into perfume_note(perfume_id,note_id) values (721,(select note_id from note where name='powdery vanilla' and type='MIDDLE'));insert into perfume_note(perfume_id,note_id) values (721,(select note_id from note where name='woody' and type='MIDDLE'));insert into perfume_note(perfume_id,note_id) values (721,(select note_id from note where name='musk' and type='MIDDLE'));insert into perfume_note(perfume_id,note_id) values (721,(select note_id from note where name='clean' and type='BASE'));insert into perfume_note(perfume_id,note_id) values (721,(select note_id from note where name='intensively' and type='BASE'));insert into perfume_note(perfume_id,note_id) values (721,(select note_id from note where name='peony' and type='BASE'));insert into perfume_note(perfume_id,note_id) values (721,(select note_id from note where name='honeysuckle' and type='BASE'));insert into perfume_note(perfume_id,note_id) values (721,(select note_id from note where name='jasmine' and type='BASE'));insert into perfume_note(perfume_id,note_id) values (721,(select note_id from note where name='sweet' and type='BASE'));insert into perfume_note(perfume_id,note_id) values (721,(select note_id from note where name='pink' and type='BASE'));insert into perfume(perfume_id,concentration,image,name,price,rating,gender,volume,brand_id) values( '722','EDT','perfumes/722.jpg',"Tommy Girl",3000,'4.4',0,'100.0',(select brand_id from brand where name="TOMMY HILFIGER"));insert into perfume_note(perfume_id,note_id) values( 722,(select note_id from note where name='citrus' and type='TOP'));insert into perfume_note(perfume_id,note_id) values (722,(select note_id from note where name='wild' and type='MIDDLE'));insert into perfume_note(perfume_id,note_id) values (722,(select note_id from note where name='cherokee rose' and type='MIDDLE'));insert into perfume_note(perfume_id,note_id) values (722,(select note_id from note where name='cedar' and type='MIDDLE'));insert into perfume_note(perfume_id,note_id) values (722,(select note_id from note where name='sandalwood' and type='MIDDLE'));insert into perfume_note(perfume_id,note_id) values (722,(select note_id from note where name='dakota lilies' and type='MIDDLE'));insert into perfume_note(perfume_id,note_id) values (722,(select note_id from note where name='heather' and type='MIDDLE'));insert into perfume_note(perfume_id,note_id) values (722,(select note_id from note where name='desert jasmin' and type='MIDDLE'));insert into perfume_note(perfume_id,note_id) values (722,(select note_id from note where name='magnolia petals' and type='MIDDLE'));insert into perfume_note(perfume_id,note_id) values (722,(select note_id from note where name='citrus orchards' and type='BASE'));insert into perfume_note(perfume_id,note_id) values (722,(select note_id from note where name='honeysuckle' and type='BASE'));insert into perfume_note(perfume_id,note_id) values (722,(select note_id from note where name='crisp green notes' and type='BASE'));insert into perfume_note(perfume_id,note_id) values (722,(select note_id from note where name='violets' and type='BASE'));insert into perfume_note(perfume_id,note_id) values (722,(select note_id from note where name='grapefruit' and type='BASE'));insert into perfume_note(perfume_id,note_id) values (722,(select note_id from note where name='butterfly' and type='BASE'));insert into perfume(perfume_id,concentration,image,name,price,rating,gender,volume,brand_id) values( '723','EDP','perfumes/723.jpg',"Oud Al Misk",3000,'3.0',0,'100.0',(select brand_id from brand where name="Rasasi"));insert into perfume_note(perfume_id,note_id) values( 723,(select note_id from note where name='oriental' and type='TOP'));insert into perfume_note(perfume_id,note_id) values (723,(select note_id from note where name='cedar' and type='MIDDLE'));insert into perfume_note(perfume_id,note_id) values (723,(select note_id from note where name='vetiver' and type='MIDDLE'));insert into perfume_note(perfume_id,note_id) values (723,(select note_id from note where name='sandalwood' and type='MIDDLE'));insert into perfume_note(perfume_id,note_id) values (723,(select note_id from note where name='ambergris' and type='MIDDLE'));insert into perfume_note(perfume_id,note_id) values (723,(select note_id from note where name='musk' and type='MIDDLE'));insert into perfume_note(perfume_id,note_id) values (723,(select note_id from note where name='patchouli' and type='MIDDLE'));insert into perfume_note(perfume_id,note_id) values (723,(select note_id from note where name='geranium' and type='BASE'));insert into perfume_note(perfume_id,note_id) values (723,(select note_id from note where name='jasmine' and type='BASE'));insert into perfume(perfume_id,concentration,image,name,price,rating,gender,volume,brand_id) values( '724','EDP','perfumes/724.jpg',"Beach Palm",3000,'2.3',0,'100.0',(select brand_id from brand where name="Alina Corel"));insert into perfume_note(perfume_id,note_id) values( 724,(select note_id from note where name='fresh' and type='TOP'));insert into perfume_note(perfume_id,note_id) values (724,(select note_id from note where name='incense' and type='MIDDLE'));insert into perfume_note(perfume_id,note_id) values (724,(select note_id from note where name='sandal' and type='MIDDLE'));insert into perfume_note(perfume_id,note_id) values (724,(select note_id from note where name='warm woman skin accord' and type='MIDDLE'));insert into perfume_note(perfume_id,note_id) values (724,(select note_id from note where name='himalayan cedar' and type='MIDDLE'));insert into perfume_note(perfume_id,note_id) values (724,(select note_id from note where name='blossom' and type='BASE'));insert into perfume_note(perfume_id,note_id) values (724,(select note_id from note where name='rose' and type='BASE'));insert into perfume_note(perfume_id,note_id) values (724,(select note_id from note where name='jasmine' and type='BASE'));insert into perfume_note(perfume_id,note_id) values (724,(select note_id from note where name='alliance' and type='BASE'));insert into perfume_note(perfume_id,note_id) values (724,(select note_id from note where name='hibiscus' and type='BASE'));insert into perfume_note(perfume_id,note_id) values (724,(select note_id from note where name='heliotrope' and type='BASE'));insert into perfume_note(perfume_id,note_id) values (724,(select note_id from note where name='in' and type='BASE'));insert into perfume_note(perfume_id,note_id) values (724,(select note_id from note where name='bulgarian' and type='BASE'));insert into perfume_note(perfume_id,note_id) values (724,(select note_id from note where name='an' and type='BASE'));insert into perfume(perfume_id,concentration,image,name,price,rating,gender,volume,brand_id) values( '725','EDP','perfumes/725.jpg',"Pleasures",3000,'4.6',0,'100.0',(select brand_id from brand where name="Estee Lauder"));insert into perfume_note(perfume_id,note_id) values( 725,(select note_id from note where name='fruity' and type='TOP'));insert into perfume_note(perfume_id,note_id) values (725,(select note_id from note where name='cedar' and type='MIDDLE'));insert into perfume_note(perfume_id,note_id) values (725,(select note_id from note where name='sandalwood' and type='MIDDLE'));insert into perfume_note(perfume_id,note_id) values (725,(select note_id from note where name='patchouli' and type='MIDDLE'));insert into perfume_note(perfume_id,note_id) values (725,(select note_id from note where name='musk' and type='MIDDLE'));insert into perfume_note(perfume_id,note_id) values (725,(select note_id from note where name='valley' and type='BASE'));insert into perfume_note(perfume_id,note_id) values (725,(select note_id from note where name='the' and type='BASE'));insert into perfume_note(perfume_id,note_id) values (725,(select note_id from note where name='peony' and type='BASE'));insert into perfume_note(perfume_id,note_id) values (725,(select note_id from note where name='rose' and type='BASE'));insert into perfume_note(perfume_id,note_id) values (725,(select note_id from note where name='jasmine' and type='BASE'));insert into perfume_note(perfume_id,note_id) values (725,(select note_id from note where name='lily' and type='BASE'));insert into perfume_note(perfume_id,note_id) values (725,(select note_id from note where name='lilac' and type='BASE'));insert into perfume(perfume_id,concentration,image,name,price,rating,gender,volume,brand_id) values( '726','EDP','perfumes/726.jpg',"Romance",3000,'5.0',0,'45.0',(select brand_id from brand where name="Rasasi"));insert into perfume_note(perfume_id,note_id) values( 726,(select note_id from note where name='floral' and type='TOP'));insert into perfume_note(perfume_id,note_id) values (726,(select note_id from note where name='powdery' and type='MIDDLE'));insert into perfume_note(perfume_id,note_id) values (726,(select note_id from note where name='fruity' and type='BASE'));insert into perfume_note(perfume_id,note_id) values (726,(select note_id from note where name='woody' and type='BASE'));insert into perfume(perfume_id,concentration,image,name,price,rating,gender,volume,brand_id) values( '727','EDT','perfumes/727.jpg',"Encre Noire",3000,'4.5',0,'100.0',(select brand_id from brand where name="LALIQUE"));insert into perfume_note(perfume_id,note_id) values( 727,(select note_id from note where name='woody' and type='TOP'));insert into perfume_note(perfume_id,note_id) values (727,(select note_id from note where name='cashmere' and type='MIDDLE'));insert into perfume_note(perfume_id,note_id) values (727,(select note_id from note where name='wood' and type='MIDDLE'));insert into perfume_note(perfume_id,note_id) values (727,(select note_id from note where name='musk' and type='MIDDLE'));insert into perfume_note(perfume_id,note_id) values (727,(select note_id from note where name='vetiver' and type='BASE'));insert into perfume_note(perfume_id,note_id) values (727,(select note_id from note where name='bourbon' and type='BASE'));insert into perfume_note(perfume_id,note_id) values (727,(select note_id from note where name='haiti' and type='BASE'));insert into perfume(perfume_id,concentration,image,name,price,rating,gender,volume,brand_id) values( '728','EDT','perfumes/728.jpg',"Lotus Flower Aromatic Par",3000,'4.6',0,'100.0',(select brand_id from brand where name="TESORI D´ORIENTE"));insert into perfume_note(perfume_id,note_id) values( 728,(select note_id from note where name='floral' and type='TOP'));insert into perfume_note(perfume_id,note_id) values (728,(select note_id from note where name='sandalwood' and type='MIDDLE'));insert into perfume_note(perfume_id,note_id) values (728,(select note_id from note where name='woodsy notes' and type='MIDDLE'));insert into perfume_note(perfume_id,note_id) values (728,(select note_id from note where name='vanilla' and type='MIDDLE'));insert into perfume_note(perfume_id,note_id) values (728,(select note_id from note where name='musk' and type='MIDDLE'));insert into perfume_note(perfume_id,note_id) values (728,(select note_id from note where name='valley' and type='BASE'));insert into perfume_note(perfume_id,note_id) values (728,(select note_id from note where name='the' and type='BASE'));insert into perfume_note(perfume_id,note_id) values (728,(select note_id from note where name='jasmine' and type='BASE'));insert into perfume_note(perfume_id,note_id) values (728,(select note_id from note where name='lily' and type='BASE'));insert into perfume_note(perfume_id,note_id) values (728,(select note_id from note where name='tuberose' and type='BASE'));insert into perfume_note(perfume_id,note_id) values (728,(select note_id from note where name='lotus' and type='BASE'));insert into perfume(perfume_id,concentration,image,name,price,rating,gender,volume,brand_id) values( '729','EDT','perfumes/729.jpg',"Encre Noire",3000,'4.5',0,'100.0',(select brand_id from brand where name="LALIQUE"));insert into perfume_note(perfume_id,note_id) values( 729,(select note_id from note where name='woody' and type='TOP'));insert into perfume_note(perfume_id,note_id) values (729,(select note_id from note where name='cashmere wood' and type='MIDDLE'));insert into perfume_note(perfume_id,note_id) values (729,(select note_id from note where name='musk' and type='MIDDLE'));insert into perfume_note(perfume_id,note_id) values (729,(select note_id from note where name='haitian vetiver' and type='BASE'));insert into perfume(perfume_id,concentration,image,name,price,rating,gender,volume,brand_id) values( '730','EDP','perfumes/730.jpg',"Amethyst Exquise",3000,'4.4',0,'100.0',(select brand_id from brand where name="LALIQUE"));insert into perfume_note(perfume_id,note_id) values( 730,(select note_id from note where name='floral' and type='TOP'));insert into perfume_note(perfume_id,note_id) values (730,(select note_id from note where name='woody notes' and type='MIDDLE'));insert into perfume_note(perfume_id,note_id) values (730,(select note_id from note where name='orchid' and type='BASE'));insert into perfume(perfume_id,concentration,image,name,price,rating,gender,volume,brand_id) values( '731','EDP','perfumes/731.jpg',"Oud Touch",3000,'4.7',0,'100.0',(select brand_id from brand where name="Franck Olivier"));insert into perfume_note(perfume_id,note_id) values( 731,(select note_id from note where name='woody' and type='TOP'));insert into perfume_note(perfume_id,note_id) values (731,(select note_id from note where name='amber' and type='MIDDLE'));insert into perfume_note(perfume_id,note_id) values (731,(select note_id from note where name='vanilla' and type='MIDDLE'));insert into perfume_note(perfume_id,note_id) values (731,(select note_id from note where name='musk' and type='MIDDLE'));insert into perfume_note(perfume_id,note_id) values (731,(select note_id from note where name='rose' and type='BASE'));insert into perfume_note(perfume_id,note_id) values (731,(select note_id from note where name='jasmine' and type='BASE'));insert into perfume_note(perfume_id,note_id) values (731,(select note_id from note where name='olibanum' and type='BASE'));insert into perfume_note(perfume_id,note_id) values (731,(select note_id from note where name='violet' and type='BASE'));insert into perfume_note(perfume_id,note_id) values (731,(select note_id from note where name='patchouli' and type='BASE'));insert into perfume(perfume_id,concentration,image,name,price,rating,gender,volume,brand_id) values( '732','EDP','perfumes/732.jpg',"Explorer",3000,'5.0',0,'100.0',(select brand_id from brand where name="MONTBLANC"));insert into perfume_note(perfume_id,note_id) values( 732,(select note_id from note where name='woody' and type='TOP'));insert into perfume_note(perfume_id,note_id) values (732,(select note_id from note where name='akigalawood' and type='MIDDLE'));insert into perfume_note(perfume_id,note_id) values (732,(select note_id from note where name='indonesian patchouli leaf' and type='MIDDLE'));insert into perfume_note(perfume_id,note_id) values (732,(select note_id from note where name='ambroxan' and type='MIDDLE'));insert into perfume_note(perfume_id,note_id) values (732,(select note_id from note where name='cacao pod' and type='MIDDLE'));insert into perfume_note(perfume_id,note_id) values (732,(select note_id from note where name='leather' and type='BASE'));insert into perfume_note(perfume_id,note_id) values (732,(select note_id from note where name='haitian vetiver' and type='BASE'));insert into perfume(perfume_id,concentration,image,name,price,rating,gender,volume,brand_id) values( '733','EDT','perfumes/733.jpg',"Yellow Diamond",3000,'5.0',0,'90.0',(select brand_id from brand where name="VERSACE"));insert into perfume_note(perfume_id,note_id) values( 733,(select note_id from note where name='floral' and type='TOP'));insert into perfume_note(perfume_id,note_id) values (733,(select note_id from note where name='precious' and type='MIDDLE'));insert into perfume_note(perfume_id,note_id) values (733,(select note_id from note where name='amber' and type='MIDDLE'));insert into perfume_note(perfume_id,note_id) values (733,(select note_id from note where name='wood' and type='MIDDLE'));insert into perfume_note(perfume_id,note_id) values (733,(select note_id from note where name='musk' and type='MIDDLE'));insert into perfume_note(perfume_id,note_id) values (733,(select note_id from note where name='guaiac' and type='MIDDLE'));insert into perfume_note(perfume_id,note_id) values (733,(select note_id from note where name='creamy' and type='BASE'));insert into perfume_note(perfume_id,note_id) values (733,(select note_id from note where name='jasmine' and type='BASE'));insert into perfume_note(perfume_id,note_id) values (733,(select note_id from note where name='osmanthus' and type='BASE'));insert into perfume(perfume_id,concentration,image,name,price,rating,gender,volume,brand_id) values( '734','EDP','perfumes/734.jpg',"Black Opium",3000,'5.0',0,'90.0',(select brand_id from brand where name="YVES"));insert into perfume_note(perfume_id,note_id) values( 734,(select note_id from note where name='fresh' and type='TOP'));insert into perfume_note(perfume_id,note_id) values (734,(select note_id from note where name='patchouli' and type='MIDDLE'));insert into perfume_note(perfume_id,note_id) values (734,(select note_id from note where name='vanilla' and type='MIDDLE'));insert into perfume_note(perfume_id,note_id) values (734,(select note_id from note where name='cedar' and type='MIDDLE'));insert into perfume_note(perfume_id,note_id) values (734,(select note_id from note where name='cashmere wood' and type='MIDDLE'));insert into perfume_note(perfume_id,note_id) values (734,(select note_id from note where name='coffee' and type='BASE'));insert into perfume_note(perfume_id,note_id) values (734,(select note_id from note where name='bitter almond' and type='BASE'));insert into perfume_note(perfume_id,note_id) values (734,(select note_id from note where name='jasmine' and type='BASE'));insert into perfume_note(perfume_id,note_id) values (734,(select note_id from note where name='licorice' and type='BASE'));insert into perfume(perfume_id,concentration,image,name,price,rating,gender,volume,brand_id) values( '735','EDP','perfumes/735.jpg',"Coco Mademoiselle",3000,'4.7',0,'100.0',(select brand_id from brand where name="CHANEL"));insert into perfume_note(perfume_id,note_id) values( 735,(select note_id from note where name='woody' and type='TOP'));insert into perfume_note(perfume_id,note_id) values (735,(select note_id from note where name='patchouli' and type='MIDDLE'));insert into perfume_note(perfume_id,note_id) values (735,(select note_id from note where name='tonka beans' and type='MIDDLE'));insert into perfume_note(perfume_id,note_id) values (735,(select note_id from note where name='white musk' and type='MIDDLE'));insert into perfume_note(perfume_id,note_id) values (735,(select note_id from note where name='vetiver' and type='MIDDLE'));insert into perfume_note(perfume_id,note_id) values (735,(select note_id from note where name='vanilla' and type='MIDDLE'));insert into perfume_note(perfume_id,note_id) values (735,(select note_id from note where name='opoponax' and type='MIDDLE'));insert into perfume_note(perfume_id,note_id) values (735,(select note_id from note where name='ylangylang' and type='BASE'));insert into perfume_note(perfume_id,note_id) values (735,(select note_id from note where name='rose' and type='BASE'));insert into perfume_note(perfume_id,note_id) values (735,(select note_id from note where name='jasmine' and type='BASE'));insert into perfume_note(perfume_id,note_id) values (735,(select note_id from note where name='mimosa' and type='BASE'));insert into perfume(perfume_id,concentration,image,name,price,rating,gender,volume,brand_id) values( '736','EDT','perfumes/736.jpg',"One Shock",3000,'4.2',0,'200.0',(select brand_id from brand where name="Calvin Klein"));insert into perfume_note(perfume_id,note_id) values( 736,(select note_id from note where name='floral' and type='TOP'));insert into perfume_note(perfume_id,note_id) values (736,(select note_id from note where name='patchouli' and type='MIDDLE'));insert into perfume_note(perfume_id,note_id) values (736,(select note_id from note where name='amber' and type='MIDDLE'));insert into perfume_note(perfume_id,note_id) values (736,(select note_id from note where name='vanille' and type='MIDDLE'));insert into perfume_note(perfume_id,note_id) values (736,(select note_id from note where name='musk' and type='MIDDLE'));insert into perfume_note(perfume_id,note_id) values (736,(select note_id from note where name='narcissus' and type='BASE'));insert into perfume_note(perfume_id,note_id) values (736,(select note_id from note where name='chocolate' and type='BASE'));insert into perfume_note(perfume_id,note_id) values (736,(select note_id from note where name='jasmine' and type='BASE'));insert into perfume_note(perfume_id,note_id) values (736,(select note_id from note where name='blackberry' and type='BASE'));insert into perfume_note(perfume_id,note_id) values (736,(select note_id from note where name='mexican' and type='BASE'));insert into perfume(perfume_id,concentration,image,name,price,rating,gender,volume,brand_id) values( '737','EDT','perfumes/737.jpg',"Uomo",3000,'4.6',0,'100.0',(select brand_id from brand where name="Roberto Cavalli"));insert into perfume_note(perfume_id,note_id) values( 737,(select note_id from note where name='floral' and type='TOP'));insert into perfume_note(perfume_id,note_id) values (737,(select note_id from note where name='cedar' and type='MIDDLE'));insert into perfume_note(perfume_id,note_id) values (737,(select note_id from note where name='patchouli' and type='MIDDLE'));insert into perfume_note(perfume_id,note_id) values (737,(select note_id from note where name='tonka bean' and type='MIDDLE'));insert into perfume_note(perfume_id,note_id) values (737,(select note_id from note where name='honey' and type='BASE'));insert into perfume_note(perfume_id,note_id) values (737,(select note_id from note where name='lavender' and type='BASE'));insert into perfume(perfume_id,concentration,image,name,price,rating,gender,volume,brand_id) values( '738','EDP','perfumes/738.jpg',"Quatre Absolue De Nuit",3000,'4.8',0,'100.0',(select brand_id from brand where name="BOUCHERON"));insert into perfume_note(perfume_id,note_id) values( 738,(select note_id from note where name='arabian' and type='TOP'));insert into perfume_note(perfume_id,note_id) values (738,(select note_id from note where name='amberwood' and type='MIDDLE'));insert into perfume_note(perfume_id,note_id) values (738,(select note_id from note where name='sandalwood' and type='MIDDLE'));insert into perfume_note(perfume_id,note_id) values (738,(select note_id from note where name='vanilla' and type='MIDDLE'));insert into perfume_note(perfume_id,note_id) values (738,(select note_id from note where name='pear' and type='BASE'));insert into perfume_note(perfume_id,note_id) values (738,(select note_id from note where name='bean' and type='BASE'));insert into perfume_note(perfume_id,note_id) values (738,(select note_id from note where name='jasmine' and type='BASE'));insert into perfume_note(perfume_id,note_id) values (738,(select note_id from note where name='tonka' and type='BASE'));insert into perfume(perfume_id,concentration,image,name,price,rating,gender,volume,brand_id) values( '739','EDT','perfumes/739.jpg',"Eternity",3000,'4.5',0,'100.0',(select brand_id from brand where name="Calvin Klein"));insert into perfume_note(perfume_id,note_id) values( 739,(select note_id from note where name='floral' and type='TOP'));insert into perfume_note(perfume_id,note_id) values (739,(select note_id from note where name='amber' and type='MIDDLE'));insert into perfume_note(perfume_id,note_id) values (739,(select note_id from note where name='brazilian rosewood' and type='MIDDLE'));insert into perfume_note(perfume_id,note_id) values (739,(select note_id from note where name='vetiver' and type='MIDDLE'));insert into perfume_note(perfume_id,note_id) values (739,(select note_id from note where name='sandalwood' and type='MIDDLE'));insert into perfume_note(perfume_id,note_id) values (739,(select note_id from note where name='musk' and type='MIDDLE'));insert into perfume_note(perfume_id,note_id) values (739,(select note_id from note where name='coriander' and type='BASE'));insert into perfume_note(perfume_id,note_id) values (739,(select note_id from note where name='jasmine' and type='BASE'));insert into perfume_note(perfume_id,note_id) values (739,(select note_id from note where name='sage' and type='BASE'));insert into perfume_note(perfume_id,note_id) values (739,(select note_id from note where name='lily' and type='BASE'));insert into perfume_note(perfume_id,note_id) values (739,(select note_id from note where name='geranium' and type='BASE'));insert into perfume_note(perfume_id,note_id) values (739,(select note_id from note where name='orange blossom' and type='BASE'));insert into perfume_note(perfume_id,note_id) values (739,(select note_id from note where name='lilyofthevalley' and type='BASE'));insert into perfume_note(perfume_id,note_id) values (739,(select note_id from note where name='basil' and type='BASE'));insert into perfume_note(perfume_id,note_id) values (739,(select note_id from note where name='juniper berries' and type='BASE'));insert into perfume(perfume_id,concentration,image,name,price,rating,gender,volume,brand_id) values( '740','EDP','perfumes/740.jpg',"London",3000,'5.0',0,'100.0',(select brand_id from brand where name="BURBERRY"));insert into perfume_note(perfume_id,note_id) values( 740,(select note_id from note where name='floral' and type='TOP'));insert into perfume_note(perfume_id,note_id) values (740,(select note_id from note where name='patchouli' and type='MIDDLE'));insert into perfume_note(perfume_id,note_id) values (740,(select note_id from note where name='sandalwood' and type='MIDDLE'));insert into perfume_note(perfume_id,note_id) values (740,(select note_id from note where name='musk' and type='MIDDLE'));insert into perfume_note(perfume_id,note_id) values (740,(select note_id from note where name='clementine' and type='BASE'));insert into perfume_note(perfume_id,note_id) values (740,(select note_id from note where name='jasmine' and type='BASE'));insert into perfume_note(perfume_id,note_id) values (740,(select note_id from note where name='peony tiare' and type='BASE'));insert into perfume(perfume_id,concentration,image,name,price,rating,gender,volume,brand_id) values( '741','EDT','perfumes/741.jpg',"Uomo",3000,'4.6',0,'100.0',(select brand_id from brand where name="Roberto Cavalli"));insert into perfume_note(perfume_id,note_id) values( 741,(select note_id from note where name='floral' and type='TOP'));insert into perfume_note(perfume_id,note_id) values (741,(select note_id from note where name='cedar' and type='MIDDLE'));insert into perfume_note(perfume_id,note_id) values (741,(select note_id from note where name='patchouli' and type='MIDDLE'));insert into perfume_note(perfume_id,note_id) values (741,(select note_id from note where name='tonka bean' and type='MIDDLE'));insert into perfume_note(perfume_id,note_id) values (741,(select note_id from note where name='honey' and type='BASE'));insert into perfume_note(perfume_id,note_id) values (741,(select note_id from note where name='lavender' and type='BASE'));insert into perfume(perfume_id,concentration,image,name,price,rating,gender,volume,brand_id) values( '742','EDT','perfumes/742.jpg',"L'Homme Ideal",3000,'5.0',0,'1.0',(select brand_id from brand where name="Guerlain"));insert into perfume_note(perfume_id,note_id) values( 742,(select note_id from note where name='floral' and type='TOP'));insert into perfume_note(perfume_id,note_id) values (742,(select note_id from note where name='patchouli' and type='MIDDLE'));insert into perfume_note(perfume_id,note_id) values (742,(select note_id from note where name='amber' and type='MIDDLE'));insert into perfume_note(perfume_id,note_id) values (742,(select note_id from note where name='vanilla' and type='MIDDLE'));insert into perfume_note(perfume_id,note_id) values (742,(select note_id from note where name='musk' and type='MIDDLE'));insert into perfume_note(perfume_id,note_id) values (742,(select note_id from note where name='geranium' and type='BASE'));insert into perfume_note(perfume_id,note_id) values (742,(select note_id from note where name='jasmine' and type='BASE'));insert into perfume_note(perfume_id,note_id) values (742,(select note_id from note where name='neroli' and type='BASE'));insert into perfume_note(perfume_id,note_id) values (742,(select note_id from note where name='ylangylang' and type='BASE'));insert into perfume(perfume_id,concentration,image,name,price,rating,gender,volume,brand_id) values( '743','EDT','perfumes/743.jpg',"Sheer Beauty",3000,'4.6',0,'100.0',(select brand_id from brand where name="Calvin Klein"));insert into perfume_note(perfume_id,note_id) values( 743,(select note_id from note where name='fruity' and type='TOP'));insert into perfume_note(perfume_id,note_id) values (743,(select note_id from note where name='sandalwood' and type='MIDDLE'));insert into perfume_note(perfume_id,note_id) values (743,(select note_id from note where name='vanille' and type='MIDDLE'));insert into perfume_note(perfume_id,note_id) values (743,(select note_id from note where name='musk' and type='MIDDLE'));insert into perfume_note(perfume_id,note_id) values (743,(select note_id from note where name='lily' and type='BASE'));insert into perfume_note(perfume_id,note_id) values (743,(select note_id from note where name='jasmine' and type='BASE'));insert into perfume_note(perfume_id,note_id) values (743,(select note_id from note where name='peony' and type='BASE'));insert into perfume(perfume_id,concentration,image,name,price,rating,gender,volume,brand_id) values( '744','EDP','perfumes/744.jpg',"Rouat Al Musk",3000,'4.8',0,'100.0',(select brand_id from brand where name="Lattafa"));insert into perfume_note(perfume_id,note_id) values( 744,(select note_id from note where name='oriental' and type='TOP'));insert into perfume_note(perfume_id,note_id) values (744,(select note_id from note where name='amber' and type='MIDDLE'));insert into perfume_note(perfume_id,note_id) values (744,(select note_id from note where name='vanilla' and type='MIDDLE'));insert into perfume_note(perfume_id,note_id) values (744,(select note_id from note where name='white' and type='BASE'));insert into perfume_note(perfume_id,note_id) values (744,(select note_id from note where name='sandalwood' and type='BASE'));insert into perfume_note(perfume_id,note_id) values (744,(select note_id from note where name='jasmine' and type='BASE'));insert into perfume_note(perfume_id,note_id) values (744,(select note_id from note where name='flowers' and type='BASE'));insert into perfume(perfume_id,concentration,image,name,price,rating,gender,volume,brand_id) values( '745','EDP','perfumes/745.jpg',"Wild Leather",3000,'4.4',0,'120.0',(select brand_id from brand where name="Mancera"));insert into perfume_note(perfume_id,note_id) values( 745,(select note_id from note where name='woody' and type='TOP'));insert into perfume_note(perfume_id,note_id) values (745,(select note_id from note where name='guaiac wood' and type='MIDDLE'));insert into perfume_note(perfume_id,note_id) values (745,(select note_id from note where name='amber' and type='MIDDLE'));insert into perfume_note(perfume_id,note_id) values (745,(select note_id from note where name='lichen' and type='MIDDLE'));insert into perfume_note(perfume_id,note_id) values (745,(select note_id from note where name='musk' and type='MIDDLE'));insert into perfume_note(perfume_id,note_id) values (745,(select note_id from note where name='leather' and type='MIDDLE'));insert into perfume_note(perfume_id,note_id) values (745,(select note_id from note where name='patchouli' and type='BASE'));insert into perfume_note(perfume_id,note_id) values (745,(select note_id from note where name='violet' and type='BASE'));insert into perfume_note(perfume_id,note_id) values (745,(select note_id from note where name='bulgarian rose' and type='BASE'));insert into perfume(perfume_id,concentration,image,name,price,rating,gender,volume,brand_id) values( '746','Oil','perfumes/746.jpg',"White Musk Perfume",3000,'3.8',0,'6.0',(select brand_id from brand where name="Misk Perfumes"));insert into perfume_note(perfume_id,note_id) values( 746,(select note_id from note where name='musk' and type='TOP'));insert into perfume_note(perfume_id,note_id) values (746,(select note_id from note where name='tail rose' and type='MIDDLE'));insert into perfume_note(perfume_id,note_id) values (746,(select note_id from note where name='vanilla flowers' and type='BASE'));insert into perfume(perfume_id,concentration,image,name,price,rating,gender,volume,brand_id) values( '747','EDP','perfumes/747.jpg',"Monsieur Coco Vanilla",3000,'4.7',0,'100.0',(select brand_id from brand where name="Alina Corel"));insert into perfume_note(perfume_id,note_id) values( 747,(select note_id from note where name='floral' and type='TOP'));insert into perfume_note(perfume_id,note_id) values (747,(select note_id from note where name='woody notes' and type='MIDDLE'));insert into perfume_note(perfume_id,note_id) values (747,(select note_id from note where name='madagascar vanilla' and type='MIDDLE'));insert into perfume_note(perfume_id,note_id) values (747,(select note_id from note where name='white musk' and type='MIDDLE'));insert into perfume_note(perfume_id,note_id) values (747,(select note_id from note where name='ylangylang' and type='BASE'));insert into perfume_note(perfume_id,note_id) values (747,(select note_id from note where name='jasmine' and type='BASE'));insert into perfume_note(perfume_id,note_id) values (747,(select note_id from note where name='tiare flower' and type='BASE'));insert into perfume(perfume_id,concentration,image,name,price,rating,gender,volume,brand_id) values( '748','EDP','perfumes/748.jpg',"Still",3000,'4.8',0,'100.0',(select brand_id from brand where name="jennifer lopez"));insert into perfume_note(perfume_id,note_id) values( 748,(select note_id from note where name='floral' and type='TOP'));insert into perfume_note(perfume_id,note_id) values (748,(select note_id from note where name='sandalwood' and type='MIDDLE'));insert into perfume_note(perfume_id,note_id) values (748,(select note_id from note where name='amber' and type='MIDDLE'));insert into perfume_note(perfume_id,note_id) values (748,(select note_id from note where name='orris' and type='MIDDLE'));insert into perfume_note(perfume_id,note_id) values (748,(select note_id from note where name='honeysuckle' and type='BASE'));insert into perfume_note(perfume_id,note_id) values (748,(select note_id from note where name='pink freesia' and type='BASE'));insert into perfume_note(perfume_id,note_id) values (748,(select note_id from note where name='orange tree blossom' and type='BASE'));insert into perfume(perfume_id,concentration,image,name,price,rating,gender,volume,brand_id) values( '749','EDP','perfumes/749.jpg',"Golden Blaze",3000,'4.3',0,'100.0',(select brand_id from brand where name="DORALL COLLECTION"));insert into perfume_note(perfume_id,note_id) values( 749,(select note_id from note where name='musk' and type='TOP'));insert into perfume_note(perfume_id,note_id) values (749,(select note_id from note where name='patchouli' and type='MIDDLE'));insert into perfume_note(perfume_id,note_id) values (749,(select note_id from note where name='amber' and type='MIDDLE'));insert into perfume_note(perfume_id,note_id) values (749,(select note_id from note where name='musk' and type='MIDDLE'));insert into perfume_note(perfume_id,note_id) values (749,(select note_id from note where name='ylangylang' and type='BASE'));insert into perfume_note(perfume_id,note_id) values (749,(select note_id from note where name='jasmine' and type='BASE'));insert into perfume(perfume_id,concentration,image,name,price,rating,gender,volume,brand_id) values( '750','EDP','perfumes/750.jpg',"Emotion",3000,'4.6',0,'50.0',(select brand_id from brand where name="Rasasi"));insert into perfume_note(perfume_id,note_id) values( 750,(select note_id from note where name='woody' and type='TOP'));insert into perfume_note(perfume_id,note_id) values (750,(select note_id from note where name='amber' and type='MIDDLE'));insert into perfume_note(perfume_id,note_id) values (750,(select note_id from note where name='cedar' and type='MIDDLE'));insert into perfume_note(perfume_id,note_id) values (750,(select note_id from note where name='sandalwood' and type='MIDDLE'));insert into perfume_note(perfume_id,note_id) values (750,(select note_id from note where name='vanilla' and type='MIDDLE'));insert into perfume_note(perfume_id,note_id) values (750,(select note_id from note where name='musk' and type='MIDDLE'));insert into perfume_note(perfume_id,note_id) values (750,(select note_id from note where name='kiwi' and type='BASE'));insert into perfume_note(perfume_id,note_id) values (750,(select note_id from note where name='pineapple' and type='BASE'));insert into perfume_note(perfume_id,note_id) values (750,(select note_id from note where name='lily' and type='BASE'));insert into perfume_note(perfume_id,note_id) values (750,(select note_id from note where name='black currant' and type='BASE'));insert into perfume_note(perfume_id,note_id) values (750,(select note_id from note where name='water' and type='BASE'));insert into perfume_note(perfume_id,note_id) values (750,(select note_id from note where name='jasmin' and type='BASE'));insert into perfume_note(perfume_id,note_id) values (750,(select note_id from note where name='freesia' and type='BASE'));insert into perfume(perfume_id,concentration,image,name,price,rating,gender,volume,brand_id) values( '751','EDT','perfumes/751.jpg',"Only The Brave Tattoo",3000,'4.5',0,'75.0',(select brand_id from brand where name="DIESEL"));insert into perfume_note(perfume_id,note_id) values( 751,(select note_id from note where name='citrus' and type='TOP'));insert into perfume_note(perfume_id,note_id) values (751,(select note_id from note where name='patchouli' and type='MIDDLE'));insert into perfume_note(perfume_id,note_id) values (751,(select note_id from note where name='woodsy accord' and type='MIDDLE'));insert into perfume_note(perfume_id,note_id) values (751,(select note_id from note where name='benzoin' and type='MIDDLE'));insert into perfume_note(perfume_id,note_id) values (751,(select note_id from note where name='tob**co' and type='MIDDLE'));insert into perfume_note(perfume_id,note_id) values (751,(select note_id from note where name='bourbon pepper' and type='BASE'));insert into perfume_note(perfume_id,note_id) values (751,(select note_id from note where name='sage' and type='BASE'));insert into perfume(perfume_id,concentration,image,name,price,rating,gender,volume,brand_id) values( '752','EDP','perfumes/752.jpg',"Sheikh Shuyukh",3000,'4.9',0,'50.0',(select brand_id from brand where name="Lattafa"));insert into perfume_note(perfume_id,note_id) values( 752,(select note_id from note where name='woody' and type='TOP'));insert into perfume_note(perfume_id,note_id) values (752,(select note_id from note where name='vetiver' and type='MIDDLE'));insert into perfume_note(perfume_id,note_id) values (752,(select note_id from note where name='patchouli' and type='MIDDLE'));insert into perfume_note(perfume_id,note_id) values (752,(select note_id from note where name='lavender' and type='BASE'));insert into perfume_note(perfume_id,note_id) values (752,(select note_id from note where name='rosemary' and type='BASE'));insert into perfume_note(perfume_id,note_id) values (752,(select note_id from note where name='sage' and type='BASE'));insert into perfume(perfume_id,concentration,image,name,price,rating,gender,volume,brand_id) values( '753','EDP','perfumes/753.jpg',"Kalam Al Oud",3000,'3.3',0,'100.0',(select brand_id from brand where name="Al Fakhr"));insert into perfume_note(perfume_id,note_id) values( 753,(select note_id from note where name='woody' and type='TOP'));insert into perfume_note(perfume_id,note_id) values (753,(select note_id from note where name='cedarwood' and type='MIDDLE'));insert into perfume_note(perfume_id,note_id) values (753,(select note_id from note where name='sandalwood' and type='MIDDLE'));insert into perfume_note(perfume_id,note_id) values (753,(select note_id from note where name='cardamom' and type='BASE'));insert into perfume_note(perfume_id,note_id) values (753,(select note_id from note where name='black pepper' and type='BASE'));insert into perfume(perfume_id,concentration,image,name,price,rating,gender,volume,brand_id) values( '754','EDT','perfumes/754.jpg',"Orange EDT Sp",3000,'4.8',0,'100.0',(select brand_id from brand where name="HUGO BOSS"));insert into perfume_note(perfume_id,note_id) values( 754,(select note_id from note where name='floral' and type='TOP'));insert into perfume_note(perfume_id,note_id) values (754,(select note_id from note where name='woodsy notes' and type='MIDDLE'));insert into perfume_note(perfume_id,note_id) values (754,(select note_id from note where name='vanilla' and type='MIDDLE'));insert into perfume_note(perfume_id,note_id) values (754,(select note_id from note where name='sichuan pepper' and type='BASE'));insert into perfume_note(perfume_id,note_id) values (754,(select note_id from note where name='incense' and type='BASE'));insert into perfume(perfume_id,concentration,image,name,price,rating,gender,volume,brand_id) values( '755','EDP','perfumes/755.jpg',"Club De Nuit Milestone",3000,'5.0',0,'105.0',(select brand_id from brand where name="Armaf"));insert into perfume_note(perfume_id,note_id) values( 755,(select note_id from note where name='floral' and type='TOP'));insert into perfume_note(perfume_id,note_id) values (755,(select note_id from note where name='vetiver' and type='MIDDLE'));insert into perfume_note(perfume_id,note_id) values (755,(select note_id from note where name='musk' and type='MIDDLE'));insert into perfume_note(perfume_id,note_id) values (755,(select note_id from note where name='ambroxan' and type='MIDDLE'));insert into perfume_note(perfume_id,note_id) values (755,(select note_id from note where name='white wood' and type='BASE'));insert into perfume_note(perfume_id,note_id) values (755,(select note_id from note where name='violet sandalwood' and type='BASE'));insert into perfume(perfume_id,concentration,image,name,price,rating,gender,volume,brand_id) values( '756','EDP','perfumes/756.jpg',"Man In Black",3000,'4.6',0,'100.0',(select brand_id from brand where name="BVLGARI"));insert into perfume_note(perfume_id,note_id) values( 756,(select note_id from note where name='spicy' and type='TOP'));insert into perfume_note(perfume_id,note_id) values (756,(select note_id from note where name='guaiac wood' and type='MIDDLE'));insert into perfume_note(perfume_id,note_id) values (756,(select note_id from note where name='benzoin' and type='MIDDLE'));insert into perfume_note(perfume_id,note_id) values (756,(select note_id from note where name='tonka bean' and type='MIDDLE'));insert into perfume_note(perfume_id,note_id) values (756,(select note_id from note where name='leather' and type='BASE'));insert into perfume_note(perfume_id,note_id) values (756,(select note_id from note where name='tuberose' and type='BASE'));insert into perfume_note(perfume_id,note_id) values (756,(select note_id from note where name='iris' and type='BASE'));insert into perfume(perfume_id,concentration,image,name,price,rating,gender,volume,brand_id) values( '757','EDP','perfumes/757.jpg',"Eros",3000,'5.0',0,'100.0',(select brand_id from brand where name="VERSACE"));insert into perfume_note(perfume_id,note_id) values( 757,(select note_id from note where name='citrus' and type='TOP'));insert into perfume_note(perfume_id,note_id) values (757,(select note_id from note where name='woodsy' and type='MIDDLE'));insert into perfume_note(perfume_id,note_id) values (757,(select note_id from note where name='sandalwood' and type='MIDDLE'));insert into perfume_note(perfume_id,note_id) values (757,(select note_id from note where name='notes' and type='MIDDLE'));insert into perfume_note(perfume_id,note_id) values (757,(select note_id from note where name='musk' and type='MIDDLE'));insert into perfume_note(perfume_id,note_id) values (757,(select note_id from note where name='ambroxan' and type='MIDDLE'));insert into perfume_note(perfume_id,note_id) values (757,(select note_id from note where name='lemon blossom' and type='BASE'));insert into perfume_note(perfume_id,note_id) values (757,(select note_id from note where name='jasmine' and type='BASE'));insert into perfume_note(perfume_id,note_id) values (757,(select note_id from note where name='peony' and type='BASE'));insert into perfume_note(perfume_id,note_id) values (757,(select note_id from note where name='jasmine sambac' and type='BASE'));insert into perfume(perfume_id,concentration,image,name,price,rating,gender,volume,brand_id) values( '758','EDT','perfumes/758.jpg',"Declaration",3000,'4.5',0,'100.0',(select brand_id from brand where name="CARTIER"));insert into perfume_note(perfume_id,note_id) values( 758,(select note_id from note where name='spicy' and type='TOP'));insert into perfume_note(perfume_id,note_id) values (758,(select note_id from note where name='amber' and type='MIDDLE'));insert into perfume_note(perfume_id,note_id) values (758,(select note_id from note where name='oak' and type='MIDDLE'));insert into perfume_note(perfume_id,note_id) values (758,(select note_id from note where name='cedar' and type='MIDDLE'));insert into perfume_note(perfume_id,note_id) values (758,(select note_id from note where name='tahitian vetiver' and type='MIDDLE'));insert into perfume_note(perfume_id,note_id) values (758,(select note_id from note where name='moss' and type='MIDDLE'));insert into perfume_note(perfume_id,note_id) values (758,(select note_id from note where name='leather' and type='MIDDLE'));insert into perfume_note(perfume_id,note_id) values (758,(select note_id from note where name='tea' and type='MIDDLE'));insert into perfume_note(perfume_id,note_id) values (758,(select note_id from note where name='pepper' and type='BASE'));insert into perfume_note(perfume_id,note_id) values (758,(select note_id from note where name='juniper' and type='BASE'));insert into perfume_note(perfume_id,note_id) values (758,(select note_id from note where name='cinnamon' and type='BASE'));insert into perfume_note(perfume_id,note_id) values (758,(select note_id from note where name='iris' and type='BASE'));insert into perfume_note(perfume_id,note_id) values (758,(select note_id from note where name='jasmine' and type='BASE'));insert into perfume_note(perfume_id,note_id) values (758,(select note_id from note where name='cardamom' and type='BASE'));insert into perfume_note(perfume_id,note_id) values (758,(select note_id from note where name='orris root' and type='BASE'));insert into perfume_note(perfume_id,note_id) values (758,(select note_id from note where name='guatemalan' and type='BASE'));insert into perfume_note(perfume_id,note_id) values (758,(select note_id from note where name='ginger' and type='BASE'));insert into perfume(perfume_id,concentration,image,name,price,rating,gender,volume,brand_id) values( '759','EDP','perfumes/759.jpg',"Velvet Oud",3000,'3.0',0,'100.0',(select brand_id from brand where name="Pierra Katra"));insert into perfume_note(perfume_id,note_id) values( 759,(select note_id from note where name='arabian' and type='TOP'));insert into perfume_note(perfume_id,note_id) values (759,(select note_id from note where name='amber' and type='MIDDLE'));insert into perfume_note(perfume_id,note_id) values (759,(select note_id from note where name='cashmere wood' and type='MIDDLE'));insert into perfume_note(perfume_id,note_id) values (759,(select note_id from note where name='musk' and type='MIDDLE'));insert into perfume_note(perfume_id,note_id) values (759,(select note_id from note where name='' and type='BASE'));insert into perfume_note(perfume_id,note_id) values (759,(select note_id from note where name='honeysuckle' and type='BASE'));insert into perfume_note(perfume_id,note_id) values (759,(select note_id from note where name='sweet fruity raspberry nuance' and type='BASE'));insert into perfume_note(perfume_id,note_id) values (759,(select note_id from note where name='magnolia' and type='BASE'));insert into perfume_note(perfume_id,note_id) values (759,(select note_id from note where name='harmony' and type='BASE'));insert into perfume_note(perfume_id,note_id) values (759,(select note_id from note where name='floral' and type='BASE'));insert into perfume(perfume_id,concentration,image,name,price,rating,gender,volume,brand_id) values( '760','EDT','perfumes/760.jpg',"Plus Plus Masculine",3000,'4.6',0,'75.0',(select brand_id from brand where name="DIESEL"));insert into perfume_note(perfume_id,note_id) values( 760,(select note_id from note where name='spicy' and type='TOP'));insert into perfume_note(perfume_id,note_id) values (760,(select note_id from note where name='anise' and type='MIDDLE'));insert into perfume_note(perfume_id,note_id) values (760,(select note_id from note where name='cinnamon' and type='MIDDLE'));insert into perfume_note(perfume_id,note_id) values (760,(select note_id from note where name='nutmeg' and type='MIDDLE'));insert into perfume_note(perfume_id,note_id) values (760,(select note_id from note where name='oak moss' and type='MIDDLE'));insert into perfume_note(perfume_id,note_id) values (760,(select note_id from note where name='vetiver' and type='MIDDLE'));insert into perfume_note(perfume_id,note_id) values (760,(select note_id from note where name='clove' and type='MIDDLE'));insert into perfume_note(perfume_id,note_id) values (760,(select note_id from note where name='sandalwood' and type='MIDDLE'));insert into perfume_note(perfume_id,note_id) values (760,(select note_id from note where name='bean' and type='MIDDLE'));insert into perfume_note(perfume_id,note_id) values (760,(select note_id from note where name='musk' and type='MIDDLE'));insert into perfume_note(perfume_id,note_id) values (760,(select note_id from note where name='tonka' and type='MIDDLE'));insert into perfume_note(perfume_id,note_id) values (760,(select note_id from note where name='patchouli' and type='MIDDLE'));insert into perfume_note(perfume_id,note_id) values (760,(select note_id from note where name='coriander' and type='BASE'));insert into perfume_note(perfume_id,note_id) values (760,(select note_id from note where name='green' and type='BASE'));insert into perfume_note(perfume_id,note_id) values (760,(select note_id from note where name='jasmine' and type='BASE'));insert into perfume_note(perfume_id,note_id) values (760,(select note_id from note where name='sage' and type='BASE'));insert into perfume_note(perfume_id,note_id) values (760,(select note_id from note where name='birch' and type='BASE'));insert into perfume_note(perfume_id,note_id) values (760,(select note_id from note where name='cardamom' and type='BASE'));insert into perfume_note(perfume_id,note_id) values (760,(select note_id from note where name='notes' and type='BASE'));insert into perfume_note(perfume_id,note_id) values (760,(select note_id from note where name='violet' and type='BASE'));insert into perfume_note(perfume_id,note_id) values (760,(select note_id from note where name='lilyofthevalley' and type='BASE'));insert into perfume(perfume_id,concentration,image,name,price,rating,gender,volume,brand_id) values( '761','EDP','perfumes/761.jpg',"Shuhrah",3000,'5.0',0,'90.0',(select brand_id from brand where name="Rasasi"));insert into perfume_note(perfume_id,note_id) values( 761,(select note_id from note where name='floral' and type='TOP'));insert into perfume_note(perfume_id,note_id) values (761,(select note_id from note where name='patchouli' and type='MIDDLE'));insert into perfume_note(perfume_id,note_id) values (761,(select note_id from note where name='oud' and type='MIDDLE'));insert into perfume_note(perfume_id,note_id) values (761,(select note_id from note where name='musk' and type='MIDDLE'));insert into perfume_note(perfume_id,note_id) values (761,(select note_id from note where name='grey amber' and type='MIDDLE'));insert into perfume_note(perfume_id,note_id) values (761,(select note_id from note where name='valley' and type='BASE'));insert into perfume_note(perfume_id,note_id) values (761,(select note_id from note where name='the' and type='BASE'));insert into perfume_note(perfume_id,note_id) values (761,(select note_id from note where name='iris' and type='BASE'));insert into perfume_note(perfume_id,note_id) values (761,(select note_id from note where name='jasmine' and type='BASE'));insert into perfume_note(perfume_id,note_id) values (761,(select note_id from note where name='lily' and type='BASE'));insert into perfume(perfume_id,concentration,image,name,price,rating,gender,volume,brand_id) values( '762','EDP','perfumes/762.jpg',"Eros",3000,'4.5',0,'100.0',(select brand_id from brand where name="VERSACE"));insert into perfume_note(perfume_id,note_id) values( 762,(select note_id from note where name='citrus' and type='TOP'));insert into perfume_note(perfume_id,note_id) values (762,(select note_id from note where name='sandalwood' and type='MIDDLE'));insert into perfume_note(perfume_id,note_id) values (762,(select note_id from note where name='woodsy notes' and type='MIDDLE'));insert into perfume_note(perfume_id,note_id) values (762,(select note_id from note where name='ambroxan' and type='MIDDLE'));insert into perfume_note(perfume_id,note_id) values (762,(select note_id from note where name='musk' and type='MIDDLE'));insert into perfume_note(perfume_id,note_id) values (762,(select note_id from note where name='lemon blossom' and type='BASE'));insert into perfume_note(perfume_id,note_id) values (762,(select note_id from note where name='jasmine' and type='BASE'));insert into perfume_note(perfume_id,note_id) values (762,(select note_id from note where name='peony' and type='BASE'));insert into perfume_note(perfume_id,note_id) values (762,(select note_id from note where name='jasmine sambac' and type='BASE'));insert into perfume(perfume_id,concentration,image,name,price,rating,gender,volume,brand_id) values( '763','EDP','perfumes/763.jpg',"Eros",3000,'4.6',0,'100.0',(select brand_id from brand where name="VERSACE"));insert into perfume_note(perfume_id,note_id) values( 763,(select note_id from note where name='citrus' and type='TOP'));insert into perfume_note(perfume_id,note_id) values (763,(select note_id from note where name='sandalwood' and type='MIDDLE'));insert into perfume_note(perfume_id,note_id) values (763,(select note_id from note where name='woodsy notes' and type='MIDDLE'));insert into perfume_note(perfume_id,note_id) values (763,(select note_id from note where name='musk' and type='MIDDLE'));insert into perfume_note(perfume_id,note_id) values (763,(select note_id from note where name='ambroxan' and type='MIDDLE'));insert into perfume_note(perfume_id,note_id) values (763,(select note_id from note where name='lemon blossom' and type='BASE'));insert into perfume_note(perfume_id,note_id) values (763,(select note_id from note where name='jasmine' and type='BASE'));insert into perfume_note(perfume_id,note_id) values (763,(select note_id from note where name='peony' and type='BASE'));insert into perfume_note(perfume_id,note_id) values (763,(select note_id from note where name='jasmine sambac' and type='BASE'));insert into perfume(perfume_id,concentration,image,name,price,rating,gender,volume,brand_id) values( '764','EDP','perfumes/764.jpg',"La Vie Est Belle",3000,'4.4',0,'75.0',(select brand_id from brand where name="Lancome"));insert into perfume_note(perfume_id,note_id) values( 764,(select note_id from note where name='vanilla' and type='TOP'));insert into perfume_note(perfume_id,note_id) values (764,(select note_id from note where name='patchouli' and type='MIDDLE'));insert into perfume_note(perfume_id,note_id) values (764,(select note_id from note where name='tonka beans' and type='MIDDLE'));insert into perfume_note(perfume_id,note_id) values (764,(select note_id from note where name='vanilla' and type='MIDDLE'));insert into perfume_note(perfume_id,note_id) values (764,(select note_id from note where name='praline' and type='MIDDLE'));insert into perfume_note(perfume_id,note_id) values (764,(select note_id from note where name='jasmine' and type='BASE'));insert into perfume_note(perfume_id,note_id) values (764,(select note_id from note where name='orange tree blossom' and type='BASE'));insert into perfume_note(perfume_id,note_id) values (764,(select note_id from note where name='iris' and type='BASE'));insert into perfume(perfume_id,concentration,image,name,price,rating,gender,volume,brand_id) values( '765','EDP','perfumes/765.jpg',"Sheikh Al Shuyukh",3000,'5.0',0,'50.0',(select brand_id from brand where name="Arabian Oud"));insert into perfume_note(perfume_id,note_id) values( 765,(select note_id from note where name='oriental' and type='TOP'));insert into perfume_note(perfume_id,note_id) values (765,(select note_id from note where name='vetiver' and type='MIDDLE'));insert into perfume_note(perfume_id,note_id) values (765,(select note_id from note where name='patchouli' and type='MIDDLE'));insert into perfume_note(perfume_id,note_id) values (765,(select note_id from note where name='lavender' and type='BASE'));insert into perfume_note(perfume_id,note_id) values (765,(select note_id from note where name='rosemary' and type='BASE'));insert into perfume_note(perfume_id,note_id) values (765,(select note_id from note where name='sage' and type='BASE'));insert into perfume(perfume_id,concentration,image,name,price,rating,gender,volume,brand_id) values( '766','EDT','perfumes/766.jpg',"Hot",3000,'4.5',0,'100.0',(select brand_id from brand where name="UNITED COLORS OF BENETTON"));insert into perfume_note(perfume_id,note_id) values( 766,(select note_id from note where name='woody' and type='TOP'));insert into perfume_note(perfume_id,note_id) values (766,(select note_id from note where name='cedarwood' and type='MIDDLE'));insert into perfume_note(perfume_id,note_id) values (766,(select note_id from note where name='amber' and type='MIDDLE'));insert into perfume_note(perfume_id,note_id) values (766,(select note_id from note where name='oak moss' and type='MIDDLE'));insert into perfume_note(perfume_id,note_id) values (766,(select note_id from note where name='sandalwood' and type='MIDDLE'));insert into perfume_note(perfume_id,note_id) values (766,(select note_id from note where name='vanilla' and type='MIDDLE'));insert into perfume_note(perfume_id,note_id) values (766,(select note_id from note where name='musk' and type='MIDDLE'));insert into perfume_note(perfume_id,note_id) values (766,(select note_id from note where name='valley' and type='BASE'));insert into perfume_note(perfume_id,note_id) values (766,(select note_id from note where name='water jasmine' and type='BASE'));insert into perfume_note(perfume_id,note_id) values (766,(select note_id from note where name='the' and type='BASE'));insert into perfume_note(perfume_id,note_id) values (766,(select note_id from note where name='iris' and type='BASE'));insert into perfume_note(perfume_id,note_id) values (766,(select note_id from note where name='apricot' and type='BASE'));insert into perfume_note(perfume_id,note_id) values (766,(select note_id from note where name='lily' and type='BASE'));insert into perfume(perfume_id,concentration,image,name,price,rating,gender,volume,brand_id) values( '767','EDT','perfumes/767.jpg',"L'Homme",3000,'5.0',0,'100.0',(select brand_id from brand where name="LANVIN"));insert into perfume_note(perfume_id,note_id) values( 767,(select note_id from note where name='spicy' and type='TOP'));insert into perfume_note(perfume_id,note_id) values (767,(select note_id from note where name='sandalwood' and type='MIDDLE'));insert into perfume_note(perfume_id,note_id) values (767,(select note_id from note where name='musk' and type='MIDDLE'));insert into perfume_note(perfume_id,note_id) values (767,(select note_id from note where name='amber' and type='MIDDLE'));insert into perfume_note(perfume_id,note_id) values (767,(select note_id from note where name='pepper' and type='BASE'));insert into perfume_note(perfume_id,note_id) values (767,(select note_id from note where name='sage' and type='BASE'));insert into perfume_note(perfume_id,note_id) values (767,(select note_id from note where name='mint' and type='BASE'));insert into perfume_note(perfume_id,note_id) values (767,(select note_id from note where name='comprise' and type='BASE'));insert into perfume_note(perfume_id,note_id) values (767,(select note_id from note where name='cardamom' and type='BASE'));insert into perfume(perfume_id,concentration,image,name,price,rating,gender,volume,brand_id) values( '768','EDP','perfumes/768.jpg',"Wood Mystique",3000,'5.0',0,'100.0',(select brand_id from brand where name="Estee Lauder"));insert into perfume_note(perfume_id,note_id) values( 768,(select note_id from note where name='woody' and type='TOP'));insert into perfume_note(perfume_id,note_id) values (768,(select note_id from note where name='raspberry' and type='MIDDLE'));insert into perfume_note(perfume_id,note_id) values (768,(select note_id from note where name='virginia cedar' and type='MIDDLE'));insert into perfume_note(perfume_id,note_id) values (768,(select note_id from note where name='benzoin' and type='MIDDLE'));insert into perfume_note(perfume_id,note_id) values (768,(select note_id from note where name='agarwood' and type='MIDDLE'));insert into perfume_note(perfume_id,note_id) values (768,(select note_id from note where name='patchouli' and type='MIDDLE'));insert into perfume_note(perfume_id,note_id) values (768,(select note_id from note where name='leather' and type='MIDDLE'));insert into perfume_note(perfume_id,note_id) values (768,(select note_id from note where name='iris' and type='BASE'));insert into perfume_note(perfume_id,note_id) values (768,(select note_id from note where name='rose' and type='BASE'));insert into perfume_note(perfume_id,note_id) values (768,(select note_id from note where name='jasmine' and type='BASE'));insert into perfume_note(perfume_id,note_id) values (768,(select note_id from note where name='mimosa' and type='BASE'));insert into perfume_note(perfume_id,note_id) values (768,(select note_id from note where name='ylangylang' and type='BASE'));insert into perfume(perfume_id,concentration,image,name,price,rating,gender,volume,brand_id) values( '769','EDT','perfumes/769.jpg',"Essence Pure",3000,'4.6',0,'100.0',(select brand_id from brand where name="S.T.Dupont"));insert into perfume_note(perfume_id,note_id) values( 769,(select note_id from note where name='woody' and type='TOP'));insert into perfume_note(perfume_id,note_id) values (769,(select note_id from note where name='cedar' and type='MIDDLE'));insert into perfume_note(perfume_id,note_id) values (769,(select note_id from note where name='amber' and type='MIDDLE'));insert into perfume_note(perfume_id,note_id) values (769,(select note_id from note where name='cypress' and type='MIDDLE'));insert into perfume_note(perfume_id,note_id) values (769,(select note_id from note where name='musk' and type='MIDDLE'));insert into perfume_note(perfume_id,note_id) values (769,(select note_id from note where name='lavender' and type='BASE'));insert into perfume_note(perfume_id,note_id) values (769,(select note_id from note where name='bamboo' and type='BASE'));insert into perfume_note(perfume_id,note_id) values (769,(select note_id from note where name='iris' and type='BASE'));insert into perfume(perfume_id,concentration,image,name,price,rating,gender,volume,brand_id) values( '770','EDT','perfumes/770.jpg',"In Red",3000,'4.5',0,'100.0',(select brand_id from brand where name="ARMAND BASI"));insert into perfume_note(perfume_id,note_id) values( 770,(select note_id from note where name='citrus' and type='TOP'));insert into perfume_note(perfume_id,note_id) values (770,(select note_id from note where name='amber' and type='MIDDLE'));insert into perfume_note(perfume_id,note_id) values (770,(select note_id from note where name='white musk' and type='MIDDLE'));insert into perfume_note(perfume_id,note_id) values (770,(select note_id from note where name='praline' and type='MIDDLE'));insert into perfume_note(perfume_id,note_id) values (770,(select note_id from note where name='woody notes' and type='MIDDLE'));insert into perfume_note(perfume_id,note_id) values (770,(select note_id from note where name='vanilla' and type='MIDDLE'));insert into perfume_note(perfume_id,note_id) values (770,(select note_id from note where name='palisander rosemary' and type='MIDDLE'));insert into perfume_note(perfume_id,note_id) values (770,(select note_id from note where name='oakmoss' and type='MIDDLE'));insert into perfume_note(perfume_id,note_id) values (770,(select note_id from note where name='violet leaf' and type='BASE'));insert into perfume_note(perfume_id,note_id) values (770,(select note_id from note where name='peony' and type='BASE'));insert into perfume_note(perfume_id,note_id) values (770,(select note_id from note where name='rose' and type='BASE'));insert into perfume_note(perfume_id,note_id) values (770,(select note_id from note where name='jasmine' and type='BASE'));insert into perfume_note(perfume_id,note_id) values (770,(select note_id from note where name='pink pepper' and type='BASE'));insert into perfume_note(perfume_id,note_id) values (770,(select note_id from note where name='lily' and type='BASE'));insert into perfume_note(perfume_id,note_id) values (770,(select note_id from note where name='blackcurrant' and type='BASE'));insert into perfume(perfume_id,concentration,image,name,price,rating,gender,volume,brand_id) values( '771','EDP','perfumes/771.jpg',"Pure Oudi Liquid Gold",3000,'2.0',0,'100.0',(select brand_id from brand where name="Lattafa"));insert into perfume_note(perfume_id,note_id) values( 771,(select note_id from note where name='woody' and type='TOP'));insert into perfume_note(perfume_id,note_id) values (771,(select note_id from note where name='effervescent citrus.' and type='MIDDLE'));insert into perfume_note(perfume_id,note_id) values (771,(select note_id from note where name='ylangylang' and type='BASE'));insert into perfume_note(perfume_id,note_id) values (771,(select note_id from note where name='black currant' and type='BASE'));insert into perfume(perfume_id,concentration,image,name,price,rating,gender,volume,brand_id) values( '772','EDT','perfumes/772.jpg',"Lancy",3000,'4.5',0,'100.0',(select brand_id from brand where name="DORALL COLLECTION"));insert into perfume_note(perfume_id,note_id) values( 772,(select note_id from note where name='spicy' and type='TOP'));insert into perfume_note(perfume_id,note_id) values (772,(select note_id from note where name='patchouli' and type='MIDDLE'));insert into perfume_note(perfume_id,note_id) values (772,(select note_id from note where name='vanilla' and type='MIDDLE'));insert into perfume_note(perfume_id,note_id) values (772,(select note_id from note where name='praline' and type='MIDDLE'));insert into perfume_note(perfume_id,note_id) values (772,(select note_id from note where name='tonka' and type='MIDDLE'));insert into perfume_note(perfume_id,note_id) values (772,(select note_id from note where name='orange blossom' and type='BASE'));insert into perfume_note(perfume_id,note_id) values (772,(select note_id from note where name='jasmine' and type='BASE'));insert into perfume_note(perfume_id,note_id) values (772,(select note_id from note where name='iris' and type='BASE'));insert into perfume(perfume_id,concentration,image,name,price,rating,gender,volume,brand_id) values( '773','EDT','perfumes/773.jpg',"Guilty",3000,'4.8',0,'75.0',(select brand_id from brand where name="GUCCI"));insert into perfume_note(perfume_id,note_id) values( 773,(select note_id from note where name='floral' and type='TOP'));insert into perfume_note(perfume_id,note_id) values (773,(select note_id from note where name='wild' and type='MIDDLE'));insert into perfume_note(perfume_id,note_id) values (773,(select note_id from note where name='lily' and type='MIDDLE'));insert into perfume_note(perfume_id,note_id) values (773,(select note_id from note where name='strawberry' and type='MIDDLE'));insert into perfume_note(perfume_id,note_id) values (773,(select note_id from note where name='litchi' and type='BASE'));insert into perfume(perfume_id,concentration,image,name,price,rating,gender,volume,brand_id) values( '774','EDT','perfumes/774.jpg',"One Million",3000,'4.5',0,'200.0',(select brand_id from brand where name="PACO RABANNE"));insert into perfume_note(perfume_id,note_id) values( 774,(select note_id from note where name='woody' and type='TOP'));insert into perfume_note(perfume_id,note_id) values (774,(select note_id from note where name='leather' and type='MIDDLE'));insert into perfume_note(perfume_id,note_id) values (774,(select note_id from note where name='amber' and type='MIDDLE'));insert into perfume_note(perfume_id,note_id) values (774,(select note_id from note where name='rose' and type='BASE'));insert into perfume_note(perfume_id,note_id) values (774,(select note_id from note where name='cinnamon' and type='BASE'));insert into perfume(perfume_id,concentration,image,name,price,rating,gender,volume,brand_id) values( '775','EDT','perfumes/775.jpg',"Bright Crystal",3000,'4.5',0,'5.0',(select brand_id from brand where name="VERSACE"));insert into perfume_note(perfume_id,note_id) values( 775,(select note_id from note where name='floral' and type='TOP'));insert into perfume_note(perfume_id,note_id) values (775,(select note_id from note where name='red' and type='MIDDLE'));insert into perfume_note(perfume_id,note_id) values (775,(select note_id from note where name='plants' and type='MIDDLE'));insert into perfume_note(perfume_id,note_id) values (775,(select note_id from note where name='musk' and type='MIDDLE'));insert into perfume_note(perfume_id,note_id) values (775,(select note_id from note where name='woods' and type='MIDDLE'));insert into perfume_note(perfume_id,note_id) values (775,(select note_id from note where name='lotus' and type='BASE'));insert into perfume_note(perfume_id,note_id) values (775,(select note_id from note where name='magnolia' and type='BASE'));insert into perfume_note(perfume_id,note_id) values (775,(select note_id from note where name='peony' and type='BASE'));insert into perfume(perfume_id,concentration,image,name,price,rating,gender,volume,brand_id) values( '776','EDT','perfumes/776.jpg',"DC Charged",3000,'5.0',0,'100.0',(select brand_id from brand where name="DORALL COLLECTION"));insert into perfume_note(perfume_id,note_id) values( 776,(select note_id from note where name='woody' and type='TOP'));insert into perfume_note(perfume_id,note_id) values (776,(select note_id from note where name='coconut salt' and type='MIDDLE'));insert into perfume_note(perfume_id,note_id) values (776,(select note_id from note where name='musk' and type='MIDDLE'));insert into perfume_note(perfume_id,note_id) values (776,(select note_id from note where name='praline' and type='MIDDLE'));insert into perfume_note(perfume_id,note_id) values (776,(select note_id from note where name='suede' and type='MIDDLE'));insert into perfume_note(perfume_id,note_id) values (776,(select note_id from note where name='apple' and type='BASE'));insert into perfume_note(perfume_id,note_id) values (776,(select note_id from note where name='floral notes' and type='BASE'));insert into perfume(perfume_id,concentration,image,name,price,rating,gender,volume,brand_id) values( '777','EDT','perfumes/777.jpg',"The Game",3000,'4.9',0,'100.0',(select brand_id from brand where name="DAVIDOFF"));insert into perfume_note(perfume_id,note_id) values( 777,(select note_id from note where name='woody' and type='TOP'));insert into perfume_note(perfume_id,note_id) values (777,(select note_id from note where name='ebony wood' and type='MIDDLE'));insert into perfume_note(perfume_id,note_id) values (777,(select note_id from note where name='woody notes' and type='BASE'));insert into perfume_note(perfume_id,note_id) values (777,(select note_id from note where name='iris' and type='BASE'));insert into perfume(perfume_id,concentration,image,name,price,rating,gender,volume,brand_id) values( '778','EDT','perfumes/778.jpg',"Boss The Scent",3000,'4.6',0,'100.0',(select brand_id from brand where name="HUGO BOSS"));insert into perfume_note(perfume_id,note_id) values( 778,(select note_id from note where name='spicy' and type='TOP'));insert into perfume_note(perfume_id,note_id) values (778,(select note_id from note where name='leather' and type='MIDDLE'));insert into perfume_note(perfume_id,note_id) values (778,(select note_id from note where name='lavender' and type='BASE'));insert into perfume_note(perfume_id,note_id) values (778,(select note_id from note where name='maninka' and type='BASE'));insert into perfume_note(perfume_id,note_id) values (778,(select note_id from note where name='fruit' and type='BASE'));insert into perfume(perfume_id,concentration,image,name,price,rating,gender,volume,brand_id) values( '779','EDP','perfumes/779.jpg',"Bakhoor Al Arais",3000,'4.6',0,'50.0',(select brand_id from brand where name="SWISS ARABIAN"));insert into perfume_note(perfume_id,note_id) values( 779,(select note_id from note where name='arabian' and type='TOP'));insert into perfume_note(perfume_id,note_id) values (779,(select note_id from note where name='amber' and type='MIDDLE'));insert into perfume_note(perfume_id,note_id) values (779,(select note_id from note where name='palisander rosewood' and type='MIDDLE'));insert into perfume_note(perfume_id,note_id) values (779,(select note_id from note where name='cedar' and type='BASE'));insert into perfume_note(perfume_id,note_id) values (779,(select note_id from note where name='spicy' and type='BASE'));insert into perfume(perfume_id,concentration,image,name,price,rating,gender,volume,brand_id) values( '780','EDT','perfumes/780.jpg',"Invictus Intense",3000,'4.7',0,'100.0',(select brand_id from brand where name="PACO RABANNE"));insert into perfume_note(perfume_id,note_id) values( 780,(select note_id from note where name='spicy' and type='TOP'));insert into perfume_note(perfume_id,note_id) values (780,(select note_id from note where name='salt' and type='MIDDLE'));insert into perfume_note(perfume_id,note_id) values (780,(select note_id from note where name='amber' and type='MIDDLE'));insert into perfume_note(perfume_id,note_id) values (780,(select note_id from note where name='ambergris' and type='MIDDLE'));insert into perfume_note(perfume_id,note_id) values (780,(select note_id from note where name='laurels' and type='BASE'));insert into perfume_note(perfume_id,note_id) values (780,(select note_id from note where name='whiskey' and type='BASE'));insert into perfume(perfume_id,concentration,image,name,price,rating,gender,volume,brand_id) values( '781','EDP','perfumes/781.jpg',"Beauty",3000,'4.6',0,'100.0',(select brand_id from brand where name="Calvin Klein"));insert into perfume_note(perfume_id,note_id) values( 781,(select note_id from note where name='floral' and type='TOP'));insert into perfume_note(perfume_id,note_id) values (781,(select note_id from note where name='virginia cedar' and type='MIDDLE'));insert into perfume_note(perfume_id,note_id) values (781,(select note_id from note where name='jasmine' and type='BASE'));insert into perfume(perfume_id,concentration,image,name,price,rating,gender,volume,brand_id) values( '782','EDP','perfumes/782.jpg',"Cedar Essence",3000,'4.4',0,'100.0',(select brand_id from brand where name="Ferrari"));insert into perfume_note(perfume_id,note_id) values( 782,(select note_id from note where name='woody' and type='TOP'));insert into perfume_note(perfume_id,note_id) values (782,(select note_id from note where name='patchouli' and type='MIDDLE'));insert into perfume_note(perfume_id,note_id) values (782,(select note_id from note where name='amber' and type='MIDDLE'));insert into perfume_note(perfume_id,note_id) values (782,(select note_id from note where name='marine' and type='BASE'));insert into perfume_note(perfume_id,note_id) values (782,(select note_id from note where name='watermelon' and type='BASE'));insert into perfume(perfume_id,concentration,image,name,price,rating,gender,volume,brand_id) values( '783','EDP','perfumes/783.jpg',"Plaisir",3000,'4.8',0,'100.0',(select brand_id from brand where name="J.CASANOVA"));insert into perfume_note(perfume_id,note_id) values( 783,(select note_id from note where name='oriental' and type='TOP'));insert into perfume_note(perfume_id,note_id) values (783,(select note_id from note where name='amber' and type='MIDDLE'));insert into perfume_note(perfume_id,note_id) values (783,(select note_id from note where name='musk' and type='BASE'));insert into perfume(perfume_id,concentration,image,name,price,rating,gender,volume,brand_id) values( '784','EDT','perfumes/784.jpg',"Islanders",3000,'3.4',0,'100.0',(select brand_id from brand where name="DORALL COLLECTION"));insert into perfume_note(perfume_id,note_id) values( 784,(select note_id from note where name='woody' and type='TOP'));insert into perfume_note(perfume_id,note_id) values (784,(select note_id from note where name='guaiac wood' and type='MIDDLE'));insert into perfume_note(perfume_id,note_id) values (784,(select note_id from note where name='patchouli' and type='MIDDLE'));insert into perfume_note(perfume_id,note_id) values (784,(select note_id from note where name='ambergris' and type='MIDDLE'));insert into perfume_note(perfume_id,note_id) values (784,(select note_id from note where name='oakmoss' and type='MIDDLE'));insert into perfume_note(perfume_id,note_id) values (784,(select note_id from note where name='jasmine' and type='BASE'));insert into perfume_note(perfume_id,note_id) values (784,(select note_id from note where name='bay leaf' and type='BASE'));insert into perfume(perfume_id,concentration,image,name,price,rating,gender,volume,brand_id) values( '785','EDT','perfumes/785.jpg',"CK One",3000,'4.5',0,'200.0',(select brand_id from brand where name="Calvin Klein"));insert into perfume_note(perfume_id,note_id) values( 785,(select note_id from note where name='citrus' and type='TOP'));insert into perfume_note(perfume_id,note_id) values (785,(select note_id from note where name='amber' and type='MIDDLE'));insert into perfume_note(perfume_id,note_id) values (785,(select note_id from note where name='cedar' and type='MIDDLE'));insert into perfume_note(perfume_id,note_id) values (785,(select note_id from note where name='sandalwood' and type='MIDDLE'));insert into perfume_note(perfume_id,note_id) values (785,(select note_id from note where name='musk' and type='MIDDLE'));insert into perfume_note(perfume_id,note_id) values (785,(select note_id from note where name='oakmoss' and type='MIDDLE'));insert into perfume_note(perfume_id,note_id) values (785,(select note_id from note where name='rose' and type='BASE'));insert into perfume_note(perfume_id,note_id) values (785,(select note_id from note where name='jasmine' and type='BASE'));insert into perfume_note(perfume_id,note_id) values (785,(select note_id from note where name='nutmeg' and type='BASE'));insert into perfume_note(perfume_id,note_id) values (785,(select note_id from note where name='violet' and type='BASE'));insert into perfume_note(perfume_id,note_id) values (785,(select note_id from note where name='lilyofthevalley' and type='BASE'));insert into perfume_note(perfume_id,note_id) values (785,(select note_id from note where name='orris root' and type='BASE'));insert into perfume(perfume_id,concentration,image,name,price,rating,gender,volume,brand_id) values( '786','EDP','perfumes/786.jpg',"Furiosa",3000,'4.2',0,'100.0',(select brand_id from brand where name="Fendi"));insert into perfume_note(perfume_id,note_id) values( 786,(select note_id from note where name='floral' and type='TOP'));insert into perfume_note(perfume_id,note_id) values (786,(select note_id from note where name='gaïac' and type='MIDDLE'));insert into perfume_note(perfume_id,note_id) values (786,(select note_id from note where name='amber' and type='MIDDLE'));insert into perfume_note(perfume_id,note_id) values (786,(select note_id from note where name='wood' and type='MIDDLE'));insert into perfume_note(perfume_id,note_id) values (786,(select note_id from note where name='incense' and type='MIDDLE'));insert into perfume_note(perfume_id,note_id) values (786,(select note_id from note where name='jasmine absolute' and type='BASE'));insert into perfume_note(perfume_id,note_id) values (786,(select note_id from note where name='violaciocca' and type='BASE'));insert into perfume_note(perfume_id,note_id) values (786,(select note_id from note where name='gardenia' and type='BASE'));insert into perfume_note(perfume_id,note_id) values (786,(select note_id from note where name='flower' and type='BASE'));insert into perfume(perfume_id,concentration,image,name,price,rating,gender,volume,brand_id) values( '787','EDP','perfumes/787.jpg',"Oud Khurafi",3000,'5.0',0,'100.0',(select brand_id from brand where name="al raheeb"));insert into perfume_note(perfume_id,note_id) values( 787,(select note_id from note where name='fresh' and type='TOP'));insert into perfume_note(perfume_id,note_id) values (787,(select note_id from note where name='cashmeran' and type='MIDDLE'));insert into perfume_note(perfume_id,note_id) values (787,(select note_id from note where name='musk' and type='MIDDLE'));insert into perfume_note(perfume_id,note_id) values (787,(select note_id from note where name='ambroxan' and type='MIDDLE'));insert into perfume_note(perfume_id,note_id) values (787,(select note_id from note where name='woody' and type='BASE'));insert into perfume(perfume_id,concentration,image,name,price,rating,gender,volume,brand_id) values( '788','EDT','perfumes/788.jpg',"Nude Natural Spray Colo",3000,'4.7',0,'100.0',(select brand_id from brand where name="Bill Blass"));insert into perfume_note(perfume_id,note_id) values( 788,(select note_id from note where name='floral' and type='TOP'));insert into perfume_note(perfume_id,note_id) values (788,(select note_id from note where name='vetiver' and type='MIDDLE'));insert into perfume_note(perfume_id,note_id) values (788,(select note_id from note where name='sandalwood' and type='MIDDLE'));insert into perfume_note(perfume_id,note_id) values (788,(select note_id from note where name='musk' and type='MIDDLE'));insert into perfume_note(perfume_id,note_id) values (788,(select note_id from note where name='orris root' and type='MIDDLE'));insert into perfume_note(perfume_id,note_id) values (788,(select note_id from note where name='narcissus' and type='BASE'));insert into perfume_note(perfume_id,note_id) values (788,(select note_id from note where name='rose' and type='BASE'));insert into perfume_note(perfume_id,note_id) values (788,(select note_id from note where name='jasmine' and type='BASE'));insert into perfume_note(perfume_id,note_id) values (788,(select note_id from note where name='ylangylang' and type='BASE'));insert into perfume_note(perfume_id,note_id) values (788,(select note_id from note where name='oakmoss' and type='BASE'));insert into perfume(perfume_id,concentration,image,name,price,rating,gender,volume,brand_id) values( '789','EDT','perfumes/789.jpg',"Black Xs Potion",3000,'4.3',0,'100.0',(select brand_id from brand where name="PACO RABANNE"));insert into perfume_note(perfume_id,note_id) values( 789,(select note_id from note where name='woody' and type='TOP'));insert into perfume_note(perfume_id,note_id) values (789,(select note_id from note where name='labdanum rum' and type='MIDDLE'));insert into perfume_note(perfume_id,note_id) values (789,(select note_id from note where name='wormwood cashmere wood' and type='BASE'));insert into perfume(perfume_id,concentration,image,name,price,rating,gender,volume,brand_id) values( '790','EDT','perfumes/790.jpg',"Vision III",3000,'3.8',0,'100.0',(select brand_id from brand where name="JAGUAR"));insert into perfume_note(perfume_id,note_id) values( 790,(select note_id from note where name='woody' and type='TOP'));insert into perfume_note(perfume_id,note_id) values (790,(select note_id from note where name='cedar' and type='MIDDLE'));insert into perfume_note(perfume_id,note_id) values (790,(select note_id from note where name='sandalwood' and type='MIDDLE'));insert into perfume_note(perfume_id,note_id) values (790,(select note_id from note where name='vanilla' and type='MIDDLE'));insert into perfume_note(perfume_id,note_id) values (790,(select note_id from note where name='musk' and type='MIDDLE'));insert into perfume_note(perfume_id,note_id) values (790,(select note_id from note where name='patchouli' and type='MIDDLE'));insert into perfume_note(perfume_id,note_id) values (790,(select note_id from note where name='tonka bean' and type='MIDDLE'));insert into perfume_note(perfume_id,note_id) values (790,(select note_id from note where name='marine' and type='BASE'));insert into perfume_note(perfume_id,note_id) values (790,(select note_id from note where name='jasmine' and type='BASE'));insert into perfume_note(perfume_id,note_id) values (790,(select note_id from note where name='notes' and type='BASE'));insert into perfume(perfume_id,concentration,image,name,price,rating,gender,volume,brand_id) values( '791','EDT','perfumes/791.jpg',"Crystal Noir",3000,'4.4',0,'5.0',(select brand_id from brand where name="VERSACE"));insert into perfume_note(perfume_id,note_id) values( 791,(select note_id from note where name='arabian' and type='TOP'));insert into perfume_note(perfume_id,note_id) values (791,(select note_id from note where name='sandalwood' and type='MIDDLE'));insert into perfume_note(perfume_id,note_id) values (791,(select note_id from note where name='amber' and type='MIDDLE'));insert into perfume_note(perfume_id,note_id) values (791,(select note_id from note where name='musk' and type='MIDDLE'));insert into perfume_note(perfume_id,note_id) values (791,(select note_id from note where name='orange blossom' and type='BASE'));insert into perfume_note(perfume_id,note_id) values (791,(select note_id from note where name='gardenia' and type='BASE'));insert into perfume_note(perfume_id,note_id) values (791,(select note_id from note where name='peony' and type='BASE'));insert into perfume(perfume_id,concentration,image,name,price,rating,gender,volume,brand_id) values( '792','EDP','perfumes/792.jpg',"Pour Femme",3000,'5.0',0,'100.0',(select brand_id from brand where name="Dolce & Gabbana"));insert into perfume_note(perfume_id,note_id) values( 792,(select note_id from note where name='floral' and type='TOP'));insert into perfume_note(perfume_id,note_id) values (792,(select note_id from note where name='heliotrope' and type='MIDDLE'));insert into perfume_note(perfume_id,note_id) values (792,(select note_id from note where name='sandalwood' and type='MIDDLE'));insert into perfume_note(perfume_id,note_id) values (792,(select note_id from note where name='vanilla' and type='MIDDLE'));insert into perfume_note(perfume_id,note_id) values (792,(select note_id from note where name='guimave' and type='MIDDLE'));insert into perfume_note(perfume_id,note_id) values (792,(select note_id from note where name='blossom' and type='BASE'));insert into perfume_note(perfume_id,note_id) values (792,(select note_id from note where name='jasmine' and type='BASE'));insert into perfume_note(perfume_id,note_id) values (792,(select note_id from note where name='orange' and type='BASE'));insert into perfume(perfume_id,concentration,image,name,price,rating,gender,volume,brand_id) values( '793','EDP','perfumes/793.jpg',"Dirham",3000,'5.0',0,'35.0',(select brand_id from brand where name="Al Rasasi"));insert into perfume_note(perfume_id,note_id) values( 793,(select note_id from note where name='floral' and type='TOP'));insert into perfume_note(perfume_id,note_id) values (793,(select note_id from note where name='patchouli' and type='MIDDLE'));insert into perfume_note(perfume_id,note_id) values (793,(select note_id from note where name='vanilla' and type='MIDDLE'));insert into perfume_note(perfume_id,note_id) values (793,(select note_id from note where name='wood' and type='MIDDLE'));insert into perfume_note(perfume_id,note_id) values (793,(select note_id from note where name='massoia' and type='MIDDLE'));insert into perfume_note(perfume_id,note_id) values (793,(select note_id from note where name='rose' and type='BASE'));insert into perfume_note(perfume_id,note_id) values (793,(select note_id from note where name='flower' and type='BASE'));insert into perfume_note(perfume_id,note_id) values (793,(select note_id from note where name='black' and type='BASE'));insert into perfume_note(perfume_id,note_id) values (793,(select note_id from note where name='violet' and type='BASE'));insert into perfume_note(perfume_id,note_id) values (793,(select note_id from note where name='coca' and type='BASE'));insert into perfume(perfume_id,concentration,image,name,price,rating,gender,volume,brand_id) values( '794','EDP','perfumes/794.jpg',"Florence",3000,'4.7',0,'75.0',(select brand_id from brand where name="Roberto Cavalli"));insert into perfume_note(perfume_id,note_id) values( 794,(select note_id from note where name='floral' and type='TOP'));insert into perfume_note(perfume_id,note_id) values (794,(select note_id from note where name='patchouli' and type='MIDDLE'));insert into perfume_note(perfume_id,note_id) values (794,(select note_id from note where name='amber' and type='MIDDLE'));insert into perfume_note(perfume_id,note_id) values (794,(select note_id from note where name='musk' and type='MIDDLE'));insert into perfume_note(perfume_id,note_id) values (794,(select note_id from note where name='hibiscus seed' and type='BASE'));insert into perfume_note(perfume_id,note_id) values (794,(select note_id from note where name='orange blossom' and type='BASE'));insert into perfume_note(perfume_id,note_id) values (794,(select note_id from note where name='grapefruit blossom' and type='BASE'));insert into perfume(perfume_id,concentration,image,name,price,rating,gender,volume,brand_id) values( '795','EDT','perfumes/795.jpg',"Hawaii London",3000,'4.0',0,'55.0',(select brand_id from brand where name="Milton Lloyd"));insert into perfume_note(perfume_id,note_id) values( 795,(select note_id from note where name='floral' and type='TOP'));insert into perfume_note(perfume_id,note_id) values (795,(select note_id from note where name='notes' and type='MIDDLE'));insert into perfume_note(perfume_id,note_id) values (795,(select note_id from note where name='musk' and type='MIDDLE'));insert into perfume_note(perfume_id,note_id) values (795,(select note_id from note where name='woody' and type='MIDDLE'));insert into perfume_note(perfume_id,note_id) values (795,(select note_id from note where name='rose' and type='BASE'));insert into perfume_note(perfume_id,note_id) values (795,(select note_id from note where name='jasmine' and type='BASE'));insert into perfume(perfume_id,concentration,image,name,price,rating,gender,volume,brand_id) values( '796','EDT','perfumes/796.jpg',"Chrome Legend",3000,'4.5',0,'125.0',(select brand_id from brand where name="AZZARO"));insert into perfume_note(perfume_id,note_id) values( 796,(select note_id from note where name='woody' and type='TOP'));insert into perfume_note(perfume_id,note_id) values (796,(select note_id from note where name='warm amber' and type='MIDDLE'));insert into perfume_note(perfume_id,note_id) values (796,(select note_id from note where name='bean' and type='MIDDLE'));insert into perfume_note(perfume_id,note_id) values (796,(select note_id from note where name='musk' and type='MIDDLE'));insert into perfume_note(perfume_id,note_id) values (796,(select note_id from note where name='tonka' and type='MIDDLE'));insert into perfume_note(perfume_id,note_id) values (796,(select note_id from note where name='woodsy' and type='BASE'));insert into perfume_note(perfume_id,note_id) values (796,(select note_id from note where name='vetiver' and type='BASE'));insert into perfume_note(perfume_id,note_id) values (796,(select note_id from note where name='cedar' and type='BASE'));insert into perfume_note(perfume_id,note_id) values (796,(select note_id from note where name='notes' and type='BASE'));insert into perfume_note(perfume_id,note_id) values (796,(select note_id from note where name='oakmoss' and type='BASE'));insert into perfume(perfume_id,concentration,image,name,price,rating,gender,volume,brand_id) values( '797','EDT','perfumes/797.jpg',"Crystal Noir",3000,'4.8',0,'90.0',(select brand_id from brand where name="VERSACE"));insert into perfume_note(perfume_id,note_id) values( 797,(select note_id from note where name='spicy' and type='TOP'));insert into perfume_note(perfume_id,note_id) values (797,(select note_id from note where name='sandalwood' and type='MIDDLE'));insert into perfume_note(perfume_id,note_id) values (797,(select note_id from note where name='musk' and type='MIDDLE'));insert into perfume_note(perfume_id,note_id) values (797,(select note_id from note where name='amber' and type='MIDDLE'));insert into perfume_note(perfume_id,note_id) values (797,(select note_id from note where name='orange blossom' and type='BASE'));insert into perfume_note(perfume_id,note_id) values (797,(select note_id from note where name='gardenia' and type='BASE'));insert into perfume_note(perfume_id,note_id) values (797,(select note_id from note where name='peony' and type='BASE'));insert into perfume_note(perfume_id,note_id) values (797,(select note_id from note where name='coconut' and type='BASE'));insert into perfume(perfume_id,concentration,image,name,price,rating,gender,volume,brand_id) values( '798','EDT','perfumes/798.jpg',"Essence Pure",3000,'4.4',0,'100.0',(select brand_id from brand where name="S.T.Dupont"));insert into perfume_note(perfume_id,note_id) values( 798,(select note_id from note where name='citrus' and type='TOP'));insert into perfume_note(perfume_id,note_id) values (798,(select note_id from note where name='patchouli' and type='MIDDLE'));insert into perfume_note(perfume_id,note_id) values (798,(select note_id from note where name='amber' and type='MIDDLE'));insert into perfume_note(perfume_id,note_id) values (798,(select note_id from note where name='vanilla' and type='MIDDLE'));insert into perfume_note(perfume_id,note_id) values (798,(select note_id from note where name='cedar' and type='MIDDLE'));insert into perfume_note(perfume_id,note_id) values (798,(select note_id from note where name='rose' and type='BASE'));insert into perfume_note(perfume_id,note_id) values (798,(select note_id from note where name='jasmine' and type='BASE'));insert into perfume(perfume_id,concentration,image,name,price,rating,gender,volume,brand_id) values( '799','EDP','perfumes/799.jpg',"Eclat D'arpege",3000,'3.8',0,'2.0',(select brand_id from brand where name="LANVIN"));insert into perfume_note(perfume_id,note_id) values( 799,(select note_id from note where name='floral' and type='TOP'));insert into perfume_note(perfume_id,note_id) values (799,(select note_id from note where name='blackberry' and type='MIDDLE'));insert into perfume_note(perfume_id,note_id) values (799,(select note_id from note where name='musk' and type='MIDDLE'));insert into perfume_note(perfume_id,note_id) values (799,(select note_id from note where name='sensual' and type='MIDDLE'));insert into perfume_note(perfume_id,note_id) values (799,(select note_id from note where name='cedar' and type='BASE'));insert into perfume_note(perfume_id,note_id) values (799,(select note_id from note where name='wisteria' and type='BASE'));insert into perfume_note(perfume_id,note_id) values (799,(select note_id from note where name='musk' and type='BASE'));insert into perfume_note(perfume_id,note_id) values (799,(select note_id from note where name='chinese osmanthus' and type='BASE'));insert into perfume_note(perfume_id,note_id) values (799,(select note_id from note where name='petitgrain' and type='BASE'));insert into perfume(perfume_id,concentration,image,name,price,rating,gender,volume,brand_id) values( '800','EDP','perfumes/800.jpg',"Pour Femme",3000,'4.5',0,'90.0',(select brand_id from brand where name="LACOSTE"));insert into perfume_note(perfume_id,note_id) values( 800,(select note_id from note where name='floral' and type='TOP'));insert into perfume_note(perfume_id,note_id) values (800,(select note_id from note where name='cedar' and type='MIDDLE'));insert into perfume_note(perfume_id,note_id) values (800,(select note_id from note where name='sandalwood' and type='MIDDLE'));insert into perfume_note(perfume_id,note_id) values (800,(select note_id from note where name='vetiver' and type='MIDDLE'));insert into perfume_note(perfume_id,note_id) values (800,(select note_id from note where name='musk' and type='MIDDLE'));insert into perfume_note(perfume_id,note_id) values (800,(select note_id from note where name='white' and type='BASE'));insert into perfume_note(perfume_id,note_id) values (800,(select note_id from note where name='hibiscus' and type='BASE'));insert into perfume_note(perfume_id,note_id) values (800,(select note_id from note where name='jasmine petals' and type='BASE'));insert into perfume_note(perfume_id,note_id) values (800,(select note_id from note where name='heliotrope' and type='BASE'));insert into perfume(perfume_id,concentration,image,name,price,rating,gender,volume,brand_id) values( '801','EDP','perfumes/801.jpg',"Love Story",3000,'4.3',0,'75.0',(select brand_id from brand where name="CHLOE"));insert into perfume_note(perfume_id,note_id) values( 801,(select note_id from note where name='floral' and type='TOP'));insert into perfume_note(perfume_id,note_id) values (801,(select note_id from note where name='cedar' and type='MIDDLE'));insert into perfume_note(perfume_id,note_id) values (801,(select note_id from note where name='patchouli' and type='MIDDLE'));insert into perfume_note(perfume_id,note_id) values (801,(select note_id from note where name='musk' and type='MIDDLE'));insert into perfume_note(perfume_id,note_id) values (801,(select note_id from note where name='cashmirwood' and type='MIDDLE'));insert into perfume_note(perfume_id,note_id) values (801,(select note_id from note where name='peach' and type='BASE'));insert into perfume_note(perfume_id,note_id) values (801,(select note_id from note where name='rose' and type='BASE'));insert into perfume_note(perfume_id,note_id) values (801,(select note_id from note where name='currant' and type='BASE'));insert into perfume_note(perfume_id,note_id) values (801,(select note_id from note where name='black' and type='BASE'));insert into perfume_note(perfume_id,note_id) values (801,(select note_id from note where name='orange blossom' and type='BASE'));insert into perfume_note(perfume_id,note_id) values (801,(select note_id from note where name='stephanotis' and type='BASE'));insert into perfume(perfume_id,concentration,image,name,price,rating,gender,volume,brand_id) values( '802','EDP','perfumes/802.jpg',"Vivaldi",3000,'5.0',0,'100.0',(select brand_id from brand where name="J.CASANOVA"));insert into perfume_note(perfume_id,note_id) values( 802,(select note_id from note where name='fresh' and type='TOP'));insert into perfume_note(perfume_id,note_id) values (802,(select note_id from note where name='opoponax' and type='MIDDLE'));insert into perfume_note(perfume_id,note_id) values (802,(select note_id from note where name='vetiver' and type='MIDDLE'));insert into perfume_note(perfume_id,note_id) values (802,(select note_id from note where name='white' and type='MIDDLE'));insert into perfume_note(perfume_id,note_id) values (802,(select note_id from note where name='vanilla' and type='MIDDLE'));insert into perfume_note(perfume_id,note_id) values (802,(select note_id from note where name='musk' and type='MIDDLE'));insert into perfume_note(perfume_id,note_id) values (802,(select note_id from note where name='patchouli' and type='MIDDLE'));insert into perfume_note(perfume_id,note_id) values (802,(select note_id from note where name='tonka bean' and type='MIDDLE'));insert into perfume_note(perfume_id,note_id) values (802,(select note_id from note where name='rose' and type='BASE'));insert into perfume_note(perfume_id,note_id) values (802,(select note_id from note where name='jasmine' and type='BASE'));insert into perfume_note(perfume_id,note_id) values (802,(select note_id from note where name='mimosa' and type='BASE'));insert into perfume_note(perfume_id,note_id) values (802,(select note_id from note where name='ylangylang' and type='BASE'));insert into perfume_note(perfume_id,note_id) values (802,(select note_id from note where name='turkish' and type='BASE'));insert into perfume(perfume_id,concentration,image,name,price,rating,gender,volume,brand_id) values( '803','EDP','perfumes/803.jpg',"Good Girl",3000,'4.8',0,'80.0',(select brand_id from brand where name="CAROLINA HERRERA"));insert into perfume_note(perfume_id,note_id) values( 803,(select note_id from note where name='arabian' and type='TOP'));insert into perfume_note(perfume_id,note_id) values (803,(select note_id from note where name='cashmere wood' and type='MIDDLE'));insert into perfume_note(perfume_id,note_id) values (803,(select note_id from note where name='praline' and type='MIDDLE'));insert into perfume_note(perfume_id,note_id) values (803,(select note_id from note where name='cinnamon' and type='MIDDLE'));insert into perfume_note(perfume_id,note_id) values (803,(select note_id from note where name='cocoa' and type='MIDDLE'));insert into perfume_note(perfume_id,note_id) values (803,(select note_id from note where name='cedar' and type='MIDDLE'));insert into perfume_note(perfume_id,note_id) values (803,(select note_id from note where name='sandalwood' and type='MIDDLE'));insert into perfume_note(perfume_id,note_id) values (803,(select note_id from note where name='tonka bean' and type='MIDDLE'));insert into perfume_note(perfume_id,note_id) values (803,(select note_id from note where name='orris' and type='BASE'));insert into perfume_note(perfume_id,note_id) values (803,(select note_id from note where name='jasmine sambac' and type='BASE'));insert into perfume_note(perfume_id,note_id) values (803,(select note_id from note where name='tuberose' and type='BASE'));insert into perfume_note(perfume_id,note_id) values (803,(select note_id from note where name='orange blossom' and type='BASE'));insert into perfume_note(perfume_id,note_id) values (803,(select note_id from note where name='bulgarian rose' and type='BASE'));insert into perfume(perfume_id,concentration,image,name,price,rating,gender,volume,brand_id) values( '804','EDT','perfumes/804.jpg',"Desire Blue",3000,'4.3',0,'100.0',(select brand_id from brand where name="Dunhill"));insert into perfume_note(perfume_id,note_id) values( 804,(select note_id from note where name='fresh' and type='TOP'));insert into perfume_note(perfume_id,note_id) values (804,(select note_id from note where name='benzoin' and type='MIDDLE'));insert into perfume_note(perfume_id,note_id) values (804,(select note_id from note where name='amber' and type='MIDDLE'));insert into perfume_note(perfume_id,note_id) values (804,(select note_id from note where name='tonka bean' and type='MIDDLE'));insert into perfume_note(perfume_id,note_id) values (804,(select note_id from note where name='musk' and type='MIDDLE'));insert into perfume_note(perfume_id,note_id) values (804,(select note_id from note where name='brazilian' and type='BASE'));insert into perfume_note(perfume_id,note_id) values (804,(select note_id from note where name='sea notes' and type='BASE'));insert into perfume_note(perfume_id,note_id) values (804,(select note_id from note where name='rosewood' and type='BASE'));insert into perfume_note(perfume_id,note_id) values (804,(select note_id from note where name='orange' and type='BASE'));insert into perfume(perfume_id,concentration,image,name,price,rating,gender,volume,brand_id) values( '805','EDT','perfumes/805.jpg',"Chrome",3000,'5.0',0,'100.0',(select brand_id from brand where name="AZZARO"));insert into perfume_note(perfume_id,note_id) values( 805,(select note_id from note where name='citrus' and type='TOP'));insert into perfume_note(perfume_id,note_id) values (805,(select note_id from note where name='brazilian' and type='MIDDLE'));insert into perfume_note(perfume_id,note_id) values (805,(select note_id from note where name='cedar' and type='MIDDLE'));insert into perfume_note(perfume_id,note_id) values (805,(select note_id from note where name='cardamom' and type='MIDDLE'));insert into perfume_note(perfume_id,note_id) values (805,(select note_id from note where name='sandalwood' and type='MIDDLE'));insert into perfume_note(perfume_id,note_id) values (805,(select note_id from note where name='rosewood' and type='MIDDLE'));insert into perfume_note(perfume_id,note_id) values (805,(select note_id from note where name='musk' and type='MIDDLE'));insert into perfume_note(perfume_id,note_id) values (805,(select note_id from note where name='tonka bean' and type='MIDDLE'));insert into perfume_note(perfume_id,note_id) values (805,(select note_id from note where name='oakmoss' and type='MIDDLE'));insert into perfume_note(perfume_id,note_id) values (805,(select note_id from note where name='coriander' and type='BASE'));insert into perfume_note(perfume_id,note_id) values (805,(select note_id from note where name='cyclamen' and type='BASE'));insert into perfume_note(perfume_id,note_id) values (805,(select note_id from note where name='oakmoss' and type='BASE'));insert into perfume_note(perfume_id,note_id) values (805,(select note_id from note where name='jasmine' and type='BASE'));insert into perfume(perfume_id,concentration,image,name,price,rating,gender,volume,brand_id) values( '806','EDP','perfumes/806.jpg',"Black Opium",3000,'4.8',0,'90.0',(select brand_id from brand where name="Yves Saint Laurent"));insert into perfume_note(perfume_id,note_id) values( 806,(select note_id from note where name='vanilla' and type='TOP'));insert into perfume_note(perfume_id,note_id) values (806,(select note_id from note where name='white wood' and type='MIDDLE'));insert into perfume_note(perfume_id,note_id) values (806,(select note_id from note where name='musk' and type='MIDDLE'));insert into perfume_note(perfume_id,note_id) values (806,(select note_id from note where name='orrange blossom' and type='BASE'));insert into perfume_note(perfume_id,note_id) values (806,(select note_id from note where name='coffee' and type='BASE'));insert into perfume_note(perfume_id,note_id) values (806,(select note_id from note where name='jasmine tea' and type='BASE'));insert into perfume(perfume_id,concentration,image,name,price,rating,gender,volume,brand_id) values( '807','EDP','perfumes/807.jpg',"Premier Jour",3000,'4.7',0,'100.0',(select brand_id from brand where name="NINA RICCI"));insert into perfume_note(perfume_id,note_id) values( 807,(select note_id from note where name='fruity' and type='TOP'));insert into perfume_note(perfume_id,note_id) values (807,(select note_id from note where name='woodsy notes' and type='MIDDLE'));insert into perfume_note(perfume_id,note_id) values (807,(select note_id from note where name='sandalwood' and type='MIDDLE'));insert into perfume_note(perfume_id,note_id) values (807,(select note_id from note where name='vanilla' and type='MIDDLE'));insert into perfume_note(perfume_id,note_id) values (807,(select note_id from note where name='musk' and type='MIDDLE'));insert into perfume_note(perfume_id,note_id) values (807,(select note_id from note where name='gardenia' and type='BASE'));insert into perfume_note(perfume_id,note_id) values (807,(select note_id from note where name='orchid' and type='BASE'));insert into perfume(perfume_id,concentration,image,name,price,rating,gender,volume,brand_id) values( '808','EDT','perfumes/808.jpg',"Blue Princess",3000,'5.0',0,'100.0',(select brand_id from brand where name="Dorall"));insert into perfume_note(perfume_id,note_id) values( 808,(select note_id from note where name='oriental' and type='TOP'));insert into perfume_note(perfume_id,note_id) values (808,(select note_id from note where name='patchouli' and type='MIDDLE'));insert into perfume_note(perfume_id,note_id) values (808,(select note_id from note where name='musk' and type='MIDDLE'));insert into perfume_note(perfume_id,note_id) values (808,(select note_id from note where name='vetiver' and type='BASE'));insert into perfume_note(perfume_id,note_id) values (808,(select note_id from note where name='woody' and type='BASE'));insert into perfume(perfume_id,concentration,image,name,price,rating,gender,volume,brand_id) values( '809','EDT','perfumes/809.jpg',"Seductive",3000,'5.0',0,'75.0',(select brand_id from brand where name="GUESS"));insert into perfume_note(perfume_id,note_id) values( 809,(select note_id from note where name='spicy' and type='TOP'));insert into perfume_note(perfume_id,note_id) values (809,(select note_id from note where name='cashmere' and type='MIDDLE'));insert into perfume_note(perfume_id,note_id) values (809,(select note_id from note where name='vanille' and type='MIDDLE'));insert into perfume_note(perfume_id,note_id) values (809,(select note_id from note where name='wood' and type='MIDDLE'));insert into perfume_note(perfume_id,note_id) values (809,(select note_id from note where name='olibanum' and type='MIDDLE'));insert into perfume_note(perfume_id,note_id) values (809,(select note_id from note where name='orange' and type='BASE'));insert into perfume_note(perfume_id,note_id) values (809,(select note_id from note where name='orris' and type='BASE'));insert into perfume_note(perfume_id,note_id) values (809,(select note_id from note where name='root' and type='BASE'));insert into perfume_note(perfume_id,note_id) values (809,(select note_id from note where name='flower' and type='BASE'));insert into perfume_note(perfume_id,note_id) values (809,(select note_id from note where name='jasmine' and type='BASE'));insert into perfume_note(perfume_id,note_id) values (809,(select note_id from note where name='african' and type='BASE'));insert into perfume(perfume_id,concentration,image,name,price,rating,gender,volume,brand_id) values( '810','EDP','perfumes/810.jpg',"Boss The Scent",3000,'4.6',0,'100.0',(select brand_id from brand where name="HUGO BOSS"));insert into perfume_note(perfume_id,note_id) values( 810,(select note_id from note where name='fruity' and type='TOP'));insert into perfume_note(perfume_id,note_id) values (810,(select note_id from note where name='cacao' and type='MIDDLE'));insert into perfume_note(perfume_id,note_id) values (810,(select note_id from note where name='osmanthus' and type='BASE'));insert into perfume(perfume_id,concentration,image,name,price,rating,gender,volume,brand_id) values( '811','EDT','perfumes/811.jpg',"Today Tomorrow Always",3000,'5.0',0,'75.0',(select brand_id from brand where name="AVON"));insert into perfume_note(perfume_id,note_id) values( 811,(select note_id from note where name='citrus' and type='TOP'));insert into perfume_note(perfume_id,note_id) values (811,(select note_id from note where name='patchouli' and type='MIDDLE'));insert into perfume_note(perfume_id,note_id) values (811,(select note_id from note where name='sandalwood' and type='MIDDLE'));insert into perfume_note(perfume_id,note_id) values (811,(select note_id from note where name='amber' and type='MIDDLE'));insert into perfume_note(perfume_id,note_id) values (811,(select note_id from note where name='anise' and type='BASE'));insert into perfume(perfume_id,concentration,image,name,price,rating,gender,volume,brand_id) values( '812','EDP','perfumes/812.jpg',"Oud Mood",3000,'4.6',0,'100.0',(select brand_id from brand where name="Lattafa"));insert into perfume_note(perfume_id,note_id) values( 812,(select note_id from note where name='woody' and type='TOP'));insert into perfume_note(perfume_id,note_id) values (812,(select note_id from note where name='amber' and type='MIDDLE'));insert into perfume_note(perfume_id,note_id) values (812,(select note_id from note where name='incense' and type='MIDDLE'));insert into perfume_note(perfume_id,note_id) values (812,(select note_id from note where name='resin' and type='MIDDLE'));insert into perfume_note(perfume_id,note_id) values (812,(select note_id from note where name='musk' and type='MIDDLE'));insert into perfume_note(perfume_id,note_id) values (812,(select note_id from note where name='woody' and type='MIDDLE'));insert into perfume_note(perfume_id,note_id) values (812,(select note_id from note where name='patchouli' and type='BASE'));insert into perfume_note(perfume_id,note_id) values (812,(select note_id from note where name='agarwood' and type='BASE'));insert into perfume_note(perfume_id,note_id) values (812,(select note_id from note where name='caramel' and type='BASE'));insert into perfume(perfume_id,concentration,image,name,price,rating,gender,volume,brand_id) values( '813','EDP','perfumes/813.jpg',"Tim Tom Leather Black",3000,'3.3',0,'100.0',(select brand_id from brand where name="MB"));insert into perfume_note(perfume_id,note_id) values( 813,(select note_id from note where name='fresh' and type='TOP'));insert into perfume_note(perfume_id,note_id) values (813,(select note_id from note where name='rose' and type='MIDDLE'));insert into perfume_note(perfume_id,note_id) values (813,(select note_id from note where name='vanilla' and type='MIDDLE'));insert into perfume_note(perfume_id,note_id) values (813,(select note_id from note where name='ginger' and type='MIDDLE'));insert into perfume_note(perfume_id,note_id) values (813,(select note_id from note where name='cardamom' and type='BASE'));insert into perfume_note(perfume_id,note_id) values (813,(select note_id from note where name='rosemary' and type='BASE'));insert into perfume_note(perfume_id,note_id) values (813,(select note_id from note where name='pine' and type='BASE'));insert into perfume_note(perfume_id,note_id) values (813,(select note_id from note where name='lavender' and type='BASE'));insert into perfume(perfume_id,concentration,image,name,price,rating,gender,volume,brand_id) values( '814','EDT','perfumes/814.jpg',"Plus Plus Masculine",3000,'4.5',0,'75.0',(select brand_id from brand where name="DIESEL"));insert into perfume_note(perfume_id,note_id) values( 814,(select note_id from note where name='spicy' and type='TOP'));insert into perfume_note(perfume_id,note_id) values (814,(select note_id from note where name='anise' and type='MIDDLE'));insert into perfume_note(perfume_id,note_id) values (814,(select note_id from note where name='cinnamon' and type='MIDDLE'));insert into perfume_note(perfume_id,note_id) values (814,(select note_id from note where name='nutmeg' and type='MIDDLE'));insert into perfume_note(perfume_id,note_id) values (814,(select note_id from note where name='oak moss' and type='MIDDLE'));insert into perfume_note(perfume_id,note_id) values (814,(select note_id from note where name='vetiver' and type='MIDDLE'));insert into perfume_note(perfume_id,note_id) values (814,(select note_id from note where name='clove' and type='MIDDLE'));insert into perfume_note(perfume_id,note_id) values (814,(select note_id from note where name='sandalwood' and type='MIDDLE'));insert into perfume_note(perfume_id,note_id) values (814,(select note_id from note where name='bean' and type='MIDDLE'));insert into perfume_note(perfume_id,note_id) values (814,(select note_id from note where name='musk' and type='MIDDLE'));insert into perfume_note(perfume_id,note_id) values (814,(select note_id from note where name='tonka' and type='MIDDLE'));insert into perfume_note(perfume_id,note_id) values (814,(select note_id from note where name='patchouli' and type='MIDDLE'));insert into perfume_note(perfume_id,note_id) values (814,(select note_id from note where name='coriander' and type='BASE'));insert into perfume_note(perfume_id,note_id) values (814,(select note_id from note where name='green' and type='BASE'));insert into perfume_note(perfume_id,note_id) values (814,(select note_id from note where name='jasmine' and type='BASE'));insert into perfume_note(perfume_id,note_id) values (814,(select note_id from note where name='sage' and type='BASE'));insert into perfume_note(perfume_id,note_id) values (814,(select note_id from note where name='birch' and type='BASE'));insert into perfume_note(perfume_id,note_id) values (814,(select note_id from note where name='cardamom' and type='BASE'));insert into perfume_note(perfume_id,note_id) values (814,(select note_id from note where name='notes' and type='BASE'));insert into perfume_note(perfume_id,note_id) values (814,(select note_id from note where name='violet' and type='BASE'));insert into perfume_note(perfume_id,note_id) values (814,(select note_id from note where name='lilyofthevalley' and type='BASE'));insert into perfume(perfume_id,concentration,image,name,price,rating,gender,volume,brand_id) values( '815','EDT','perfumes/815.jpg',"EDTTouch Of Pink For Wom",3000,'4.8',0,'90.0',(select brand_id from brand where name="LACOSTE"));insert into perfume_note(perfume_id,note_id) values( 815,(select note_id from note where name='citrus' and type='TOP'));insert into perfume_note(perfume_id,note_id) values (815,(select note_id from note where name='vanilla' and type='MIDDLE'));insert into perfume_note(perfume_id,note_id) values (815,(select note_id from note where name='musk' and type='MIDDLE'));insert into perfume_note(perfume_id,note_id) values (815,(select note_id from note where name='woody' and type='MIDDLE'));insert into perfume_note(perfume_id,note_id) values (815,(select note_id from note where name='spicy' and type='BASE'));insert into perfume_note(perfume_id,note_id) values (815,(select note_id from note where name='jasmine' and type='BASE'));insert into perfume_note(perfume_id,note_id) values (815,(select note_id from note where name='coriander' and type='BASE'));insert into perfume_note(perfume_id,note_id) values (815,(select note_id from note where name='carrot' and type='BASE'));insert into perfume(perfume_id,concentration,image,name,price,rating,gender,volume,brand_id) values( '816','EDP','perfumes/816.jpg',"Guilty Absolute",3000,'4.1',0,'90.0',(select brand_id from brand where name="GUCCI"));insert into perfume_note(perfume_id,note_id) values( 816,(select note_id from note where name='woody' and type='TOP'));insert into perfume_note(perfume_id,note_id) values (816,(select note_id from note where name='vetiver' and type='MIDDLE'));insert into perfume_note(perfume_id,note_id) values (816,(select note_id from note where name='woody notes' and type='MIDDLE'));insert into perfume_note(perfume_id,note_id) values (816,(select note_id from note where name='patchouli' and type='BASE'));insert into perfume_note(perfume_id,note_id) values (816,(select note_id from note where name='cypress' and type='BASE'));insert into perfume(perfume_id,concentration,image,name,price,rating,gender,volume,brand_id) values( '817','EDP','perfumes/817.jpg',"Epic",3000,'4.3',0,'100.0',(select brand_id from brand where name="AMOUAGE"));insert into perfume_note(perfume_id,note_id) values( 817,(select note_id from note where name='floral' and type='TOP'));insert into perfume_note(perfume_id,note_id) values (817,(select note_id from note where name='geranium' and type='MIDDLE'));insert into perfume_note(perfume_id,note_id) values (817,(select note_id from note where name='rose' and type='MIDDLE'));insert into perfume_note(perfume_id,note_id) values (817,(select note_id from note where name='jasmine' and type='MIDDLE'));insert into perfume_note(perfume_id,note_id) values (817,(select note_id from note where name='tea' and type='MIDDLE'));insert into perfume_note(perfume_id,note_id) values (817,(select note_id from note where name='geranium' and type='BASE'));insert into perfume_note(perfume_id,note_id) values (817,(select note_id from note where name='rose' and type='BASE'));insert into perfume_note(perfume_id,note_id) values (817,(select note_id from note where name='jasmine' and type='BASE'));insert into perfume_note(perfume_id,note_id) values (817,(select note_id from note where name='tea' and type='BASE'));insert into perfume(perfume_id,concentration,image,name,price,rating,gender,volume,brand_id) values( '818','EDT','perfumes/818.jpg',"Bright Crystal",3000,'4.8',0,'90.0',(select brand_id from brand where name="VERSACE"));insert into perfume_note(perfume_id,note_id) values( 818,(select note_id from note where name='floral' and type='TOP'));insert into perfume_note(perfume_id,note_id) values (818,(select note_id from note where name='amber' and type='MIDDLE'));insert into perfume_note(perfume_id,note_id) values (818,(select note_id from note where name='mahogany' and type='MIDDLE'));insert into perfume_note(perfume_id,note_id) values (818,(select note_id from note where name='musk' and type='MIDDLE'));insert into perfume_note(perfume_id,note_id) values (818,(select note_id from note where name='lotus' and type='BASE'));insert into perfume_note(perfume_id,note_id) values (818,(select note_id from note where name='magnolia' and type='BASE'));insert into perfume_note(perfume_id,note_id) values (818,(select note_id from note where name='peony' and type='BASE'));insert into perfume(perfume_id,concentration,image,name,price,rating,gender,volume,brand_id) values( '819','EDP','perfumes/819.jpg',"Sweetheart Rockstar",3000,'4.5',0,'100.0',(select brand_id from brand where name="MB"));insert into perfume_note(perfume_id,note_id) values( 819,(select note_id from note where name='fresh' and type='TOP'));insert into perfume_note(perfume_id,note_id) values (819,(select note_id from note where name='rose' and type='MIDDLE'));insert into perfume_note(perfume_id,note_id) values (819,(select note_id from note where name='vanilla' and type='MIDDLE'));insert into perfume_note(perfume_id,note_id) values (819,(select note_id from note where name='ginger' and type='MIDDLE'));insert into perfume_note(perfume_id,note_id) values (819,(select note_id from note where name='cardamom' and type='BASE'));insert into perfume_note(perfume_id,note_id) values (819,(select note_id from note where name='rosemary' and type='BASE'));insert into perfume_note(perfume_id,note_id) values (819,(select note_id from note where name='pine' and type='BASE'));insert into perfume_note(perfume_id,note_id) values (819,(select note_id from note where name='lavender' and type='BASE'));insert into perfume(perfume_id,concentration,image,name,price,rating,gender,volume,brand_id) values( '820','EDT','perfumes/820.jpg',"Scuderia Red",3000,'4.6',0,'125.0',(select brand_id from brand where name="Ferrari"));insert into perfume_note(perfume_id,note_id) values( 820,(select note_id from note where name='fruity' and type='TOP'));insert into perfume_note(perfume_id,note_id) values (820,(select note_id from note where name='cedar' and type='MIDDLE'));insert into perfume_note(perfume_id,note_id) values (820,(select note_id from note where name='sandalwood' and type='MIDDLE'));insert into perfume_note(perfume_id,note_id) values (820,(select note_id from note where name='moss' and type='MIDDLE'));insert into perfume_note(perfume_id,note_id) values (820,(select note_id from note where name='vanilla' and type='MIDDLE'));insert into perfume_note(perfume_id,note_id) values (820,(select note_id from note where name='geranium' and type='BASE'));insert into perfume_note(perfume_id,note_id) values (820,(select note_id from note where name='jasmine' and type='BASE'));insert into perfume_note(perfume_id,note_id) values (820,(select note_id from note where name='nutmeg' and type='BASE'));insert into perfume_note(perfume_id,note_id) values (820,(select note_id from note where name='orris' and type='BASE'));insert into perfume(perfume_id,concentration,image,name,price,rating,gender,volume,brand_id) values( '821','EDT','perfumes/821.jpg',"Hot Water",3000,'4.6',0,'110.0',(select brand_id from brand where name="DAVIDOFF"));insert into perfume_note(perfume_id,note_id) values( 821,(select note_id from note where name='arabian' and type='TOP'));insert into perfume_note(perfume_id,note_id) values (821,(select note_id from note where name='benzoin' and type='MIDDLE'));insert into perfume_note(perfume_id,note_id) values (821,(select note_id from note where name='styrax' and type='MIDDLE'));insert into perfume_note(perfume_id,note_id) values (821,(select note_id from note where name='patchouli' and type='BASE'));insert into perfume_note(perfume_id,note_id) values (821,(select note_id from note where name='pimento' and type='BASE'));insert into perfume(perfume_id,concentration,image,name,price,rating,gender,volume,brand_id) values( '822','EDT','perfumes/822.jpg',"Passenger",3000,'5.0',0,'100.0',(select brand_id from brand where name="ST Dupont"));insert into perfume_note(perfume_id,note_id) values( 822,(select note_id from note where name='spicy' and type='TOP'));insert into perfume_note(perfume_id,note_id) values (822,(select note_id from note where name='guaiac wood' and type='MIDDLE'));insert into perfume_note(perfume_id,note_id) values (822,(select note_id from note where name='benzoin' and type='MIDDLE'));insert into perfume_note(perfume_id,note_id) values (822,(select note_id from note where name='pepper' and type='BASE'));insert into perfume_note(perfume_id,note_id) values (822,(select note_id from note where name='cardamom' and type='BASE'));insert into perfume_note(perfume_id,note_id) values (822,(select note_id from note where name='lavender' and type='BASE'));insert into perfume_note(perfume_id,note_id) values (822,(select note_id from note where name='pink' and type='BASE'));insert into perfume_note(perfume_id,note_id) values (822,(select note_id from note where name='ginger' and type='BASE'));insert into perfume(perfume_id,concentration,image,name,price,rating,gender,volume,brand_id) values( '823','EDP','perfumes/823.jpg',"Ma Vie",3000,'4.7',0,'75.0',(select brand_id from brand where name="HUGO BOSS"));insert into perfume_note(perfume_id,note_id) values( 823,(select note_id from note where name='floral' and type='TOP'));insert into perfume_note(perfume_id,note_id) values (823,(select note_id from note where name='cedar' and type='MIDDLE'));insert into perfume_note(perfume_id,note_id) values (823,(select note_id from note where name='notes' and type='MIDDLE'));insert into perfume_note(perfume_id,note_id) values (823,(select note_id from note where name='woody' and type='MIDDLE'));insert into perfume_note(perfume_id,note_id) values (823,(select note_id from note where name='rose' and type='BASE'));insert into perfume_note(perfume_id,note_id) values (823,(select note_id from note where name='jasmine' and type='BASE'));insert into perfume_note(perfume_id,note_id) values (823,(select note_id from note where name='pink freesia' and type='BASE'));insert into perfume(perfume_id,concentration,image,name,price,rating,gender,volume,brand_id) values( '824','EDT','perfumes/824.jpg',"Xeryus Rouge",3000,'4.8',0,'100.0',(select brand_id from brand where name="Givenchy"));insert into perfume_note(perfume_id,note_id) values( 824,(select note_id from note where name='woody' and type='TOP'));insert into perfume_note(perfume_id,note_id) values (824,(select note_id from note where name='cedar wood' and type='MIDDLE'));insert into perfume_note(perfume_id,note_id) values (824,(select note_id from note where name='red pepper' and type='BASE'));insert into perfume(perfume_id,concentration,image,name,price,rating,gender,volume,brand_id) values( '825','EDT','perfumes/825.jpg',"Homme",3000,'4.4',0,'125.0',(select brand_id from brand where name="joop"));insert into perfume_note(perfume_id,note_id) values( 825,(select note_id from note where name='citrus' and type='TOP'));insert into perfume_note(perfume_id,note_id) values (825,(select note_id from note where name='patchouli' and type='MIDDLE'));insert into perfume_note(perfume_id,note_id) values (825,(select note_id from note where name='sandalwood' and type='MIDDLE'));insert into perfume_note(perfume_id,note_id) values (825,(select note_id from note where name='vanilla' and type='MIDDLE'));insert into perfume_note(perfume_id,note_id) values (825,(select note_id from note where name='tonka bean' and type='MIDDLE'));insert into perfume_note(perfume_id,note_id) values (825,(select note_id from note where name='valley' and type='BASE'));insert into perfume_note(perfume_id,note_id) values (825,(select note_id from note where name='the' and type='BASE'));insert into perfume_note(perfume_id,note_id) values (825,(select note_id from note where name='cinnamon' and type='BASE'));insert into perfume_note(perfume_id,note_id) values (825,(select note_id from note where name='jasmine' and type='BASE'));insert into perfume_note(perfume_id,note_id) values (825,(select note_id from note where name='lily' and type='BASE'));insert into perfume_note(perfume_id,note_id) values (825,(select note_id from note where name='heliotrope' and type='BASE'));insert into perfume(perfume_id,concentration,image,name,price,rating,gender,volume,brand_id) values( '826','EDT','perfumes/826.jpg',"Lotus Flower Aromatic Par",3000,'4.6',0,'100.0',(select brand_id from brand where name="TESORI D´ORIENTE"));insert into perfume_note(perfume_id,note_id) values( 826,(select note_id from note where name='floral' and type='TOP'));insert into perfume_note(perfume_id,note_id) values (826,(select note_id from note where name='sandalwood' and type='MIDDLE'));insert into perfume_note(perfume_id,note_id) values (826,(select note_id from note where name='woodsy notes' and type='MIDDLE'));insert into perfume_note(perfume_id,note_id) values (826,(select note_id from note where name='vanilla' and type='MIDDLE'));insert into perfume_note(perfume_id,note_id) values (826,(select note_id from note where name='musk' and type='MIDDLE'));insert into perfume_note(perfume_id,note_id) values (826,(select note_id from note where name='valley' and type='BASE'));insert into perfume_note(perfume_id,note_id) values (826,(select note_id from note where name='the' and type='BASE'));insert into perfume_note(perfume_id,note_id) values (826,(select note_id from note where name='jasmine' and type='BASE'));insert into perfume_note(perfume_id,note_id) values (826,(select note_id from note where name='lily' and type='BASE'));insert into perfume_note(perfume_id,note_id) values (826,(select note_id from note where name='tuberose' and type='BASE'));insert into perfume_note(perfume_id,note_id) values (826,(select note_id from note where name='lotus' and type='BASE'));insert into perfume(perfume_id,concentration,image,name,price,rating,gender,volume,brand_id) values( '827','EDT','perfumes/827.jpg',"White Musk",3000,'4.2',0,'100.0',(select brand_id from brand where name="TESORI D´ORIENTE"));insert into perfume_note(perfume_id,note_id) values( 827,(select note_id from note where name='woody' and type='TOP'));insert into perfume_note(perfume_id,note_id) values (827,(select note_id from note where name='jasmine' and type='MIDDLE'));insert into perfume_note(perfume_id,note_id) values (827,(select note_id from note where name='aldehyde' and type='MIDDLE'));insert into perfume_note(perfume_id,note_id) values (827,(select note_id from note where name='white flowers' and type='MIDDLE'));insert into perfume_note(perfume_id,note_id) values (827,(select note_id from note where name='rose' and type='BASE'));insert into perfume(perfume_id,concentration,image,name,price,rating,gender,volume,brand_id) values( '828','EDP','perfumes/828.jpg',"Stella",3000,'4.8',0,'100.0',(select brand_id from brand where name="STELLA MCCARTNEY"));insert into perfume_note(perfume_id,note_id) values( 828,(select note_id from note where name='floral' and type='TOP'));insert into perfume_note(perfume_id,note_id) values (828,(select note_id from note where name='amber' and type='MIDDLE'));insert into perfume_note(perfume_id,note_id) values (828,(select note_id from note where name='rose' and type='BASE'));insert into perfume(perfume_id,concentration,image,name,price,rating,gender,volume,brand_id) values( '829','EDP','perfumes/829.jpg',"Coco Mademoiselle",3000,'4.7',0,'100.0',(select brand_id from brand where name="CHANEL"));insert into perfume_note(perfume_id,note_id) values( 829,(select note_id from note where name='woody' and type='TOP'));insert into perfume_note(perfume_id,note_id) values (829,(select note_id from note where name='patchouli' and type='MIDDLE'));insert into perfume_note(perfume_id,note_id) values (829,(select note_id from note where name='tonka beans' and type='MIDDLE'));insert into perfume_note(perfume_id,note_id) values (829,(select note_id from note where name='white musk' and type='MIDDLE'));insert into perfume_note(perfume_id,note_id) values (829,(select note_id from note where name='vetiver' and type='MIDDLE'));insert into perfume_note(perfume_id,note_id) values (829,(select note_id from note where name='vanilla' and type='MIDDLE'));insert into perfume_note(perfume_id,note_id) values (829,(select note_id from note where name='opoponax' and type='MIDDLE'));insert into perfume_note(perfume_id,note_id) values (829,(select note_id from note where name='ylangylang' and type='BASE'));insert into perfume_note(perfume_id,note_id) values (829,(select note_id from note where name='rose' and type='BASE'));insert into perfume_note(perfume_id,note_id) values (829,(select note_id from note where name='jasmine' and type='BASE'));insert into perfume_note(perfume_id,note_id) values (829,(select note_id from note where name='mimosa' and type='BASE'));insert into perfume(perfume_id,concentration,image,name,price,rating,gender,volume,brand_id) values( '830','EDP','perfumes/830.jpg',"For Ever",3000,'5.0',0,'100.0',(select brand_id from brand where name="Alina Corel"));insert into perfume_note(perfume_id,note_id) values( 830,(select note_id from note where name='spicy' and type='TOP'));insert into perfume_note(perfume_id,note_id) values (830,(select note_id from note where name='guaiac wood' and type='MIDDLE'));insert into perfume_note(perfume_id,note_id) values (830,(select note_id from note where name='benzoin' and type='MIDDLE'));insert into perfume_note(perfume_id,note_id) values (830,(select note_id from note where name='pepper' and type='BASE'));insert into perfume_note(perfume_id,note_id) values (830,(select note_id from note where name='cardamom' and type='BASE'));insert into perfume_note(perfume_id,note_id) values (830,(select note_id from note where name='lavender' and type='BASE'));insert into perfume_note(perfume_id,note_id) values (830,(select note_id from note where name='pink' and type='BASE'));insert into perfume_note(perfume_id,note_id) values (830,(select note_id from note where name='ginger' and type='BASE'));insert into perfume(perfume_id,concentration,image,name,price,rating,gender,volume,brand_id) values( '831','EDT','perfumes/831.jpg',"One Shock",3000,'4.2',0,'200.0',(select brand_id from brand where name="Calvin Klein"));insert into perfume_note(perfume_id,note_id) values( 831,(select note_id from note where name='floral' and type='TOP'));insert into perfume_note(perfume_id,note_id) values (831,(select note_id from note where name='patchouli' and type='MIDDLE'));insert into perfume_note(perfume_id,note_id) values (831,(select note_id from note where name='amber' and type='MIDDLE'));insert into perfume_note(perfume_id,note_id) values (831,(select note_id from note where name='vanille' and type='MIDDLE'));insert into perfume_note(perfume_id,note_id) values (831,(select note_id from note where name='musk' and type='MIDDLE'));insert into perfume_note(perfume_id,note_id) values (831,(select note_id from note where name='narcissus' and type='BASE'));insert into perfume_note(perfume_id,note_id) values (831,(select note_id from note where name='chocolate' and type='BASE'));insert into perfume_note(perfume_id,note_id) values (831,(select note_id from note where name='jasmine' and type='BASE'));insert into perfume_note(perfume_id,note_id) values (831,(select note_id from note where name='blackberry' and type='BASE'));insert into perfume_note(perfume_id,note_id) values (831,(select note_id from note where name='mexican' and type='BASE'));insert into perfume(perfume_id,concentration,image,name,price,rating,gender,volume,brand_id) values( '832','EDP','perfumes/832.jpg',"Roses Vanille",3000,'5.0',0,'120.0',(select brand_id from brand where name="Mancera"));insert into perfume_note(perfume_id,note_id) values( 832,(select note_id from note where name='arabian' and type='TOP'));insert into perfume_note(perfume_id,note_id) values (832,(select note_id from note where name='cedar' and type='MIDDLE'));insert into perfume_note(perfume_id,note_id) values (832,(select note_id from note where name='vanilla' and type='MIDDLE'));insert into perfume_note(perfume_id,note_id) values (832,(select note_id from note where name='white musk' and type='MIDDLE'));insert into perfume_note(perfume_id,note_id) values (832,(select note_id from note where name='sugar' and type='MIDDLE'));insert into perfume_note(perfume_id,note_id) values (832,(select note_id from note where name='rose' and type='BASE'));insert into perfume_note(perfume_id,note_id) values (832,(select note_id from note where name='sugar' and type='BASE'));insert into perfume(perfume_id,concentration,image,name,price,rating,gender,volume,brand_id) values( '833','EDT','perfumes/833.jpg',"Black",3000,'5.0',0,'100.0',(select brand_id from brand where name="Mandarina Duck"));insert into perfume_note(perfume_id,note_id) values( 833,(select note_id from note where name='woody' and type='TOP'));insert into perfume_note(perfume_id,note_id) values (833,(select note_id from note where name='vetiver' and type='MIDDLE'));insert into perfume_note(perfume_id,note_id) values (833,(select note_id from note where name='patchouli' and type='MIDDLE'));insert into perfume_note(perfume_id,note_id) values (833,(select note_id from note where name='orange blossom' and type='BASE'));insert into perfume_note(perfume_id,note_id) values (833,(select note_id from note where name='musk' and type='BASE'));insert into perfume_note(perfume_id,note_id) values (833,(select note_id from note where name='tuberose' and type='BASE'));insert into perfume(perfume_id,concentration,image,name,price,rating,gender,volume,brand_id) values( '834','EDT','perfumes/834.jpg',"1 Million",3000,'4.6',0,'100.0',(select brand_id from brand where name="PACO RABANNE"));insert into perfume_note(perfume_id,note_id) values( 834,(select note_id from note where name='woody' and type='TOP'));insert into perfume_note(perfume_id,note_id) values (834,(select note_id from note where name='leather' and type='MIDDLE'));insert into perfume_note(perfume_id,note_id) values (834,(select note_id from note where name='amber' and type='MIDDLE'));insert into perfume_note(perfume_id,note_id) values (834,(select note_id from note where name='indian patchouli' and type='MIDDLE'));insert into perfume_note(perfume_id,note_id) values (834,(select note_id from note where name='woody notes' and type='MIDDLE'));insert into perfume_note(perfume_id,note_id) values (834,(select note_id from note where name='spicy notes' and type='BASE'));insert into perfume_note(perfume_id,note_id) values (834,(select note_id from note where name='rose' and type='BASE'));insert into perfume_note(perfume_id,note_id) values (834,(select note_id from note where name='cinnamon' and type='BASE'));insert into perfume(perfume_id,concentration,image,name,price,rating,gender,volume,brand_id) values( '835','EDT','perfumes/835.jpg',"Sheer Beauty",3000,'4.6',0,'100.0',(select brand_id from brand where name="Calvin Klein"));insert into perfume_note(perfume_id,note_id) values( 835,(select note_id from note where name='fruity' and type='TOP'));insert into perfume_note(perfume_id,note_id) values (835,(select note_id from note where name='sandalwood' and type='MIDDLE'));insert into perfume_note(perfume_id,note_id) values (835,(select note_id from note where name='vanille' and type='MIDDLE'));insert into perfume_note(perfume_id,note_id) values (835,(select note_id from note where name='musk' and type='MIDDLE'));insert into perfume_note(perfume_id,note_id) values (835,(select note_id from note where name='lily' and type='BASE'));insert into perfume_note(perfume_id,note_id) values (835,(select note_id from note where name='jasmine' and type='BASE'));insert into perfume_note(perfume_id,note_id) values (835,(select note_id from note where name='peony' and type='BASE'));insert into perfume(perfume_id,concentration,image,name,price,rating,gender,volume,brand_id) values( '836','EDT','perfumes/836.jpg',"Chloe",3000,'4.5',0,'90.0',(select brand_id from brand where name="CHLOE"));insert into perfume_note(perfume_id,note_id) values( 836,(select note_id from note where name='floral' and type='TOP'));insert into perfume_note(perfume_id,note_id) values (836,(select note_id from note where name='bean' and type='MIDDLE'));insert into perfume_note(perfume_id,note_id) values (836,(select note_id from note where name='wood' and type='MIDDLE'));insert into perfume_note(perfume_id,note_id) values (836,(select note_id from note where name='bourbon vanilla' and type='MIDDLE'));insert into perfume_note(perfume_id,note_id) values (836,(select note_id from note where name='tonka' and type='MIDDLE'));insert into perfume_note(perfume_id,note_id) values (836,(select note_id from note where name='sandal' and type='MIDDLE'));insert into perfume_note(perfume_id,note_id) values (836,(select note_id from note where name='orange' and type='BASE'));insert into perfume_note(perfume_id,note_id) values (836,(select note_id from note where name='night queen flower' and type='BASE'));insert into perfume_note(perfume_id,note_id) values (836,(select note_id from note where name='rose' and type='BASE'));insert into perfume_note(perfume_id,note_id) values (836,(select note_id from note where name='flower' and type='BASE'));insert into perfume_note(perfume_id,note_id) values (836,(select note_id from note where name='bulgarian' and type='BASE'));insert into perfume(perfume_id,concentration,image,name,price,rating,gender,volume,brand_id) values( '837','EDT','perfumes/837.jpg',"Creation",3000,'4.7',0,'100.0',(select brand_id from brand where name="TED LAPIDUS"));insert into perfume_note(perfume_id,note_id) values( 837,(select note_id from note where name='floral' and type='TOP'));insert into perfume_note(perfume_id,note_id) values (837,(select note_id from note where name='rose' and type='MIDDLE'));insert into perfume_note(perfume_id,note_id) values (837,(select note_id from note where name='jasmine' and type='MIDDLE'));insert into perfume_note(perfume_id,note_id) values (837,(select note_id from note where name='carnation' and type='MIDDLE'));insert into perfume_note(perfume_id,note_id) values (837,(select note_id from note where name='tuberose' and type='MIDDLE'));insert into perfume_note(perfume_id,note_id) values (837,(select note_id from note where name='rose' and type='BASE'));insert into perfume_note(perfume_id,note_id) values (837,(select note_id from note where name='jasmine' and type='BASE'));insert into perfume_note(perfume_id,note_id) values (837,(select note_id from note where name='carnation' and type='BASE'));insert into perfume_note(perfume_id,note_id) values (837,(select note_id from note where name='tuberose' and type='BASE'));insert into perfume(perfume_id,concentration,image,name,price,rating,gender,volume,brand_id) values( '838','EDP','perfumes/838.jpg',"L'Instant Magic",3000,'4.7',0,'100.0',(select brand_id from brand where name="Guerlain"));insert into perfume_note(perfume_id,note_id) values( 838,(select note_id from note where name='woody' and type='TOP'));insert into perfume_note(perfume_id,note_id) values (838,(select note_id from note where name='almond' and type='MIDDLE'));insert into perfume_note(perfume_id,note_id) values (838,(select note_id from note where name='wood' and type='MIDDLE'));insert into perfume_note(perfume_id,note_id) values (838,(select note_id from note where name='rose' and type='BASE'));insert into perfume_note(perfume_id,note_id) values (838,(select note_id from note where name='freesia' and type='BASE'));insert into perfume(perfume_id,concentration,image,name,price,rating,gender,volume,brand_id) values( '839','EDP','perfumes/839.jpg',"Rouat Al Musk",3000,'4.8',0,'100.0',(select brand_id from brand where name="Lattafa"));insert into perfume_note(perfume_id,note_id) values( 839,(select note_id from note where name='oriental' and type='TOP'));insert into perfume_note(perfume_id,note_id) values (839,(select note_id from note where name='amber' and type='MIDDLE'));insert into perfume_note(perfume_id,note_id) values (839,(select note_id from note where name='vanilla' and type='MIDDLE'));insert into perfume_note(perfume_id,note_id) values (839,(select note_id from note where name='white' and type='BASE'));insert into perfume_note(perfume_id,note_id) values (839,(select note_id from note where name='sandalwood' and type='BASE'));insert into perfume_note(perfume_id,note_id) values (839,(select note_id from note where name='jasmine' and type='BASE'));insert into perfume_note(perfume_id,note_id) values (839,(select note_id from note where name='flowers' and type='BASE'));insert into perfume(perfume_id,concentration,image,name,price,rating,gender,volume,brand_id) values( '840','EDT','perfumes/840.jpg',"London",3000,'3.4',0,'75.0',(select brand_id from brand where name="Dunhill"));insert into perfume_note(perfume_id,note_id) values( 840,(select note_id from note where name='arabian' and type='TOP'));insert into perfume_note(perfume_id,note_id) values (840,(select note_id from note where name='sandalwood' and type='MIDDLE'));insert into perfume_note(perfume_id,note_id) values (840,(select note_id from note where name='vanilla' and type='MIDDLE'));insert into perfume_note(perfume_id,note_id) values (840,(select note_id from note where name='musk' and type='MIDDLE'));insert into perfume_note(perfume_id,note_id) values (840,(select note_id from note where name='patchouli' and type='MIDDLE'));insert into perfume_note(perfume_id,note_id) values (840,(select note_id from note where name='tonka bean' and type='MIDDLE'));insert into perfume_note(perfume_id,note_id) values (840,(select note_id from note where name='geranium' and type='BASE'));insert into perfume_note(perfume_id,note_id) values (840,(select note_id from note where name='rose' and type='BASE'));insert into perfume_note(perfume_id,note_id) values (840,(select note_id from note where name='jasmine' and type='BASE'));insert into perfume(perfume_id,concentration,image,name,price,rating,gender,volume,brand_id) values( '841','EDT','perfumes/841.jpg',"En Joy",3000,'4.1',0,'100.0',(select brand_id from brand where name="TRI"));insert into perfume_note(perfume_id,note_id) values( 841,(select note_id from note where name='floral' and type='TOP'));insert into perfume_note(perfume_id,note_id) values (841,(select note_id from note where name='cedar' and type='MIDDLE'));insert into perfume_note(perfume_id,note_id) values (841,(select note_id from note where name='benzoin' and type='MIDDLE'));insert into perfume_note(perfume_id,note_id) values (841,(select note_id from note where name='sandalwood' and type='MIDDLE'));insert into perfume_note(perfume_id,note_id) values (841,(select note_id from note where name='musk' and type='MIDDLE'));insert into perfume_note(perfume_id,note_id) values (841,(select note_id from note where name='patchoulli' and type='MIDDLE'));insert into perfume_note(perfume_id,note_id) values (841,(select note_id from note where name='rose' and type='BASE'));insert into perfume_note(perfume_id,note_id) values (841,(select note_id from note where name='jasmine' and type='BASE'));insert into perfume_note(perfume_id,note_id) values (841,(select note_id from note where name='cassis' and type='BASE'));insert into perfume_note(perfume_id,note_id) values (841,(select note_id from note where name='peach' and type='BASE'));insert into perfume(perfume_id,concentration,image,name,price,rating,gender,volume,brand_id) values( '842','EDP','perfumes/842.jpg',"Roses Greedy",3000,'4.6',0,'120.0',(select brand_id from brand where name="Mancera"));insert into perfume_note(perfume_id,note_id) values( 842,(select note_id from note where name='floral' and type='TOP'));insert into perfume_note(perfume_id,note_id) values (842,(select note_id from note where name='amber' and type='MIDDLE'));insert into perfume_note(perfume_id,note_id) values (842,(select note_id from note where name='white musk' and type='MIDDLE'));insert into perfume_note(perfume_id,note_id) values (842,(select note_id from note where name='benzoin' and type='MIDDLE'));insert into perfume_note(perfume_id,note_id) values (842,(select note_id from note where name='vanilla' and type='MIDDLE'));insert into perfume_note(perfume_id,note_id) values (842,(select note_id from note where name='sugar' and type='MIDDLE'));insert into perfume_note(perfume_id,note_id) values (842,(select note_id from note where name='rose' and type='BASE'));insert into perfume_note(perfume_id,note_id) values (842,(select note_id from note where name='jasmine' and type='BASE'));insert into perfume_note(perfume_id,note_id) values (842,(select note_id from note where name='flowers' and type='BASE'));insert into perfume(perfume_id,concentration,image,name,price,rating,gender,volume,brand_id) values( '843','EDP','perfumes/843.jpg',"Emotion",3000,'4.6',0,'50.0',(select brand_id from brand where name="Rasasi"));insert into perfume_note(perfume_id,note_id) values( 843,(select note_id from note where name='woody' and type='TOP'));insert into perfume_note(perfume_id,note_id) values (843,(select note_id from note where name='amber' and type='MIDDLE'));insert into perfume_note(perfume_id,note_id) values (843,(select note_id from note where name='cedar' and type='MIDDLE'));insert into perfume_note(perfume_id,note_id) values (843,(select note_id from note where name='sandalwood' and type='MIDDLE'));insert into perfume_note(perfume_id,note_id) values (843,(select note_id from note where name='vanilla' and type='MIDDLE'));insert into perfume_note(perfume_id,note_id) values (843,(select note_id from note where name='musk' and type='MIDDLE'));insert into perfume_note(perfume_id,note_id) values (843,(select note_id from note where name='kiwi' and type='BASE'));insert into perfume_note(perfume_id,note_id) values (843,(select note_id from note where name='pineapple' and type='BASE'));insert into perfume_note(perfume_id,note_id) values (843,(select note_id from note where name='lily' and type='BASE'));insert into perfume_note(perfume_id,note_id) values (843,(select note_id from note where name='black currant' and type='BASE'));insert into perfume_note(perfume_id,note_id) values (843,(select note_id from note where name='water' and type='BASE'));insert into perfume_note(perfume_id,note_id) values (843,(select note_id from note where name='jasmin' and type='BASE'));insert into perfume_note(perfume_id,note_id) values (843,(select note_id from note where name='freesia' and type='BASE'));insert into perfume(perfume_id,concentration,image,name,price,rating,gender,volume,brand_id) values( '844','EDP','perfumes/844.jpg',"Mr. Burberry",3000,'4.5',0,'100.0',(select brand_id from brand where name="BURBERRY"));insert into perfume_note(perfume_id,note_id) values( 844,(select note_id from note where name='woody' and type='TOP'));insert into perfume_note(perfume_id,note_id) values (844,(select note_id from note where name='amber' and type='MIDDLE'));insert into perfume_note(perfume_id,note_id) values (844,(select note_id from note where name='cinnamon' and type='MIDDLE'));insert into perfume_note(perfume_id,note_id) values (844,(select note_id from note where name='vetiver' and type='MIDDLE'));insert into perfume_note(perfume_id,note_id) values (844,(select note_id from note where name='benzoin' and type='MIDDLE'));insert into perfume_note(perfume_id,note_id) values (844,(select note_id from note where name='sandalwood' and type='MIDDLE'));insert into perfume_note(perfume_id,note_id) values (844,(select note_id from note where name='patchouli' and type='MIDDLE'));insert into perfume_note(perfume_id,note_id) values (844,(select note_id from note where name='cedar' and type='BASE'));insert into perfume_note(perfume_id,note_id) values (844,(select note_id from note where name='lavender' and type='BASE'));insert into perfume_note(perfume_id,note_id) values (844,(select note_id from note where name='nutmeg' and type='BASE'));insert into perfume(perfume_id,concentration,image,name,price,rating,gender,volume,brand_id) values( '845','EDT','perfumes/845.jpg',"Oud Maaruf",3000,'4.0',0,'100.0',(select brand_id from brand where name="DORALL COLLECTION"));insert into perfume_note(perfume_id,note_id) values( 845,(select note_id from note where name='arabian' and type='TOP'));insert into perfume_note(perfume_id,note_id) values (845,(select note_id from note where name='amber' and type='MIDDLE'));insert into perfume_note(perfume_id,note_id) values (845,(select note_id from note where name='woody  amber' and type='MIDDLE'));insert into perfume_note(perfume_id,note_id) values (845,(select note_id from note where name='sandalwood' and type='MIDDLE'));insert into perfume_note(perfume_id,note_id) values (845,(select note_id from note where name='dry woodyamber' and type='MIDDLE'));insert into perfume_note(perfume_id,note_id) values (845,(select note_id from note where name='musk' and type='MIDDLE'));insert into perfume_note(perfume_id,note_id) values (845,(select note_id from note where name='oudh' and type='MIDDLE'));insert into perfume_note(perfume_id,note_id) values (845,(select note_id from note where name='patchouli' and type='MIDDLE'));insert into perfume_note(perfume_id,note_id) values (845,(select note_id from note where name='orris' and type='BASE'));insert into perfume_note(perfume_id,note_id) values (845,(select note_id from note where name='raspberry' and type='BASE'));insert into perfume_note(perfume_id,note_id) values (845,(select note_id from note where name='rose' and type='BASE'));insert into perfume_note(perfume_id,note_id) values (845,(select note_id from note where name='dried fruits' and type='BASE'));insert into perfume_note(perfume_id,note_id) values (845,(select note_id from note where name='saffron' and type='BASE'));insert into perfume_note(perfume_id,note_id) values (845,(select note_id from note where name='muguet' and type='BASE'));insert into perfume_note(perfume_id,note_id) values (845,(select note_id from note where name='ylang' and type='BASE'));insert into perfume_note(perfume_id,note_id) values (845,(select note_id from note where name='geranium' and type='BASE'));insert into perfume_note(perfume_id,note_id) values (845,(select note_id from note where name='jasmin' and type='BASE'));insert into perfume(perfume_id,concentration,image,name,price,rating,gender,volume,brand_id) values( '846','EDP','perfumes/846.jpg',"Burberry Body Intense",3000,'4.6',0,'60.0',(select brand_id from brand where name="BURBERRY"));insert into perfume_note(perfume_id,note_id) values( 846,(select note_id from note where name='fruity' and type='TOP'));insert into perfume_note(perfume_id,note_id) values (846,(select note_id from note where name='amber' and type='MIDDLE'));insert into perfume_note(perfume_id,note_id) values (846,(select note_id from note where name='cashmere wood' and type='MIDDLE'));insert into perfume_note(perfume_id,note_id) values (846,(select note_id from note where name='vanille' and type='MIDDLE'));insert into perfume_note(perfume_id,note_id) values (846,(select note_id from note where name='musk' and type='MIDDLE'));insert into perfume_note(perfume_id,note_id) values (846,(select note_id from note where name='sandalwood' and type='BASE'));insert into perfume_note(perfume_id,note_id) values (846,(select note_id from note where name='rose' and type='BASE'));insert into perfume_note(perfume_id,note_id) values (846,(select note_id from note where name='iris' and type='BASE'));insert into perfume(perfume_id,concentration,image,name,price,rating,gender,volume,brand_id) values( '847','EDT','perfumes/847.jpg',"Sauvage",3000,'4.0',0,'100.0',(select brand_id from brand where name="Dior"));insert into perfume_note(perfume_id,note_id) values( 847,(select note_id from note where name='oriental' and type='TOP'));insert into perfume_note(perfume_id,note_id) values (847,(select note_id from note where name='ceder' and type='MIDDLE'));insert into perfume_note(perfume_id,note_id) values (847,(select note_id from note where name='labdanum' and type='MIDDLE'));insert into perfume_note(perfume_id,note_id) values (847,(select note_id from note where name='ambroxan' and type='MIDDLE'));insert into perfume_note(perfume_id,note_id) values (847,(select note_id from note where name='geranium' and type='BASE'));insert into perfume_note(perfume_id,note_id) values (847,(select note_id from note where name='lavender' and type='BASE'));insert into perfume_note(perfume_id,note_id) values (847,(select note_id from note where name='sichuan pepper' and type='BASE'));insert into perfume_note(perfume_id,note_id) values (847,(select note_id from note where name='elemi' and type='BASE'));insert into perfume(perfume_id,concentration,image,name,price,rating,gender,volume,brand_id) values( '848','EDP','perfumes/848.jpg',"Sheikh Shuyukh",3000,'4.9',0,'50.0',(select brand_id from brand where name="Lattafa"));insert into perfume_note(perfume_id,note_id) values( 848,(select note_id from note where name='woody' and type='TOP'));insert into perfume_note(perfume_id,note_id) values (848,(select note_id from note where name='vetiver' and type='MIDDLE'));insert into perfume_note(perfume_id,note_id) values (848,(select note_id from note where name='patchouli' and type='MIDDLE'));insert into perfume_note(perfume_id,note_id) values (848,(select note_id from note where name='lavender' and type='BASE'));insert into perfume_note(perfume_id,note_id) values (848,(select note_id from note where name='rosemary' and type='BASE'));insert into perfume_note(perfume_id,note_id) values (848,(select note_id from note where name='sage' and type='BASE'));insert into perfume(perfume_id,concentration,image,name,price,rating,gender,volume,brand_id) values( '849','EDP','perfumes/849.jpg',"Roses Vanille",3000,'4.9',0,'120.0',(select brand_id from brand where name="Mancera"));insert into perfume_note(perfume_id,note_id) values( 849,(select note_id from note where name='arabian' and type='TOP'));insert into perfume_note(perfume_id,note_id) values (849,(select note_id from note where name='cedar' and type='MIDDLE'));insert into perfume_note(perfume_id,note_id) values (849,(select note_id from note where name='vanilla' and type='MIDDLE'));insert into perfume_note(perfume_id,note_id) values (849,(select note_id from note where name='white musk' and type='MIDDLE'));insert into perfume_note(perfume_id,note_id) values (849,(select note_id from note where name='sugar' and type='MIDDLE'));insert into perfume_note(perfume_id,note_id) values (849,(select note_id from note where name='rose' and type='BASE'));insert into perfume_note(perfume_id,note_id) values (849,(select note_id from note where name='sugar' and type='BASE'));insert into perfume(perfume_id,concentration,image,name,price,rating,gender,volume,brand_id) values( '850','EDP','perfumes/850.jpg',"Roses Vanille",3000,'4.7',0,'120.0',(select brand_id from brand where name="Mancera"));insert into perfume_note(perfume_id,note_id) values( 850,(select note_id from note where name='arabian' and type='TOP'));insert into perfume_note(perfume_id,note_id) values (850,(select note_id from note where name='cedar' and type='MIDDLE'));insert into perfume_note(perfume_id,note_id) values (850,(select note_id from note where name='vanilla' and type='MIDDLE'));insert into perfume_note(perfume_id,note_id) values (850,(select note_id from note where name='white musk' and type='MIDDLE'));insert into perfume_note(perfume_id,note_id) values (850,(select note_id from note where name='sugar' and type='MIDDLE'));insert into perfume_note(perfume_id,note_id) values (850,(select note_id from note where name='rose' and type='BASE'));insert into perfume_note(perfume_id,note_id) values (850,(select note_id from note where name='sugar' and type='BASE'));insert into perfume(perfume_id,concentration,image,name,price,rating,gender,volume,brand_id) values( '851','EDT','perfumes/851.jpg',"Man In Red",3000,'5.0',0,'100.0',(select brand_id from brand where name="Ferrari"));insert into perfume_note(perfume_id,note_id) values( 851,(select note_id from note where name='fruity' and type='TOP'));insert into perfume_note(perfume_id,note_id) values (851,(select note_id from note where name='cedar' and type='MIDDLE'));insert into perfume_note(perfume_id,note_id) values (851,(select note_id from note where name='bean' and type='MIDDLE'));insert into perfume_note(perfume_id,note_id) values (851,(select note_id from note where name='labdanum' and type='MIDDLE'));insert into perfume_note(perfume_id,note_id) values (851,(select note_id from note where name='tonka' and type='MIDDLE'));insert into perfume_note(perfume_id,note_id) values (851,(select note_id from note where name='blossom' and type='BASE'));insert into perfume_note(perfume_id,note_id) values (851,(select note_id from note where name='orange' and type='BASE'));insert into perfume_note(perfume_id,note_id) values (851,(select note_id from note where name='plum' and type='BASE'));insert into perfume_note(perfume_id,note_id) values (851,(select note_id from note where name='lavender' and type='BASE'));insert into perfume_note(perfume_id,note_id) values (851,(select note_id from note where name='yellow' and type='BASE'));insert into perfume(perfume_id,concentration,image,name,price,rating,gender,volume,brand_id) values( '852','EDT','perfumes/852.jpg',"Desire",3000,'4.5',0,'100.0',(select brand_id from brand where name="Dunhill"));insert into perfume_note(perfume_id,note_id) values( 852,(select note_id from note where name='fresh' and type='TOP'));insert into perfume_note(perfume_id,note_id) values (852,(select note_id from note where name='vanilla' and type='MIDDLE'));insert into perfume_note(perfume_id,note_id) values (852,(select note_id from note where name='musk' and type='MIDDLE'));insert into perfume_note(perfume_id,note_id) values (852,(select note_id from note where name='patchouli' and type='BASE'));insert into perfume_note(perfume_id,note_id) values (852,(select note_id from note where name='rose' and type='BASE'));insert into perfume_note(perfume_id,note_id) values (852,(select note_id from note where name='teak wood' and type='BASE'));insert into perfume(perfume_id,concentration,image,name,price,rating,gender,volume,brand_id) values( '853','EDP','perfumes/853.jpg',"Man In Black",3000,'4.6',0,'100.0',(select brand_id from brand where name="BVLGARI"));insert into perfume_note(perfume_id,note_id) values( 853,(select note_id from note where name='spicy' and type='TOP'));insert into perfume_note(perfume_id,note_id) values (853,(select note_id from note where name='guaiac wood' and type='MIDDLE'));insert into perfume_note(perfume_id,note_id) values (853,(select note_id from note where name='benzoin' and type='MIDDLE'));insert into perfume_note(perfume_id,note_id) values (853,(select note_id from note where name='tonka bean' and type='MIDDLE'));insert into perfume_note(perfume_id,note_id) values (853,(select note_id from note where name='leather' and type='BASE'));insert into perfume_note(perfume_id,note_id) values (853,(select note_id from note where name='tuberose' and type='BASE'));insert into perfume_note(perfume_id,note_id) values (853,(select note_id from note where name='iris' and type='BASE'));insert into perfume(perfume_id,concentration,image,name,price,rating,gender,volume,brand_id) values( '854','EDP','perfumes/854.jpg',"Eros",3000,'5.0',0,'100.0',(select brand_id from brand where name="VERSACE"));insert into perfume_note(perfume_id,note_id) values( 854,(select note_id from note where name='citrus' and type='TOP'));insert into perfume_note(perfume_id,note_id) values (854,(select note_id from note where name='woodsy' and type='MIDDLE'));insert into perfume_note(perfume_id,note_id) values (854,(select note_id from note where name='sandalwood' and type='MIDDLE'));insert into perfume_note(perfume_id,note_id) values (854,(select note_id from note where name='notes' and type='MIDDLE'));insert into perfume_note(perfume_id,note_id) values (854,(select note_id from note where name='musk' and type='MIDDLE'));insert into perfume_note(perfume_id,note_id) values (854,(select note_id from note where name='ambroxan' and type='MIDDLE'));insert into perfume_note(perfume_id,note_id) values (854,(select note_id from note where name='lemon blossom' and type='BASE'));insert into perfume_note(perfume_id,note_id) values (854,(select note_id from note where name='jasmine' and type='BASE'));insert into perfume_note(perfume_id,note_id) values (854,(select note_id from note where name='peony' and type='BASE'));insert into perfume_note(perfume_id,note_id) values (854,(select note_id from note where name='jasmine sambac' and type='BASE'));insert into perfume(perfume_id,concentration,image,name,price,rating,gender,volume,brand_id) values( '855','EDT','perfumes/855.jpg',"Cabotine",3000,'4.6',0,'100.0',(select brand_id from brand where name="Gres"));insert into perfume_note(perfume_id,note_id) values( 855,(select note_id from note where name='floral' and type='TOP'));insert into perfume_note(perfume_id,note_id) values (855,(select note_id from note where name='cedarwood' and type='MIDDLE'));insert into perfume_note(perfume_id,note_id) values (855,(select note_id from note where name='cybet' and type='MIDDLE'));insert into perfume_note(perfume_id,note_id) values (855,(select note_id from note where name='vanilla' and type='MIDDLE'));insert into perfume_note(perfume_id,note_id) values (855,(select note_id from note where name='musk' and type='MIDDLE'));insert into perfume_note(perfume_id,note_id) values (855,(select note_id from note where name='amber.' and type='MIDDLE'));insert into perfume_note(perfume_id,note_id) values (855,(select note_id from note where name='tonka bean' and type='MIDDLE'));insert into perfume_note(perfume_id,note_id) values (855,(select note_id from note where name='iris.' and type='BASE'));insert into perfume_note(perfume_id,note_id) values (855,(select note_id from note where name='rose' and type='BASE'));insert into perfume_note(perfume_id,note_id) values (855,(select note_id from note where name='ylangylang' and type='BASE'));insert into perfume_note(perfume_id,note_id) values (855,(select note_id from note where name='tuberose' and type='BASE'));insert into perfume_note(perfume_id,note_id) values (855,(select note_id from note where name='heliotrope' and type='BASE'));insert into perfume_note(perfume_id,note_id) values (855,(select note_id from note where name='violet' and type='BASE'));insert into perfume_note(perfume_id,note_id) values (855,(select note_id from note where name='ginger lily' and type='BASE'));insert into perfume_note(perfume_id,note_id) values (855,(select note_id from note where name='freesia' and type='BASE'));insert into perfume_note(perfume_id,note_id) values (855,(select note_id from note where name='hyacinth' and type='BASE'));insert into perfume(perfume_id,concentration,image,name,price,rating,gender,volume,brand_id) values( '856','EDP','perfumes/856.jpg',"Monsieur Oud",3000,'4.5',0,'100.0',(select brand_id from brand where name="Alina Corel"));insert into perfume_note(perfume_id,note_id) values( 856,(select note_id from note where name='musk' and type='TOP'));insert into perfume_note(perfume_id,note_id) values (856,(select note_id from note where name='cedar' and type='MIDDLE'));insert into perfume_note(perfume_id,note_id) values (856,(select note_id from note where name='musk' and type='MIDDLE'));insert into perfume_note(perfume_id,note_id) values (856,(select note_id from note where name='rose' and type='BASE'));insert into perfume_note(perfume_id,note_id) values (856,(select note_id from note where name='water' and type='BASE'));insert into perfume(perfume_id,concentration,image,name,price,rating,gender,volume,brand_id) values( '857','EDP','perfumes/857.jpg',"Eros",3000,'4.5',0,'100.0',(select brand_id from brand where name="VERSACE"));insert into perfume_note(perfume_id,note_id) values( 857,(select note_id from note where name='citrus' and type='TOP'));insert into perfume_note(perfume_id,note_id) values (857,(select note_id from note where name='sandalwood' and type='MIDDLE'));insert into perfume_note(perfume_id,note_id) values (857,(select note_id from note where name='woodsy notes' and type='MIDDLE'));insert into perfume_note(perfume_id,note_id) values (857,(select note_id from note where name='ambroxan' and type='MIDDLE'));insert into perfume_note(perfume_id,note_id) values (857,(select note_id from note where name='musk' and type='MIDDLE'));insert into perfume_note(perfume_id,note_id) values (857,(select note_id from note where name='lemon blossom' and type='BASE'));insert into perfume_note(perfume_id,note_id) values (857,(select note_id from note where name='jasmine' and type='BASE'));insert into perfume_note(perfume_id,note_id) values (857,(select note_id from note where name='peony' and type='BASE'));insert into perfume_note(perfume_id,note_id) values (857,(select note_id from note where name='jasmine sambac' and type='BASE'));insert into perfume(perfume_id,concentration,image,name,price,rating,gender,volume,brand_id) values( '858','EDP','perfumes/858.jpg',"Eros",3000,'4.6',0,'100.0',(select brand_id from brand where name="VERSACE"));insert into perfume_note(perfume_id,note_id) values( 858,(select note_id from note where name='citrus' and type='TOP'));insert into perfume_note(perfume_id,note_id) values (858,(select note_id from note where name='sandalwood' and type='MIDDLE'));insert into perfume_note(perfume_id,note_id) values (858,(select note_id from note where name='woodsy notes' and type='MIDDLE'));insert into perfume_note(perfume_id,note_id) values (858,(select note_id from note where name='musk' and type='MIDDLE'));insert into perfume_note(perfume_id,note_id) values (858,(select note_id from note where name='ambroxan' and type='MIDDLE'));insert into perfume_note(perfume_id,note_id) values (858,(select note_id from note where name='lemon blossom' and type='BASE'));insert into perfume_note(perfume_id,note_id) values (858,(select note_id from note where name='jasmine' and type='BASE'));insert into perfume_note(perfume_id,note_id) values (858,(select note_id from note where name='peony' and type='BASE'));insert into perfume_note(perfume_id,note_id) values (858,(select note_id from note where name='jasmine sambac' and type='BASE'));insert into perfume(perfume_id,concentration,image,name,price,rating,gender,volume,brand_id) values( '859','EDT','perfumes/859.jpg',"Si Passione EDP For Wo",3000,'5.0',0,'100.0',(select brand_id from brand where name="GIORGIO ARMANI"));insert into perfume_note(perfume_id,note_id) values( 859,(select note_id from note where name='floral' and type='TOP'));insert into perfume_note(perfume_id,note_id) values (859,(select note_id from note where name='cedar' and type='MIDDLE'));insert into perfume_note(perfume_id,note_id) values (859,(select note_id from note where name='patchouli' and type='MIDDLE'));insert into perfume_note(perfume_id,note_id) values (859,(select note_id from note where name='vanilla' and type='MIDDLE'));insert into perfume_note(perfume_id,note_id) values (859,(select note_id from note where name='rose' and type='BASE'));insert into perfume_note(perfume_id,note_id) values (859,(select note_id from note where name='jasmine' and type='BASE'));insert into perfume_note(perfume_id,note_id) values (859,(select note_id from note where name='heliotrope' and type='BASE'));insert into perfume_note(perfume_id,note_id) values (859,(select note_id from note where name='pineapple' and type='BASE'));insert into perfume(perfume_id,concentration,image,name,price,rating,gender,volume,brand_id) values( '860','EDP','perfumes/860.jpg',"Quatre",3000,'4.8',0,'100.0',(select brand_id from brand where name="BOUCHERON"));insert into perfume_note(perfume_id,note_id) values( 860,(select note_id from note where name='floral' and type='TOP'));insert into perfume_note(perfume_id,note_id) values (860,(select note_id from note where name='caramel' and type='MIDDLE'));insert into perfume_note(perfume_id,note_id) values (860,(select note_id from note where name='golden woods' and type='MIDDLE'));insert into perfume_note(perfume_id,note_id) values (860,(select note_id from note where name='cedar' and type='MIDDLE'));insert into perfume_note(perfume_id,note_id) values (860,(select note_id from note where name='vanilla' and type='MIDDLE'));insert into perfume_note(perfume_id,note_id) values (860,(select note_id from note where name='musk' and type='MIDDLE'));insert into perfume_note(perfume_id,note_id) values (860,(select note_id from note where name='cashmere' and type='MIDDLE'));insert into perfume_note(perfume_id,note_id) values (860,(select note_id from note where name='wild' and type='BASE'));insert into perfume_note(perfume_id,note_id) values (860,(select note_id from note where name='peach' and type='BASE'));insert into perfume_note(perfume_id,note_id) values (860,(select note_id from note where name='accords' and type='BASE'));insert into perfume_note(perfume_id,note_id) values (860,(select note_id from note where name='apple' and type='BASE'));insert into perfume_note(perfume_id,note_id) values (860,(select note_id from note where name='rose' and type='BASE'));insert into perfume_note(perfume_id,note_id) values (860,(select note_id from note where name='sambac jasmine' and type='BASE'));insert into perfume_note(perfume_id,note_id) values (860,(select note_id from note where name='strawberry' and type='BASE'));insert into perfume(perfume_id,concentration,image,name,price,rating,gender,volume,brand_id) values( '861','EDT','perfumes/861.jpg',"Encre Noire",3000,'4.4',0,'100.0',(select brand_id from brand where name="LALIQUE"));insert into perfume_note(perfume_id,note_id) values( 861,(select note_id from note where name='woody' and type='TOP'));insert into perfume_note(perfume_id,note_id) values (861,(select note_id from note where name='sandalwood' and type='MIDDLE'));insert into perfume_note(perfume_id,note_id) values (861,(select note_id from note where name='lemongrass' and type='BASE'));insert into perfume(perfume_id,concentration,image,name,price,rating,gender,volume,brand_id) values( '862','EDT','perfumes/862.jpg',"Hot",3000,'4.5',0,'100.0',(select brand_id from brand where name="UNITED COLORS OF BENETTON"));insert into perfume_note(perfume_id,note_id) values( 862,(select note_id from note where name='woody' and type='TOP'));insert into perfume_note(perfume_id,note_id) values (862,(select note_id from note where name='cedarwood' and type='MIDDLE'));insert into perfume_note(perfume_id,note_id) values (862,(select note_id from note where name='amber' and type='MIDDLE'));insert into perfume_note(perfume_id,note_id) values (862,(select note_id from note where name='oak moss' and type='MIDDLE'));insert into perfume_note(perfume_id,note_id) values (862,(select note_id from note where name='sandalwood' and type='MIDDLE'));insert into perfume_note(perfume_id,note_id) values (862,(select note_id from note where name='vanilla' and type='MIDDLE'));insert into perfume_note(perfume_id,note_id) values (862,(select note_id from note where name='musk' and type='MIDDLE'));insert into perfume_note(perfume_id,note_id) values (862,(select note_id from note where name='valley' and type='BASE'));insert into perfume_note(perfume_id,note_id) values (862,(select note_id from note where name='water jasmine' and type='BASE'));insert into perfume_note(perfume_id,note_id) values (862,(select note_id from note where name='the' and type='BASE'));insert into perfume_note(perfume_id,note_id) values (862,(select note_id from note where name='iris' and type='BASE'));insert into perfume_note(perfume_id,note_id) values (862,(select note_id from note where name='apricot' and type='BASE'));insert into perfume_note(perfume_id,note_id) values (862,(select note_id from note where name='lily' and type='BASE'));insert into perfume(perfume_id,concentration,image,name,price,rating,gender,volume,brand_id) values( '863','EDT','perfumes/863.jpg',"Sauvage",3000,'4.6',0,'100.0',(select brand_id from brand where name="Dior"));insert into perfume_note(perfume_id,note_id) values( 863,(select note_id from note where name='spicy' and type='TOP'));insert into perfume_note(perfume_id,note_id) values (863,(select note_id from note where name='cedar' and type='MIDDLE'));insert into perfume_note(perfume_id,note_id) values (863,(select note_id from note where name='labdanum' and type='MIDDLE'));insert into perfume_note(perfume_id,note_id) values (863,(select note_id from note where name='ambroxan' and type='MIDDLE'));insert into perfume_note(perfume_id,note_id) values (863,(select note_id from note where name='patchouli' and type='BASE'));insert into perfume_note(perfume_id,note_id) values (863,(select note_id from note where name='elemi' and type='BASE'));insert into perfume_note(perfume_id,note_id) values (863,(select note_id from note where name='pink pepper' and type='BASE'));insert into perfume_note(perfume_id,note_id) values (863,(select note_id from note where name='lavender' and type='BASE'));insert into perfume_note(perfume_id,note_id) values (863,(select note_id from note where name='vetiver' and type='BASE'));insert into perfume_note(perfume_id,note_id) values (863,(select note_id from note where name='geranium' and type='BASE'));insert into perfume_note(perfume_id,note_id) values (863,(select note_id from note where name='sichuan pepper' and type='BASE'));insert into perfume(perfume_id,concentration,image,name,price,rating,gender,volume,brand_id) values( '864','EDT','perfumes/864.jpg',"212 Sexy",3000,'4.2',0,'100.0',(select brand_id from brand where name="CAROLINA HERRERA"));insert into perfume_note(perfume_id,note_id) values( 864,(select note_id from note where name='vanilla' and type='TOP'));insert into perfume_note(perfume_id,note_id) values (864,(select note_id from note where name='amber' and type='MIDDLE'));insert into perfume_note(perfume_id,note_id) values (864,(select note_id from note where name='sandalwood' and type='MIDDLE'));insert into perfume_note(perfume_id,note_id) values (864,(select note_id from note where name='bourbon vanilla' and type='MIDDLE'));insert into perfume_note(perfume_id,note_id) values (864,(select note_id from note where name='musk' and type='MIDDLE'));insert into perfume_note(perfume_id,note_id) values (864,(select note_id from note where name='sensual oriental character  gaiac wood' and type='MIDDLE'));insert into perfume_note(perfume_id,note_id) values (864,(select note_id from note where name='pepper' and type='BASE'));insert into perfume_note(perfume_id,note_id) values (864,(select note_id from note where name='sensuality' and type='BASE'));insert into perfume_note(perfume_id,note_id) values (864,(select note_id from note where name='tonka beans' and type='BASE'));insert into perfume_note(perfume_id,note_id) values (864,(select note_id from note where name='green' and type='BASE'));insert into perfume_note(perfume_id,note_id) values (864,(select note_id from note where name='subtle' and type='BASE'));insert into perfume_note(perfume_id,note_id) values (864,(select note_id from note where name='cardamom' and type='BASE'));insert into perfume_note(perfume_id,note_id) values (864,(select note_id from note where name='spicy' and type='BASE'));insert into perfume_note(perfume_id,note_id) values (864,(select note_id from note where name='floral petal' and type='BASE'));insert into perfume(perfume_id,concentration,image,name,price,rating,gender,volume,brand_id) values( '865','EDT','perfumes/865.jpg',"Rush 2",3000,'4.4',0,'50.0',(select brand_id from brand where name="GUCCI"));insert into perfume_note(perfume_id,note_id) values( 865,(select note_id from note where name='floral' and type='TOP'));insert into perfume_note(perfume_id,note_id) values (865,(select note_id from note where name='black currant' and type='MIDDLE'));insert into perfume_note(perfume_id,note_id) values (865,(select note_id from note where name='musk' and type='MIDDLE'));insert into perfume_note(perfume_id,note_id) values (865,(select note_id from note where name='oakmoss' and type='MIDDLE'));insert into perfume_note(perfume_id,note_id) values (865,(select note_id from note where name='lily' and type='BASE'));insert into perfume_note(perfume_id,note_id) values (865,(select note_id from note where name='plam tree' and type='BASE'));insert into perfume_note(perfume_id,note_id) values (865,(select note_id from note where name='narcissus' and type='BASE'));insert into perfume_note(perfume_id,note_id) values (865,(select note_id from note where name='gardenia' and type='BASE'));insert into perfume(perfume_id,concentration,image,name,price,rating,gender,volume,brand_id) values( '866','EDP','perfumes/866.jpg',"London",3000,'4.8',0,'100.0',(select brand_id from brand where name="BURBERRY"));insert into perfume_note(perfume_id,note_id) values( 866,(select note_id from note where name='floral' and type='TOP'));insert into perfume_note(perfume_id,note_id) values (866,(select note_id from note where name='patchouli' and type='MIDDLE'));insert into perfume_note(perfume_id,note_id) values (866,(select note_id from note where name='sandalwood' and type='MIDDLE'));insert into perfume_note(perfume_id,note_id) values (866,(select note_id from note where name='musk' and type='MIDDLE'));insert into perfume_note(perfume_id,note_id) values (866,(select note_id from note where name='peony' and type='BASE'));insert into perfume_note(perfume_id,note_id) values (866,(select note_id from note where name='jasmine' and type='BASE'));insert into perfume_note(perfume_id,note_id) values (866,(select note_id from note where name='zest' and type='BASE'));insert into perfume_note(perfume_id,note_id) values (866,(select note_id from note where name='tiare flower' and type='BASE'));insert into perfume_note(perfume_id,note_id) values (866,(select note_id from note where name='clementine' and type='BASE'));insert into perfume(perfume_id,concentration,image,name,price,rating,gender,volume,brand_id) values( '867','EDP','perfumes/867.jpg',"Femme",3000,'4.8',0,'75.0',(select brand_id from brand where name="HUGO BOSS"));insert into perfume_note(perfume_id,note_id) values( 867,(select note_id from note where name='floral' and type='TOP'));insert into perfume_note(perfume_id,note_id) values (867,(select note_id from note where name='lemon tree' and type='MIDDLE'));insert into perfume_note(perfume_id,note_id) values (867,(select note_id from note where name='amber' and type='MIDDLE'));insert into perfume_note(perfume_id,note_id) values (867,(select note_id from note where name='apricot' and type='MIDDLE'));insert into perfume_note(perfume_id,note_id) values (867,(select note_id from note where name='lily' and type='BASE'));insert into perfume_note(perfume_id,note_id) values (867,(select note_id from note where name='jasmine' and type='BASE'));insert into perfume_note(perfume_id,note_id) values (867,(select note_id from note where name='bulgarian rose' and type='BASE'));insert into perfume(perfume_id,concentration,image,name,price,rating,gender,volume,brand_id) values( '868','EDP','perfumes/868.jpg',"Scandal",3000,'4.5',0,'80.0',(select brand_id from brand where name="Jean Paul GAULTIER"));insert into perfume_note(perfume_id,note_id) values( 868,(select note_id from note where name='floral' and type='TOP'));insert into perfume_note(perfume_id,note_id) values (868,(select note_id from note where name='labdanum' and type='MIDDLE'));insert into perfume_note(perfume_id,note_id) values (868,(select note_id from note where name='vanilla' and type='MIDDLE'));insert into perfume_note(perfume_id,note_id) values (868,(select note_id from note where name='musk' and type='MIDDLE'));insert into perfume_note(perfume_id,note_id) values (868,(select note_id from note where name='blossom' and type='BASE'));insert into perfume_note(perfume_id,note_id) values (868,(select note_id from note where name='jasmine' and type='BASE'));insert into perfume_note(perfume_id,note_id) values (868,(select note_id from note where name='tiare flower' and type='BASE'));insert into perfume_note(perfume_id,note_id) values (868,(select note_id from note where name='orange' and type='BASE'));insert into perfume(perfume_id,concentration,image,name,price,rating,gender,volume,brand_id) values( '869','EDT','perfumes/869.jpg',"In Red",3000,'4.5',0,'100.0',(select brand_id from brand where name="ARMAND BASI"));insert into perfume_note(perfume_id,note_id) values( 869,(select note_id from note where name='citrus' and type='TOP'));insert into perfume_note(perfume_id,note_id) values (869,(select note_id from note where name='amber' and type='MIDDLE'));insert into perfume_note(perfume_id,note_id) values (869,(select note_id from note where name='white musk' and type='MIDDLE'));insert into perfume_note(perfume_id,note_id) values (869,(select note_id from note where name='praline' and type='MIDDLE'));insert into perfume_note(perfume_id,note_id) values (869,(select note_id from note where name='woody notes' and type='MIDDLE'));insert into perfume_note(perfume_id,note_id) values (869,(select note_id from note where name='vanilla' and type='MIDDLE'));insert into perfume_note(perfume_id,note_id) values (869,(select note_id from note where name='palisander rosemary' and type='MIDDLE'));insert into perfume_note(perfume_id,note_id) values (869,(select note_id from note where name='oakmoss' and type='MIDDLE'));insert into perfume_note(perfume_id,note_id) values (869,(select note_id from note where name='violet leaf' and type='BASE'));insert into perfume_note(perfume_id,note_id) values (869,(select note_id from note where name='peony' and type='BASE'));insert into perfume_note(perfume_id,note_id) values (869,(select note_id from note where name='rose' and type='BASE'));insert into perfume_note(perfume_id,note_id) values (869,(select note_id from note where name='jasmine' and type='BASE'));insert into perfume_note(perfume_id,note_id) values (869,(select note_id from note where name='pink pepper' and type='BASE'));insert into perfume_note(perfume_id,note_id) values (869,(select note_id from note where name='lily' and type='BASE'));insert into perfume_note(perfume_id,note_id) values (869,(select note_id from note where name='blackcurrant' and type='BASE'));insert into perfume(perfume_id,concentration,image,name,price,rating,gender,volume,brand_id) values( '870','EDT','perfumes/870.jpg',"Eros",3000,'4.5',0,'100.0',(select brand_id from brand where name="VERSACE"));insert into perfume_note(perfume_id,note_id) values( 870,(select note_id from note where name='arabian' and type='TOP'));insert into perfume_note(perfume_id,note_id) values (870,(select note_id from note where name='atlas cedar' and type='MIDDLE'));insert into perfume_note(perfume_id,note_id) values (870,(select note_id from note where name='vetiver' and type='MIDDLE'));insert into perfume_note(perfume_id,note_id) values (870,(select note_id from note where name='madagascar vanilla' and type='MIDDLE'));insert into perfume_note(perfume_id,note_id) values (870,(select note_id from note where name='virginian cedar' and type='MIDDLE'));insert into perfume_note(perfume_id,note_id) values (870,(select note_id from note where name='oakmoss' and type='MIDDLE'));insert into perfume_note(perfume_id,note_id) values (870,(select note_id from note where name='geranium' and type='BASE'));insert into perfume_note(perfume_id,note_id) values (870,(select note_id from note where name='tonka bean' and type='BASE'));insert into perfume_note(perfume_id,note_id) values (870,(select note_id from note where name='ambroxan' and type='BASE'));insert into perfume(perfume_id,concentration,image,name,price,rating,gender,volume,brand_id) values( '871','EDP','perfumes/871.jpg',"Manifesto",3000,'3.0',0,'90.0',(select brand_id from brand where name="Yves Saint Laurent"));insert into perfume_note(perfume_id,note_id) values( 871,(select note_id from note where name='floral' and type='TOP'));insert into perfume_note(perfume_id,note_id) values (871,(select note_id from note where name='cedar' and type='MIDDLE'));insert into perfume_note(perfume_id,note_id) values (871,(select note_id from note where name='sandalwood' and type='MIDDLE'));insert into perfume_note(perfume_id,note_id) values (871,(select note_id from note where name='vanilla' and type='MIDDLE'));insert into perfume_note(perfume_id,note_id) values (871,(select note_id from note where name='tonka bean' and type='MIDDLE'));insert into perfume_note(perfume_id,note_id) values (871,(select note_id from note where name='lilyofthevalley' and type='BASE'));insert into perfume_note(perfume_id,note_id) values (871,(select note_id from note where name='jasmine sambac' and type='BASE'));insert into perfume(perfume_id,concentration,image,name,price,rating,gender,volume,brand_id) values( '872','EDP','perfumes/872.jpg',"Bloom",3000,'4.6',0,'100.0',(select brand_id from brand where name="GUCCI"));insert into perfume_note(perfume_id,note_id) values( 872,(select note_id from note where name='floral' and type='TOP'));insert into perfume_note(perfume_id,note_id) values (872,(select note_id from note where name='rangoon creeper' and type='MIDDLE'));insert into perfume_note(perfume_id,note_id) values (872,(select note_id from note where name='tuberose' and type='BASE'));insert into perfume(perfume_id,concentration,image,name,price,rating,gender,volume,brand_id) values( '873','EDT','perfumes/873.jpg',"Guilty",3000,'4.8',0,'75.0',(select brand_id from brand where name="GUCCI"));insert into perfume_note(perfume_id,note_id) values( 873,(select note_id from note where name='floral' and type='TOP'));insert into perfume_note(perfume_id,note_id) values (873,(select note_id from note where name='wild' and type='MIDDLE'));insert into perfume_note(perfume_id,note_id) values (873,(select note_id from note where name='lily' and type='MIDDLE'));insert into perfume_note(perfume_id,note_id) values (873,(select note_id from note where name='strawberry' and type='MIDDLE'));insert into perfume_note(perfume_id,note_id) values (873,(select note_id from note where name='litchi' and type='BASE'));insert into perfume(perfume_id,concentration,image,name,price,rating,gender,volume,brand_id) values( '874','EDP','perfumes/874.jpg',"Bloom",3000,'4.2',0,'100.0',(select brand_id from brand where name="GUCCI"));insert into perfume_note(perfume_id,note_id) values( 874,(select note_id from note where name='floral' and type='TOP'));insert into perfume_note(perfume_id,note_id) values (874,(select note_id from note where name='rangoon creeper' and type='MIDDLE'));insert into perfume_note(perfume_id,note_id) values (874,(select note_id from note where name='tuberose' and type='BASE'));insert into perfume(perfume_id,concentration,image,name,price,rating,gender,volume,brand_id) values( '875','EDP','perfumes/875.jpg',"Crystal Noir",3000,'4.4',0,'90.0',(select brand_id from brand where name="VERSACE"));insert into perfume_note(perfume_id,note_id) values( 875,(select note_id from note where name='oriental' and type='TOP'));insert into perfume_note(perfume_id,note_id) values (875,(select note_id from note where name='pod' and type='MIDDLE'));insert into perfume_note(perfume_id,note_id) values (875,(select note_id from note where name='cashmeran' and type='MIDDLE'));insert into perfume_note(perfume_id,note_id) values (875,(select note_id from note where name='sandalwood' and type='MIDDLE'));insert into perfume_note(perfume_id,note_id) values (875,(select note_id from note where name='vanilla' and type='MIDDLE'));insert into perfume_note(perfume_id,note_id) values (875,(select note_id from note where name='heliotropine' and type='MIDDLE'));insert into perfume_note(perfume_id,note_id) values (875,(select note_id from note where name='jasmine' and type='BASE'));insert into perfume_note(perfume_id,note_id) values (875,(select note_id from note where name='dry' and type='BASE'));insert into perfume_note(perfume_id,note_id) values (875,(select note_id from note where name='tuberose' and type='BASE'));insert into perfume_note(perfume_id,note_id) values (875,(select note_id from note where name='frangipani' and type='BASE'));insert into perfume(perfume_id,concentration,image,name,price,rating,gender,volume,brand_id) values( '876','EDT','perfumes/876.jpg',"Boss The Scent",3000,'4.6',0,'100.0',(select brand_id from brand where name="HUGO BOSS"));insert into perfume_note(perfume_id,note_id) values( 876,(select note_id from note where name='spicy' and type='TOP'));insert into perfume_note(perfume_id,note_id) values (876,(select note_id from note where name='leather' and type='MIDDLE'));insert into perfume_note(perfume_id,note_id) values (876,(select note_id from note where name='lavender' and type='BASE'));insert into perfume_note(perfume_id,note_id) values (876,(select note_id from note where name='maninka' and type='BASE'));insert into perfume_note(perfume_id,note_id) values (876,(select note_id from note where name='fruit' and type='BASE'));insert into perfume(perfume_id,concentration,image,name,price,rating,gender,volume,brand_id) values( '877','EDP','perfumes/877.jpg',"Bloom Nettare Di Fiori",3000,'4.3',0,'100.0',(select brand_id from brand where name="GUCCI"));insert into perfume_note(perfume_id,note_id) values( 877,(select note_id from note where name='floral' and type='TOP'));insert into perfume_note(perfume_id,note_id) values (877,(select note_id from note where name='schijnhulst' and type='MIDDLE'));insert into perfume_note(perfume_id,note_id) values (877,(select note_id from note where name='patchoulie' and type='MIDDLE'));insert into perfume_note(perfume_id,note_id) values (877,(select note_id from note where name='musk' and type='MIDDLE'));insert into perfume_note(perfume_id,note_id) values (877,(select note_id from note where name='honeysuckle' and type='BASE'));insert into perfume_note(perfume_id,note_id) values (877,(select note_id from note where name='jasmine' and type='BASE'));insert into perfume_note(perfume_id,note_id) values (877,(select note_id from note where name='tuberose' and type='BASE'));insert into perfume(perfume_id,concentration,image,name,price,rating,gender,volume,brand_id) values( '878','EDP','perfumes/878.jpg',"L'interdit",3000,'2.3',0,'80.0',(select brand_id from brand where name="Givenchy"));insert into perfume_note(perfume_id,note_id) values( 878,(select note_id from note where name='floral' and type='TOP'));insert into perfume_note(perfume_id,note_id) values (878,(select note_id from note where name='patchouli' and type='MIDDLE'));insert into perfume_note(perfume_id,note_id) values (878,(select note_id from note where name='vetiver' and type='MIDDLE'));insert into perfume_note(perfume_id,note_id) values (878,(select note_id from note where name='blossom' and type='BASE'));insert into perfume_note(perfume_id,note_id) values (878,(select note_id from note where name='jasmine' and type='BASE'));insert into perfume_note(perfume_id,note_id) values (878,(select note_id from note where name='orange' and type='BASE'));insert into perfume_note(perfume_id,note_id) values (878,(select note_id from note where name='tuberose' and type='BASE'));insert into perfume(perfume_id,concentration,image,name,price,rating,gender,volume,brand_id) values( '879','EDT','perfumes/879.jpg',"L.12.12 Blanc",3000,'3.7',0,'100.0',(select brand_id from brand where name="LACOSTE"));insert into perfume_note(perfume_id,note_id) values( 879,(select note_id from note where name='woody' and type='TOP'));insert into perfume_note(perfume_id,note_id) values (879,(select note_id from note where name='cedar' and type='MIDDLE'));insert into perfume_note(perfume_id,note_id) values (879,(select note_id from note where name='leather' and type='MIDDLE'));insert into perfume_note(perfume_id,note_id) values (879,(select note_id from note where name='suede' and type='MIDDLE'));insert into perfume_note(perfume_id,note_id) values (879,(select note_id from note where name='ylangylang' and type='BASE'));insert into perfume_note(perfume_id,note_id) values (879,(select note_id from note where name='mexican' and type='BASE'));insert into perfume_note(perfume_id,note_id) values (879,(select note_id from note where name='tuberose' and type='BASE'));insert into perfume(perfume_id,concentration,image,name,price,rating,gender,volume,brand_id) values( '880','EDT','perfumes/880.jpg',"Eau De lacoste",3000,'4.2',0,'100.0',(select brand_id from brand where name="LACOSTE"));insert into perfume_note(perfume_id,note_id) values( 880,(select note_id from note where name='citrus' and type='TOP'));insert into perfume_note(perfume_id,note_id) values (880,(select note_id from note where name='vetiver' and type='MIDDLE'));insert into perfume_note(perfume_id,note_id) values (880,(select note_id from note where name='cedarwood' and type='MIDDLE'));insert into perfume_note(perfume_id,note_id) values (880,(select note_id from note where name='suede' and type='MIDDLE'));insert into perfume_note(perfume_id,note_id) values (880,(select note_id from note where name='georgywood' and type='MIDDLE'));insert into perfume_note(perfume_id,note_id) values (880,(select note_id from note where name='ylangylang' and type='BASE'));insert into perfume_note(perfume_id,note_id) values (880,(select note_id from note where name='olibanum' and type='BASE'));insert into perfume_note(perfume_id,note_id) values (880,(select note_id from note where name='tuberose' and type='BASE'));insert into perfume(perfume_id,concentration,image,name,price,rating,gender,volume,brand_id) values( '881','EDT','perfumes/881.jpg',"Grey Flannel",3000,'5.0',0,'120.0',(select brand_id from brand where name="Geoffrey Beene"));insert into perfume_note(perfume_id,note_id) values( 881,(select note_id from note where name='woody' and type='TOP'));insert into perfume_note(perfume_id,note_id) values (881,(select note_id from note where name='almond' and type='MIDDLE'));insert into perfume_note(perfume_id,note_id) values (881,(select note_id from note where name='vetiver' and type='MIDDLE'));insert into perfume_note(perfume_id,note_id) values (881,(select note_id from note where name='cedar' and type='MIDDLE'));insert into perfume_note(perfume_id,note_id) values (881,(select note_id from note where name='tonka bean' and type='MIDDLE'));insert into perfume_note(perfume_id,note_id) values (881,(select note_id from note where name='oakmoss' and type='MIDDLE'));insert into perfume_note(perfume_id,note_id) values (881,(select note_id from note where name='narcissus' and type='BASE'));insert into perfume_note(perfume_id,note_id) values (881,(select note_id from note where name='iris' and type='BASE'));insert into perfume_note(perfume_id,note_id) values (881,(select note_id from note where name='rose' and type='BASE'));insert into perfume_note(perfume_id,note_id) values (881,(select note_id from note where name='sage' and type='BASE'));insert into perfume_note(perfume_id,note_id) values (881,(select note_id from note where name='mimosa' and type='BASE'));insert into perfume_note(perfume_id,note_id) values (881,(select note_id from note where name='violet' and type='BASE'));insert into perfume_note(perfume_id,note_id) values (881,(select note_id from note where name='geranium' and type='BASE'));insert into perfume(perfume_id,concentration,image,name,price,rating,gender,volume,brand_id) values( '882','EDP','perfumes/882.jpg',"Hawaiian Musk",3000,'4.5',0,'100.0',(select brand_id from brand where name="Niya"));insert into perfume_note(perfume_id,note_id) values( 882,(select note_id from note where name='woody' and type='TOP'));insert into perfume_note(perfume_id,note_id) values (882,(select note_id from note where name='vanilla' and type='MIDDLE'));insert into perfume_note(perfume_id,note_id) values (882,(select note_id from note where name='musk' and type='MIDDLE'));insert into perfume_note(perfume_id,note_id) values (882,(select note_id from note where name='oakmoss' and type='MIDDLE'));insert into perfume_note(perfume_id,note_id) values (882,(select note_id from note where name='patchouli' and type='BASE'));insert into perfume_note(perfume_id,note_id) values (882,(select note_id from note where name='rose' and type='BASE'));insert into perfume_note(perfume_id,note_id) values (882,(select note_id from note where name='birch' and type='BASE'));insert into perfume_note(perfume_id,note_id) values (882,(select note_id from note where name='moroccan jasmine' and type='BASE'));insert into perfume(perfume_id,concentration,image,name,price,rating,gender,volume,brand_id) values( '883','EDP','perfumes/883.jpg',"Premium",3000,'5.0',0,'25.0',(select brand_id from brand where name="Genie Collection"));insert into perfume_note(perfume_id,note_id) values( 883,(select note_id from note where name='oriental' and type='TOP'));insert into perfume_note(perfume_id,note_id) values (883,(select note_id from note where name='patchouli' and type='MIDDLE'));insert into perfume_note(perfume_id,note_id) values (883,(select note_id from note where name='amber' and type='MIDDLE'));insert into perfume_note(perfume_id,note_id) values (883,(select note_id from note where name='musk' and type='MIDDLE'));insert into perfume_note(perfume_id,note_id) values (883,(select note_id from note where name='ylangylang' and type='BASE'));insert into perfume_note(perfume_id,note_id) values (883,(select note_id from note where name='jasmine' and type='BASE'));insert into perfume_note(perfume_id,note_id) values (883,(select note_id from note where name='tuberose' and type='BASE'));insert into perfume(perfume_id,concentration,image,name,price,rating,gender,volume,brand_id) values( '884','EDT','perfumes/884.jpg',"Homme",3000,'4.4',0,'100.0',(select brand_id from brand where name="GUESS"));insert into perfume_note(perfume_id,note_id) values( 884,(select note_id from note where name='spicy' and type='TOP'));insert into perfume_note(perfume_id,note_id) values (884,(select note_id from note where name='patchouli' and type='MIDDLE'));insert into perfume_note(perfume_id,note_id) values (884,(select note_id from note where name='sandalwood' and type='MIDDLE'));insert into perfume_note(perfume_id,note_id) values (884,(select note_id from note where name='musk' and type='MIDDLE'));insert into perfume_note(perfume_id,note_id) values (884,(select note_id from note where name='amber' and type='MIDDLE'));insert into perfume_note(perfume_id,note_id) values (884,(select note_id from note where name='vetiver' and type='BASE'));insert into perfume_note(perfume_id,note_id) values (884,(select note_id from note where name='leaves' and type='BASE'));insert into perfume_note(perfume_id,note_id) values (884,(select note_id from note where name='violet' and type='BASE'));insert into perfume_note(perfume_id,note_id) values (884,(select note_id from note where name='vanilla orchid' and type='BASE'));insert into perfume(perfume_id,concentration,image,name,price,rating,gender,volume,brand_id) values( '885','EDT','perfumes/885.jpg',"Zino",3000,'3.4',0,'125.0',(select brand_id from brand where name="DAVIDOFF"));insert into perfume_note(perfume_id,note_id) values( 885,(select note_id from note where name='woody' and type='TOP'));insert into perfume_note(perfume_id,note_id) values (885,(select note_id from note where name='amber' and type='MIDDLE'));insert into perfume_note(perfume_id,note_id) values (885,(select note_id from note where name='cedar' and type='MIDDLE'));insert into perfume_note(perfume_id,note_id) values (885,(select note_id from note where name='vanilla' and type='MIDDLE'));insert into perfume_note(perfume_id,note_id) values (885,(select note_id from note where name='tonka' and type='MIDDLE'));insert into perfume_note(perfume_id,note_id) values (885,(select note_id from note where name='patchouli' and type='MIDDLE'));insert into perfume_note(perfume_id,note_id) values (885,(select note_id from note where name='sandal' and type='MIDDLE'));insert into perfume_note(perfume_id,note_id) values (885,(select note_id from note where name='geranium' and type='BASE'));insert into perfume_note(perfume_id,note_id) values (885,(select note_id from note where name='rose' and type='BASE'));insert into perfume_note(perfume_id,note_id) values (885,(select note_id from note where name='muguet' and type='BASE'));insert into perfume_note(perfume_id,note_id) values (885,(select note_id from note where name='jasmine' and type='BASE'));insert into perfume(perfume_id,concentration,image,name,price,rating,gender,volume,brand_id) values( '886','EDP','perfumes/886.jpg',"Prive Maison Sandalwood",3000,'4.7',0,'100.0',(select brand_id from brand where name="Niya"));insert into perfume_note(perfume_id,note_id) values( 886,(select note_id from note where name='woody' and type='TOP'));insert into perfume_note(perfume_id,note_id) values (886,(select note_id from note where name='sandalwood' and type='MIDDLE'));insert into perfume_note(perfume_id,note_id) values (886,(select note_id from note where name='vanilla' and type='MIDDLE'));insert into perfume_note(perfume_id,note_id) values (886,(select note_id from note where name='musk' and type='MIDDLE'));insert into perfume_note(perfume_id,note_id) values (886,(select note_id from note where name='muguet' and type='BASE'));insert into perfume_note(perfume_id,note_id) values (886,(select note_id from note where name='violet' and type='BASE'));insert into perfume_note(perfume_id,note_id) values (886,(select note_id from note where name='tuberose' and type='BASE'));insert into perfume(perfume_id,concentration,image,name,price,rating,gender,volume,brand_id) values( '887','EDP','perfumes/887.jpg',"Ana Abiyedh Leather",3000,'4.6',0,'60.0',(select brand_id from brand where name="Lattafa"));insert into perfume_note(perfume_id,note_id) values( 887,(select note_id from note where name='musk' and type='TOP'));insert into perfume_note(perfume_id,note_id) values (887,(select note_id from note where name='guaiac wood' and type='MIDDLE'));insert into perfume_note(perfume_id,note_id) values (887,(select note_id from note where name='tonka bean' and type='MIDDLE'));insert into perfume_note(perfume_id,note_id) values (887,(select note_id from note where name='cardamom' and type='BASE'));insert into perfume_note(perfume_id,note_id) values (887,(select note_id from note where name='saffron' and type='BASE'));insert into perfume_note(perfume_id,note_id) values (887,(select note_id from note where name='vanilla' and type='BASE'));insert into perfume(perfume_id,concentration,image,name,price,rating,gender,volume,brand_id) values( '888','EDT','perfumes/888.jpg',"Just Cavalli",3000,'4.8',0,'90.0',(select brand_id from brand where name="Roberto Cavalli"));insert into perfume_note(perfume_id,note_id) values( 888,(select note_id from note where name='woody' and type='TOP'));insert into perfume_note(perfume_id,note_id) values (888,(select note_id from note where name='leather' and type='MIDDLE'));insert into perfume_note(perfume_id,note_id) values (888,(select note_id from note where name='vetiver' and type='BASE'));insert into perfume(perfume_id,concentration,image,name,price,rating,gender,volume,brand_id) values( '889','EDP','perfumes/889.jpg',"Tomorrow",3000,'4.5',0,'50.0',(select brand_id from brand where name="AVON"));insert into perfume_note(perfume_id,note_id) values( 889,(select note_id from note where name='floral' and type='TOP'));insert into perfume_note(perfume_id,note_id) values (889,(select note_id from note where name='rose' and type='MIDDLE'));insert into perfume_note(perfume_id,note_id) values (889,(select note_id from note where name='balsamic' and type='MIDDLE'));insert into perfume_note(perfume_id,note_id) values (889,(select note_id from note where name='floral' and type='MIDDLE'));insert into perfume_note(perfume_id,note_id) values (889,(select note_id from note where name='powdery' and type='MIDDLE'));insert into perfume_note(perfume_id,note_id) values (889,(select note_id from note where name='woody' and type='MIDDLE'));insert into perfume_note(perfume_id,note_id) values (889,(select note_id from note where name='musk' and type='BASE'));insert into perfume(perfume_id,concentration,image,name,price,rating,gender,volume,brand_id) values( '890','EDP','perfumes/890.jpg',"Plaisir",3000,'4.8',0,'100.0',(select brand_id from brand where name="J.CASANOVA"));insert into perfume_note(perfume_id,note_id) values( 890,(select note_id from note where name='oriental' and type='TOP'));insert into perfume_note(perfume_id,note_id) values (890,(select note_id from note where name='amber' and type='MIDDLE'));insert into perfume_note(perfume_id,note_id) values (890,(select note_id from note where name='musk' and type='BASE'));insert into perfume(perfume_id,concentration,image,name,price,rating,gender,volume,brand_id) values( '891','EDT','perfumes/891.jpg',"Pour Homme",3000,'4.7',0,'100.0',(select brand_id from brand where name="Givenchy"));insert into perfume_note(perfume_id,note_id) values( 891,(select note_id from note where name='spicy' and type='TOP'));insert into perfume_note(perfume_id,note_id) values (891,(select note_id from note where name='cedar' and type='MIDDLE'));insert into perfume_note(perfume_id,note_id) values (891,(select note_id from note where name='labdanum' and type='MIDDLE'));insert into perfume_note(perfume_id,note_id) values (891,(select note_id from note where name='vetiver' and type='BASE'));insert into perfume_note(perfume_id,note_id) values (891,(select note_id from note where name='lavender extract' and type='BASE'));insert into perfume(perfume_id,concentration,image,name,price,rating,gender,volume,brand_id) values( '892','EDT','perfumes/892.jpg',"Emblem",3000,'4.4',0,'100.0',(select brand_id from brand where name="MONTBLANC"));insert into perfume_note(perfume_id,note_id) values( 892,(select note_id from note where name='spicy' and type='TOP'));insert into perfume_note(perfume_id,note_id) values (892,(select note_id from note where name='tonka bean' and type='MIDDLE'));insert into perfume_note(perfume_id,note_id) values (892,(select note_id from note where name='notes' and type='MIDDLE'));insert into perfume_note(perfume_id,note_id) values (892,(select note_id from note where name='woody' and type='MIDDLE'));insert into perfume_note(perfume_id,note_id) values (892,(select note_id from note where name='leaf' and type='BASE'));insert into perfume_note(perfume_id,note_id) values (892,(select note_id from note where name='violet' and type='BASE'));insert into perfume_note(perfume_id,note_id) values (892,(select note_id from note where name='cinnamon' and type='BASE'));insert into perfume(perfume_id,concentration,image,name,price,rating,gender,volume,brand_id) values( '893','EDP','perfumes/893.jpg',"Burberry Body",3000,'4.8',0,'85.0',(select brand_id from brand where name="BURBERRY"));insert into perfume_note(perfume_id,note_id) values( 893,(select note_id from note where name='fruity' and type='TOP'));insert into perfume_note(perfume_id,note_id) values (893,(select note_id from note where name='creamy vanilla' and type='MIDDLE'));insert into perfume_note(perfume_id,note_id) values (893,(select note_id from note where name='amber' and type='MIDDLE'));insert into perfume_note(perfume_id,note_id) values (893,(select note_id from note where name='woody cashmeran' and type='MIDDLE'));insert into perfume_note(perfume_id,note_id) values (893,(select note_id from note where name='musk.' and type='MIDDLE'));insert into perfume_note(perfume_id,note_id) values (893,(select note_id from note where name='natural rose absolute' and type='BASE'));insert into perfume_note(perfume_id,note_id) values (893,(select note_id from note where name='warm' and type='BASE'));insert into perfume_note(perfume_id,note_id) values (893,(select note_id from note where name='sandalwood.' and type='BASE'));insert into perfume_note(perfume_id,note_id) values (893,(select note_id from note where name='iris' and type='BASE'));insert into perfume(perfume_id,concentration,image,name,price,rating,gender,volume,brand_id) values( '894','EDT','perfumes/894.jpg',"CK One",3000,'4.5',0,'200.0',(select brand_id from brand where name="Calvin Klein"));insert into perfume_note(perfume_id,note_id) values( 894,(select note_id from note where name='citrus' and type='TOP'));insert into perfume_note(perfume_id,note_id) values (894,(select note_id from note where name='amber' and type='MIDDLE'));insert into perfume_note(perfume_id,note_id) values (894,(select note_id from note where name='cedar' and type='MIDDLE'));insert into perfume_note(perfume_id,note_id) values (894,(select note_id from note where name='sandalwood' and type='MIDDLE'));insert into perfume_note(perfume_id,note_id) values (894,(select note_id from note where name='musk' and type='MIDDLE'));insert into perfume_note(perfume_id,note_id) values (894,(select note_id from note where name='oakmoss' and type='MIDDLE'));insert into perfume_note(perfume_id,note_id) values (894,(select note_id from note where name='rose' and type='BASE'));insert into perfume_note(perfume_id,note_id) values (894,(select note_id from note where name='jasmine' and type='BASE'));insert into perfume_note(perfume_id,note_id) values (894,(select note_id from note where name='nutmeg' and type='BASE'));insert into perfume_note(perfume_id,note_id) values (894,(select note_id from note where name='violet' and type='BASE'));insert into perfume_note(perfume_id,note_id) values (894,(select note_id from note where name='lilyofthevalley' and type='BASE'));insert into perfume_note(perfume_id,note_id) values (894,(select note_id from note where name='orris root' and type='BASE'));insert into perfume(perfume_id,concentration,image,name,price,rating,gender,volume,brand_id) values( '895','EDT','perfumes/895.jpg',"Emblem Intense",3000,'4.2',0,'100.0',(select brand_id from brand where name="MONTBLANC"));insert into perfume_note(perfume_id,note_id) values( 895,(select note_id from note where name='spicy' and type='TOP'));insert into perfume_note(perfume_id,note_id) values (895,(select note_id from note where name='patchouli' and type='MIDDLE'));insert into perfume_note(perfume_id,note_id) values (895,(select note_id from note where name='velvet' and type='MIDDLE'));insert into perfume_note(perfume_id,note_id) values (895,(select note_id from note where name='tonka beans' and type='MIDDLE'));insert into perfume_note(perfume_id,note_id) values (895,(select note_id from note where name='woody notes' and type='MIDDLE'));insert into perfume_note(perfume_id,note_id) values (895,(select note_id from note where name='violet leaf' and type='BASE'));insert into perfume_note(perfume_id,note_id) values (895,(select note_id from note where name='cinnamon' and type='BASE'));insert into perfume_note(perfume_id,note_id) values (895,(select note_id from note where name='apple' and type='BASE'));insert into perfume_note(perfume_id,note_id) values (895,(select note_id from note where name='rose' and type='BASE'));insert into perfume_note(perfume_id,note_id) values (895,(select note_id from note where name='nutmeg' and type='BASE'));insert into perfume(perfume_id,concentration,image,name,price,rating,gender,volume,brand_id) values( '896','EDT','perfumes/896.jpg',"Emblem",3000,'5.0',0,'100.0',(select brand_id from brand where name="MONTBLANC"));insert into perfume_note(perfume_id,note_id) values( 896,(select note_id from note where name='spicy' and type='TOP'));insert into perfume_note(perfume_id,note_id) values (896,(select note_id from note where name='woody notes' and type='MIDDLE'));insert into perfume_note(perfume_id,note_id) values (896,(select note_id from note where name='tonka bean' and type='MIDDLE'));insert into perfume_note(perfume_id,note_id) values (896,(select note_id from note where name='violet leaf' and type='BASE'));insert into perfume_note(perfume_id,note_id) values (896,(select note_id from note where name='cinnamon' and type='BASE'));insert into perfume(perfume_id,concentration,image,name,price,rating,gender,volume,brand_id) values( '897','EDT','perfumes/897.jpg',"Nude Natural Spray Colo",3000,'4.7',0,'100.0',(select brand_id from brand where name="Bill Blass"));insert into perfume_note(perfume_id,note_id) values( 897,(select note_id from note where name='floral' and type='TOP'));insert into perfume_note(perfume_id,note_id) values (897,(select note_id from note where name='vetiver' and type='MIDDLE'));insert into perfume_note(perfume_id,note_id) values (897,(select note_id from note where name='sandalwood' and type='MIDDLE'));insert into perfume_note(perfume_id,note_id) values (897,(select note_id from note where name='musk' and type='MIDDLE'));insert into perfume_note(perfume_id,note_id) values (897,(select note_id from note where name='orris root' and type='MIDDLE'));insert into perfume_note(perfume_id,note_id) values (897,(select note_id from note where name='narcissus' and type='BASE'));insert into perfume_note(perfume_id,note_id) values (897,(select note_id from note where name='rose' and type='BASE'));insert into perfume_note(perfume_id,note_id) values (897,(select note_id from note where name='jasmine' and type='BASE'));insert into perfume_note(perfume_id,note_id) values (897,(select note_id from note where name='ylangylang' and type='BASE'));insert into perfume_note(perfume_id,note_id) values (897,(select note_id from note where name='oakmoss' and type='BASE'));insert into perfume(perfume_id,concentration,image,name,price,rating,gender,volume,brand_id) values( '898','EDP','perfumes/898.jpg',"Nuit",3000,'4.8',0,'75.0',(select brand_id from brand where name="HUGO BOSS"));insert into perfume_note(perfume_id,note_id) values( 898,(select note_id from note where name='floral' and type='TOP'));insert into perfume_note(perfume_id,note_id) values (898,(select note_id from note where name='woods' and type='MIDDLE'));insert into perfume_note(perfume_id,note_id) values (898,(select note_id from note where name='sandalwood' and type='MIDDLE'));insert into perfume_note(perfume_id,note_id) values (898,(select note_id from note where name='moss' and type='MIDDLE'));insert into perfume_note(perfume_id,note_id) values (898,(select note_id from note where name='warm' and type='MIDDLE'));insert into perfume_note(perfume_id,note_id) values (898,(select note_id from note where name='crystal' and type='MIDDLE'));insert into perfume_note(perfume_id,note_id) values (898,(select note_id from note where name='white' and type='BASE'));insert into perfume_note(perfume_id,note_id) values (898,(select note_id from note where name='florals' and type='BASE'));insert into perfume_note(perfume_id,note_id) values (898,(select note_id from note where name='jasmin' and type='BASE'));insert into perfume_note(perfume_id,note_id) values (898,(select note_id from note where name='violet' and type='BASE'));insert into perfume(perfume_id,concentration,image,name,price,rating,gender,volume,brand_id) values( '899','EDP','perfumes/899.jpg',"Florence",3000,'4.7',0,'75.0',(select brand_id from brand where name="Roberto Cavalli"));insert into perfume_note(perfume_id,note_id) values( 899,(select note_id from note where name='floral' and type='TOP'));insert into perfume_note(perfume_id,note_id) values (899,(select note_id from note where name='patchouli' and type='MIDDLE'));insert into perfume_note(perfume_id,note_id) values (899,(select note_id from note where name='amber' and type='MIDDLE'));insert into perfume_note(perfume_id,note_id) values (899,(select note_id from note where name='musk' and type='MIDDLE'));insert into perfume_note(perfume_id,note_id) values (899,(select note_id from note where name='hibiscus seed' and type='BASE'));insert into perfume_note(perfume_id,note_id) values (899,(select note_id from note where name='orange blossom' and type='BASE'));insert into perfume_note(perfume_id,note_id) values (899,(select note_id from note where name='grapefruit blossom' and type='BASE'));insert into perfume(perfume_id,concentration,image,name,price,rating,gender,volume,brand_id) values( '900','EDT','perfumes/900.jpg',"White Diamonds",3000,'4.3',0,'100.0',(select brand_id from brand where name="Elizabeth Taylor"));insert into perfume_note(perfume_id,note_id) values( 900,(select note_id from note where name='floral' and type='TOP'));insert into perfume_note(perfume_id,note_id) values (900,(select note_id from note where name='amber' and type='MIDDLE'));insert into perfume_note(perfume_id,note_id) values (900,(select note_id from note where name='oak moss' and type='MIDDLE'));insert into perfume_note(perfume_id,note_id) values (900,(select note_id from note where name='sandalwood' and type='MIDDLE'));insert into perfume_note(perfume_id,note_id) values (900,(select note_id from note where name='musk' and type='MIDDLE'));insert into perfume_note(perfume_id,note_id) values (900,(select note_id from note where name='patchouli' and type='MIDDLE'));insert into perfume_note(perfume_id,note_id) values (900,(select note_id from note where name='' and type='BASE'));insert into perfume_note(perfume_id,note_id) values (900,(select note_id from note where name='rose' and type='BASE'));insert into perfume_note(perfume_id,note_id) values (900,(select note_id from note where name='jasmine' and type='BASE'));insert into perfume_note(perfume_id,note_id) values (900,(select note_id from note where name='ylangylang' and type='BASE'));insert into perfume_note(perfume_id,note_id) values (900,(select note_id from note where name='violet' and type='BASE'));insert into perfume(perfume_id,concentration,image,name,price,rating,gender,volume,brand_id) values( '901','EDT','perfumes/901.jpg',"Adventure",3000,'4.5',0,'100.0',(select brand_id from brand where name="DAVIDOFF"));insert into perfume_note(perfume_id,note_id) values( 901,(select note_id from note where name='woody' and type='TOP'));insert into perfume_note(perfume_id,note_id) values (901,(select note_id from note where name='vetiver' and type='MIDDLE'));insert into perfume_note(perfume_id,note_id) values (901,(select note_id from note where name='ceder' and type='MIDDLE'));insert into perfume_note(perfume_id,note_id) values (901,(select note_id from note where name='whitemusk' and type='MIDDLE'));insert into perfume_note(perfume_id,note_id) values (901,(select note_id from note where name='wild' and type='BASE'));insert into perfume_note(perfume_id,note_id) values (901,(select note_id from note where name='aromatic' and type='BASE'));insert into perfume_note(perfume_id,note_id) values (901,(select note_id from note where name='pimento' and type='BASE'));insert into perfume_note(perfume_id,note_id) values (901,(select note_id from note where name='black' and type='BASE'));insert into perfume_note(perfume_id,note_id) values (901,(select note_id from note where name='spices' and type='BASE'));insert into perfume_note(perfume_id,note_id) values (901,(select note_id from note where name='warm' and type='BASE'));insert into perfume_note(perfume_id,note_id) values (901,(select note_id from note where name='sesame' and type='BASE'));insert into perfume_note(perfume_id,note_id) values (901,(select note_id from note where name='american' and type='BASE'));insert into perfume_note(perfume_id,note_id) values (901,(select note_id from note where name='south' and type='BASE'));insert into perfume(perfume_id,concentration,image,name,price,rating,gender,volume,brand_id) values( '902','EDT','perfumes/902.jpg',"L'Interdit EDP For Wo",3000,'4.9',0,'80.0',(select brand_id from brand where name="Givenchy"));insert into perfume_note(perfume_id,note_id) values( 902,(select note_id from note where name='floral' and type='TOP'));insert into perfume_note(perfume_id,note_id) values (902,(select note_id from note where name='vetiver' and type='MIDDLE'));insert into perfume_note(perfume_id,note_id) values (902,(select note_id from note where name='patchouli' and type='MIDDLE'));insert into perfume_note(perfume_id,note_id) values (902,(select note_id from note where name='vanilla' and type='MIDDLE'));insert into perfume_note(perfume_id,note_id) values (902,(select note_id from note where name='ambroxan' and type='MIDDLE'));insert into perfume_note(perfume_id,note_id) values (902,(select note_id from note where name='orange blossom' and type='BASE'));insert into perfume_note(perfume_id,note_id) values (902,(select note_id from note where name='jasmine' and type='BASE'));insert into perfume_note(perfume_id,note_id) values (902,(select note_id from note where name='tuberose' and type='BASE'));insert into perfume(perfume_id,concentration,image,name,price,rating,gender,volume,brand_id) values( '903','EDT','perfumes/903.jpg',"3 L'Imperatrice",3000,'4.6',0,'100.0',(select brand_id from brand where name="Dolce & Gabbana"));insert into perfume_note(perfume_id,note_id) values( 903,(select note_id from note where name='floral' and type='TOP'));insert into perfume_note(perfume_id,note_id) values (903,(select note_id from note where name='sandalwood' and type='MIDDLE'));insert into perfume_note(perfume_id,note_id) values (903,(select note_id from note where name='citrus wood' and type='MIDDLE'));insert into perfume_note(perfume_id,note_id) values (903,(select note_id from note where name='musks' and type='MIDDLE'));insert into perfume_note(perfume_id,note_id) values (903,(select note_id from note where name='cyclamen' and type='BASE'));insert into perfume_note(perfume_id,note_id) values (903,(select note_id from note where name='watermelon' and type='BASE'));insert into perfume_note(perfume_id,note_id) values (903,(select note_id from note where name='jasmine' and type='BASE'));insert into perfume(perfume_id,concentration,image,name,price,rating,gender,volume,brand_id) values( '904','EDP','perfumes/904.jpg',"Paradiso Assoluto",3000,'4.5',0,'75.0',(select brand_id from brand where name="Roberto"));insert into perfume_note(perfume_id,note_id) values( 904,(select note_id from note where name='floral' and type='TOP'));insert into perfume_note(perfume_id,note_id) values (904,(select note_id from note where name='patchouli' and type='MIDDLE'));insert into perfume_note(perfume_id,note_id) values (904,(select note_id from note where name='cashmeran' and type='MIDDLE'));insert into perfume_note(perfume_id,note_id) values (904,(select note_id from note where name='sandalwood' and type='MIDDLE'));insert into perfume_note(perfume_id,note_id) values (904,(select note_id from note where name='vanilla' and type='MIDDLE'));insert into perfume_note(perfume_id,note_id) values (904,(select note_id from note where name='red lily' and type='BASE'));insert into perfume_note(perfume_id,note_id) values (904,(select note_id from note where name='passionfruit' and type='BASE'));insert into perfume_note(perfume_id,note_id) values (904,(select note_id from note where name='wild jasmine' and type='BASE'));insert into perfume(perfume_id,concentration,image,name,price,rating,gender,volume,brand_id) values( '905','EDP','perfumes/905.jpg',"Love Story",3000,'4.3',0,'75.0',(select brand_id from brand where name="CHLOE"));insert into perfume_note(perfume_id,note_id) values( 905,(select note_id from note where name='floral' and type='TOP'));insert into perfume_note(perfume_id,note_id) values (905,(select note_id from note where name='cedar' and type='MIDDLE'));insert into perfume_note(perfume_id,note_id) values (905,(select note_id from note where name='patchouli' and type='MIDDLE'));insert into perfume_note(perfume_id,note_id) values (905,(select note_id from note where name='musk' and type='MIDDLE'));insert into perfume_note(perfume_id,note_id) values (905,(select note_id from note where name='cashmirwood' and type='MIDDLE'));insert into perfume_note(perfume_id,note_id) values (905,(select note_id from note where name='peach' and type='BASE'));insert into perfume_note(perfume_id,note_id) values (905,(select note_id from note where name='rose' and type='BASE'));insert into perfume_note(perfume_id,note_id) values (905,(select note_id from note where name='currant' and type='BASE'));insert into perfume_note(perfume_id,note_id) values (905,(select note_id from note where name='black' and type='BASE'));insert into perfume_note(perfume_id,note_id) values (905,(select note_id from note where name='orange blossom' and type='BASE'));insert into perfume_note(perfume_id,note_id) values (905,(select note_id from note where name='stephanotis' and type='BASE'));insert into perfume(perfume_id,concentration,image,name,price,rating,gender,volume,brand_id) values( '906','EDP','perfumes/906.jpg',"Paradiso Assoluto",3000,'5.0',0,'75.0',(select brand_id from brand where name="Roberto Cavalli"));insert into perfume_note(perfume_id,note_id) values( 906,(select note_id from note where name='floral' and type='TOP'));insert into perfume_note(perfume_id,note_id) values (906,(select note_id from note where name='patchouli' and type='MIDDLE'));insert into perfume_note(perfume_id,note_id) values (906,(select note_id from note where name='cashmeran' and type='MIDDLE'));insert into perfume_note(perfume_id,note_id) values (906,(select note_id from note where name='sandalwood' and type='MIDDLE'));insert into perfume_note(perfume_id,note_id) values (906,(select note_id from note where name='vanilla' and type='MIDDLE'));insert into perfume_note(perfume_id,note_id) values (906,(select note_id from note where name='red lily' and type='BASE'));insert into perfume_note(perfume_id,note_id) values (906,(select note_id from note where name='passionfruit' and type='BASE'));insert into perfume_note(perfume_id,note_id) values (906,(select note_id from note where name='wild jasmine' and type='BASE'));insert into perfume(perfume_id,concentration,image,name,price,rating,gender,volume,brand_id) values( '907','EDP','perfumes/907.jpg',"Sacrifice",3000,'4.2',0,'50.0',(select brand_id from brand where name="Ajmal"));insert into perfume_note(perfume_id,note_id) values( 907,(select note_id from note where name='floral' and type='TOP'));insert into perfume_note(perfume_id,note_id) values (907,(select note_id from note where name='ambergris' and type='MIDDLE'));insert into perfume_note(perfume_id,note_id) values (907,(select note_id from note where name='musk' and type='MIDDLE'));insert into perfume_note(perfume_id,note_id) values (907,(select note_id from note where name='orange blossom' and type='BASE'));insert into perfume_note(perfume_id,note_id) values (907,(select note_id from note where name='vanilla' and type='BASE'));insert into perfume(perfume_id,concentration,image,name,price,rating,gender,volume,brand_id) values( '908','EDP','perfumes/908.jpg',"Beautiful",3000,'4.6',0,'75.0',(select brand_id from brand where name="Estee Lauder"));insert into perfume_note(perfume_id,note_id) values( 908,(select note_id from note where name='floral' and type='TOP'));insert into perfume_note(perfume_id,note_id) values (908,(select note_id from note where name='vetiver' and type='MIDDLE'));insert into perfume_note(perfume_id,note_id) values (908,(select note_id from note where name='sandalwood' and type='MIDDLE'));insert into perfume_note(perfume_id,note_id) values (908,(select note_id from note where name='amber' and type='MIDDLE'));insert into perfume_note(perfume_id,note_id) values (908,(select note_id from note where name='ylangylang' and type='BASE'));insert into perfume_note(perfume_id,note_id) values (908,(select note_id from note where name='muguet' and type='BASE'));insert into perfume_note(perfume_id,note_id) values (908,(select note_id from note where name='orange flower' and type='BASE'));insert into perfume_note(perfume_id,note_id) values (908,(select note_id from note where name='jasmine' and type='BASE'));insert into perfume(perfume_id,concentration,image,name,price,rating,gender,volume,brand_id) values( '909','EDP','perfumes/909.jpg',"Paradiso Azzuro",3000,'4.7',0,'75.0',(select brand_id from brand where name="Roberto Cavalli"));insert into perfume_note(perfume_id,note_id) values( 909,(select note_id from note where name='fruity' and type='TOP'));insert into perfume_note(perfume_id,note_id) values (909,(select note_id from note where name='amberwood' and type='MIDDLE'));insert into perfume_note(perfume_id,note_id) values (909,(select note_id from note where name='sandalwood' and type='MIDDLE'));insert into perfume_note(perfume_id,note_id) values (909,(select note_id from note where name='cypress' and type='MIDDLE'));insert into perfume_note(perfume_id,note_id) values (909,(select note_id from note where name='cashmere wood' and type='MIDDLE'));insert into perfume_note(perfume_id,note_id) values (909,(select note_id from note where name='peach' and type='BASE'));insert into perfume_note(perfume_id,note_id) values (909,(select note_id from note where name='apple' and type='BASE'));insert into perfume_note(perfume_id,note_id) values (909,(select note_id from note where name='rose' and type='BASE'));insert into perfume_note(perfume_id,note_id) values (909,(select note_id from note where name='wild jasmine' and type='BASE'));insert into perfume_note(perfume_id,note_id) values (909,(select note_id from note where name='tuberose' and type='BASE'));insert into perfume_note(perfume_id,note_id) values (909,(select note_id from note where name='watery notes' and type='BASE'));insert into perfume(perfume_id,concentration,image,name,price,rating,gender,volume,brand_id) values( '910','EDP','perfumes/910.jpg',"Paradiso Azzurro",3000,'4.7',0,'75.0',(select brand_id from brand where name="Roberto Cavalli"));insert into perfume_note(perfume_id,note_id) values( 910,(select note_id from note where name='fruity' and type='TOP'));insert into perfume_note(perfume_id,note_id) values (910,(select note_id from note where name='cashmere wood' and type='MIDDLE'));insert into perfume_note(perfume_id,note_id) values (910,(select note_id from note where name='cypress' and type='MIDDLE'));insert into perfume_note(perfume_id,note_id) values (910,(select note_id from note where name='sandalwood' and type='MIDDLE'));insert into perfume_note(perfume_id,note_id) values (910,(select note_id from note where name='vanilla' and type='MIDDLE'));insert into perfume_note(perfume_id,note_id) values (910,(select note_id from note where name='amber wood' and type='MIDDLE'));insert into perfume_note(perfume_id,note_id) values (910,(select note_id from note where name='peach' and type='BASE'));insert into perfume_note(perfume_id,note_id) values (910,(select note_id from note where name='apple' and type='BASE'));insert into perfume_note(perfume_id,note_id) values (910,(select note_id from note where name='rose' and type='BASE'));insert into perfume_note(perfume_id,note_id) values (910,(select note_id from note where name='wild jasmine' and type='BASE'));insert into perfume_note(perfume_id,note_id) values (910,(select note_id from note where name='tuberose' and type='BASE'));insert into perfume_note(perfume_id,note_id) values (910,(select note_id from note where name='watery notes' and type='BASE'));insert into perfume(perfume_id,concentration,image,name,price,rating,gender,volume,brand_id) values( '911','EDP','perfumes/911.jpg',"Women",3000,'5.0',0,'75.0',(select brand_id from brand where name="Roberto Cavalli"));insert into perfume_note(perfume_id,note_id) values( 911,(select note_id from note where name='arabian' and type='TOP'));insert into perfume_note(perfume_id,note_id) values (911,(select note_id from note where name='benzoin' and type='MIDDLE'));insert into perfume_note(perfume_id,note_id) values (911,(select note_id from note where name='tonka beans' and type='MIDDLE'));insert into perfume_note(perfume_id,note_id) values (911,(select note_id from note where name='vanilla' and type='MIDDLE'));insert into perfume_note(perfume_id,note_id) values (911,(select note_id from note where name='orange tree blossom' and type='BASE'));insert into perfume(perfume_id,concentration,image,name,price,rating,gender,volume,brand_id) values( '912','EDT','perfumes/912.jpg',"Dare",3000,'4.9',0,'100.0',(select brand_id from brand where name="GUESS"));insert into perfume_note(perfume_id,note_id) values( 912,(select note_id from note where name='citrus' and type='TOP'));insert into perfume_note(perfume_id,note_id) values (912,(select note_id from note where name='wood' and type='MIDDLE'));insert into perfume_note(perfume_id,note_id) values (912,(select note_id from note where name='coconut accords' and type='MIDDLE'));insert into perfume_note(perfume_id,note_id) values (912,(select note_id from note where name='musk' and type='MIDDLE'));insert into perfume_note(perfume_id,note_id) values (912,(select note_id from note where name='elegant jasmine' and type='BASE'));insert into perfume_note(perfume_id,note_id) values (912,(select note_id from note where name='wild rose' and type='BASE'));insert into perfume(perfume_id,concentration,image,name,price,rating,gender,volume,brand_id) values( '913','EDT','perfumes/913.jpg',"Desire Blue",3000,'4.3',0,'100.0',(select brand_id from brand where name="Dunhill"));insert into perfume_note(perfume_id,note_id) values( 913,(select note_id from note where name='fresh' and type='TOP'));insert into perfume_note(perfume_id,note_id) values (913,(select note_id from note where name='benzoin' and type='MIDDLE'));insert into perfume_note(perfume_id,note_id) values (913,(select note_id from note where name='amber' and type='MIDDLE'));insert into perfume_note(perfume_id,note_id) values (913,(select note_id from note where name='tonka bean' and type='MIDDLE'));insert into perfume_note(perfume_id,note_id) values (913,(select note_id from note where name='musk' and type='MIDDLE'));insert into perfume_note(perfume_id,note_id) values (913,(select note_id from note where name='brazilian' and type='BASE'));insert into perfume_note(perfume_id,note_id) values (913,(select note_id from note where name='sea notes' and type='BASE'));insert into perfume_note(perfume_id,note_id) values (913,(select note_id from note where name='rosewood' and type='BASE'));insert into perfume_note(perfume_id,note_id) values (913,(select note_id from note where name='orange' and type='BASE'));insert into perfume(perfume_id,concentration,image,name,price,rating,gender,volume,brand_id) values( '914','EDP','perfumes/914.jpg',"For Women EDP Natural Sp",3000,'4.8',0,'100.0',(select brand_id from brand where name="BURBERRY"));insert into perfume_note(perfume_id,note_id) values( 914,(select note_id from note where name='fruity' and type='TOP'));insert into perfume_note(perfume_id,note_id) values (914,(select note_id from note where name='vanilla' and type='MIDDLE'));insert into perfume_note(perfume_id,note_id) values (914,(select note_id from note where name='musk' and type='MIDDLE'));insert into perfume_note(perfume_id,note_id) values (914,(select note_id from note where name='cedar' and type='BASE'));insert into perfume_note(perfume_id,note_id) values (914,(select note_id from note where name='sandalwood' and type='BASE'));insert into perfume_note(perfume_id,note_id) values (914,(select note_id from note where name='woodyfloral' and type='BASE'));insert into perfume(perfume_id,concentration,image,name,price,rating,gender,volume,brand_id) values( '915','EDP','perfumes/915.jpg',"Premier Jour",3000,'4.7',0,'100.0',(select brand_id from brand where name="NINA RICCI"));insert into perfume_note(perfume_id,note_id) values( 915,(select note_id from note where name='fruity' and type='TOP'));insert into perfume_note(perfume_id,note_id) values (915,(select note_id from note where name='woodsy notes' and type='MIDDLE'));insert into perfume_note(perfume_id,note_id) values (915,(select note_id from note where name='sandalwood' and type='MIDDLE'));insert into perfume_note(perfume_id,note_id) values (915,(select note_id from note where name='vanilla' and type='MIDDLE'));insert into perfume_note(perfume_id,note_id) values (915,(select note_id from note where name='musk' and type='MIDDLE'));insert into perfume_note(perfume_id,note_id) values (915,(select note_id from note where name='gardenia' and type='BASE'));insert into perfume_note(perfume_id,note_id) values (915,(select note_id from note where name='orchid' and type='BASE'));insert into perfume(perfume_id,concentration,image,name,price,rating,gender,volume,brand_id) values( '916','EDT','perfumes/916.jpg',"Musk Cologne Sp",3000,'4.7',0,'59.0',(select brand_id from brand where name="JOVAN"));insert into perfume_note(perfume_id,note_id) values( 916,(select note_id from note where name='woody' and type='TOP'));insert into perfume_note(perfume_id,note_id) values (916,(select note_id from note where name='amber' and type='MIDDLE'));insert into perfume_note(perfume_id,note_id) values (916,(select note_id from note where name='wood' and type='MIDDLE'));insert into perfume_note(perfume_id,note_id) values (916,(select note_id from note where name='musk' and type='MIDDLE'));insert into perfume_note(perfume_id,note_id) values (916,(select note_id from note where name='ylangylang' and type='BASE'));insert into perfume(perfume_id,concentration,image,name,price,rating,gender,volume,brand_id) values( '917','EDT','perfumes/917.jpg',"L.12.12 Blanc-Pure",3000,'4.6',0,'100.0',(select brand_id from brand where name="LACOSTE"));insert into perfume_note(perfume_id,note_id) values( 917,(select note_id from note where name='woody' and type='TOP'));insert into perfume_note(perfume_id,note_id) values (917,(select note_id from note where name='vetiver' and type='MIDDLE'));insert into perfume_note(perfume_id,note_id) values (917,(select note_id from note where name='leather' and type='MIDDLE'));insert into perfume_note(perfume_id,note_id) values (917,(select note_id from note where name='virginia cedar' and type='MIDDLE'));insert into perfume_note(perfume_id,note_id) values (917,(select note_id from note where name='suede' and type='MIDDLE'));insert into perfume_note(perfume_id,note_id) values (917,(select note_id from note where name='ylangylang' and type='BASE'));insert into perfume_note(perfume_id,note_id) values (917,(select note_id from note where name='tuberose' and type='BASE'));insert into perfume(perfume_id,concentration,image,name,price,rating,gender,volume,brand_id) values( '918','EDP','perfumes/918.jpg',"The Scent",3000,'4.5',0,'100.0',(select brand_id from brand where name="HUGO BOSS"));insert into perfume_note(perfume_id,note_id) values( 918,(select note_id from note where name='fruity' and type='TOP'));insert into perfume_note(perfume_id,note_id) values (918,(select note_id from note where name='cacao' and type='MIDDLE'));insert into perfume_note(perfume_id,note_id) values (918,(select note_id from note where name='osmanthus' and type='BASE'));insert into perfume(perfume_id,concentration,image,name,price,rating,gender,volume,brand_id) values( '919','EDT','perfumes/919.jpg',"Adventure",3000,'4.5',0,'100.0',(select brand_id from brand where name="DAVIDOFF"));insert into perfume_note(perfume_id,note_id) values( 919,(select note_id from note where name='woody' and type='TOP'));insert into perfume_note(perfume_id,note_id) values (919,(select note_id from note where name='vetiver' and type='MIDDLE'));insert into perfume_note(perfume_id,note_id) values (919,(select note_id from note where name='ceder' and type='MIDDLE'));insert into perfume_note(perfume_id,note_id) values (919,(select note_id from note where name='whitemusk' and type='MIDDLE'));insert into perfume_note(perfume_id,note_id) values (919,(select note_id from note where name='wild' and type='BASE'));insert into perfume_note(perfume_id,note_id) values (919,(select note_id from note where name='aromatic' and type='BASE'));insert into perfume_note(perfume_id,note_id) values (919,(select note_id from note where name='pimento' and type='BASE'));insert into perfume_note(perfume_id,note_id) values (919,(select note_id from note where name='black' and type='BASE'));insert into perfume_note(perfume_id,note_id) values (919,(select note_id from note where name='spices' and type='BASE'));insert into perfume_note(perfume_id,note_id) values (919,(select note_id from note where name='warm' and type='BASE'));insert into perfume_note(perfume_id,note_id) values (919,(select note_id from note where name='sesame' and type='BASE'));insert into perfume_note(perfume_id,note_id) values (919,(select note_id from note where name='american' and type='BASE'));insert into perfume_note(perfume_id,note_id) values (919,(select note_id from note where name='south' and type='BASE'));insert into perfume(perfume_id,concentration,image,name,price,rating,gender,volume,brand_id) values( '920','EDP','perfumes/920.jpg',"Olympéa Intense",3000,'4.8',0,'80.0',(select brand_id from brand where name="PACO RABANNE"));insert into perfume_note(perfume_id,note_id) values( 920,(select note_id from note where name='floral' and type='TOP'));insert into perfume_note(perfume_id,note_id) values (920,(select note_id from note where name='cashmere' and type='MIDDLE'));insert into perfume_note(perfume_id,note_id) values (920,(select note_id from note where name='sandalwood' and type='MIDDLE'));insert into perfume_note(perfume_id,note_id) values (920,(select note_id from note where name='ambergris' and type='MIDDLE'));insert into perfume_note(perfume_id,note_id) values (920,(select note_id from note where name='wood' and type='MIDDLE'));insert into perfume_note(perfume_id,note_id) values (920,(select note_id from note where name='paco rabanne olympea' and type='BASE'));insert into perfume_note(perfume_id,note_id) values (920,(select note_id from note where name='salt' and type='BASE'));insert into perfume_note(perfume_id,note_id) values (920,(select note_id from note where name='vanilla' and type='BASE'));insert into perfume(perfume_id,concentration,image,name,price,rating,gender,volume,brand_id) values( '921','EDT','perfumes/921.jpg',"3 L'Imperatrice",3000,'4.6',0,'100.0',(select brand_id from brand where name="Dolce & Gabbana"));insert into perfume_note(perfume_id,note_id) values( 921,(select note_id from note where name='floral' and type='TOP'));insert into perfume_note(perfume_id,note_id) values (921,(select note_id from note where name='sandalwood' and type='MIDDLE'));insert into perfume_note(perfume_id,note_id) values (921,(select note_id from note where name='citrus wood' and type='MIDDLE'));insert into perfume_note(perfume_id,note_id) values (921,(select note_id from note where name='musks' and type='MIDDLE'));insert into perfume_note(perfume_id,note_id) values (921,(select note_id from note where name='cyclamen' and type='BASE'));insert into perfume_note(perfume_id,note_id) values (921,(select note_id from note where name='watermelon' and type='BASE'));insert into perfume_note(perfume_id,note_id) values (921,(select note_id from note where name='jasmine' and type='BASE'));insert into perfume(perfume_id,concentration,image,name,price,rating,gender,volume,brand_id) values( '922','EDP','perfumes/922.jpg',"Red Tobacco",3000,'4.7',0,'120.0',(select brand_id from brand where name="Mancera"));insert into perfume_note(perfume_id,note_id) values( 922,(select note_id from note where name='woody' and type='TOP'));insert into perfume_note(perfume_id,note_id) values (922,(select note_id from note where name='amber' and type='MIDDLE'));insert into perfume_note(perfume_id,note_id) values (922,(select note_id from note where name='woody notes' and type='MIDDLE'));insert into perfume_note(perfume_id,note_id) values (922,(select note_id from note where name='vetiver' and type='MIDDLE'));insert into perfume_note(perfume_id,note_id) values (922,(select note_id from note where name='white' and type='MIDDLE'));insert into perfume_note(perfume_id,note_id) values (922,(select note_id from note where name='vanilla' and type='MIDDLE'));insert into perfume_note(perfume_id,note_id) values (922,(select note_id from note where name='musk' and type='MIDDLE'));insert into perfume_note(perfume_id,note_id) values (922,(select note_id from note where name='precious tobacco' and type='MIDDLE'));insert into perfume_note(perfume_id,note_id) values (922,(select note_id from note where name='pods' and type='MIDDLE'));insert into perfume_note(perfume_id,note_id) values (922,(select note_id from note where name='jasmine' and type='BASE'));insert into perfume_note(perfume_id,note_id) values (922,(select note_id from note where name='patchouli leaves' and type='BASE'));insert into perfume(perfume_id,concentration,image,name,price,rating,gender,volume,brand_id) values( '923','EDP','perfumes/923.jpg',"Oud Mood",3000,'4.6',0,'100.0',(select brand_id from brand where name="Lattafa"));insert into perfume_note(perfume_id,note_id) values( 923,(select note_id from note where name='woody' and type='TOP'));insert into perfume_note(perfume_id,note_id) values (923,(select note_id from note where name='amber' and type='MIDDLE'));insert into perfume_note(perfume_id,note_id) values (923,(select note_id from note where name='incense' and type='MIDDLE'));insert into perfume_note(perfume_id,note_id) values (923,(select note_id from note where name='resin' and type='MIDDLE'));insert into perfume_note(perfume_id,note_id) values (923,(select note_id from note where name='musk' and type='MIDDLE'));insert into perfume_note(perfume_id,note_id) values (923,(select note_id from note where name='woody' and type='MIDDLE'));insert into perfume_note(perfume_id,note_id) values (923,(select note_id from note where name='patchouli' and type='BASE'));insert into perfume_note(perfume_id,note_id) values (923,(select note_id from note where name='agarwood' and type='BASE'));insert into perfume_note(perfume_id,note_id) values (923,(select note_id from note where name='caramel' and type='BASE'));insert into perfume(perfume_id,concentration,image,name,price,rating,gender,volume,brand_id) values( '924','EDP','perfumes/924.jpg',"Paradiso Assoluto",3000,'4.5',0,'75.0',(select brand_id from brand where name="Roberto"));insert into perfume_note(perfume_id,note_id) values( 924,(select note_id from note where name='floral' and type='TOP'));insert into perfume_note(perfume_id,note_id) values (924,(select note_id from note where name='patchouli' and type='MIDDLE'));insert into perfume_note(perfume_id,note_id) values (924,(select note_id from note where name='cashmeran' and type='MIDDLE'));insert into perfume_note(perfume_id,note_id) values (924,(select note_id from note where name='sandalwood' and type='MIDDLE'));insert into perfume_note(perfume_id,note_id) values (924,(select note_id from note where name='vanilla' and type='MIDDLE'));insert into perfume_note(perfume_id,note_id) values (924,(select note_id from note where name='red lily' and type='BASE'));insert into perfume_note(perfume_id,note_id) values (924,(select note_id from note where name='passionfruit' and type='BASE'));insert into perfume_note(perfume_id,note_id) values (924,(select note_id from note where name='wild jasmine' and type='BASE'));insert into perfume(perfume_id,concentration,image,name,price,rating,gender,volume,brand_id) values( '925','EDP','perfumes/925.jpg',"Paradiso Assoluto",3000,'5.0',0,'75.0',(select brand_id from brand where name="Roberto Cavalli"));insert into perfume_note(perfume_id,note_id) values( 925,(select note_id from note where name='floral' and type='TOP'));insert into perfume_note(perfume_id,note_id) values (925,(select note_id from note where name='patchouli' and type='MIDDLE'));insert into perfume_note(perfume_id,note_id) values (925,(select note_id from note where name='cashmeran' and type='MIDDLE'));insert into perfume_note(perfume_id,note_id) values (925,(select note_id from note where name='sandalwood' and type='MIDDLE'));insert into perfume_note(perfume_id,note_id) values (925,(select note_id from note where name='vanilla' and type='MIDDLE'));insert into perfume_note(perfume_id,note_id) values (925,(select note_id from note where name='red lily' and type='BASE'));insert into perfume_note(perfume_id,note_id) values (925,(select note_id from note where name='passionfruit' and type='BASE'));insert into perfume_note(perfume_id,note_id) values (925,(select note_id from note where name='wild jasmine' and type='BASE'));insert into perfume(perfume_id,concentration,image,name,price,rating,gender,volume,brand_id) values( '926','EDP','perfumes/926.jpg',"Guilty Absolute",3000,'4.1',0,'90.0',(select brand_id from brand where name="GUCCI"));insert into perfume_note(perfume_id,note_id) values( 926,(select note_id from note where name='woody' and type='TOP'));insert into perfume_note(perfume_id,note_id) values (926,(select note_id from note where name='vetiver' and type='MIDDLE'));insert into perfume_note(perfume_id,note_id) values (926,(select note_id from note where name='woody notes' and type='MIDDLE'));insert into perfume_note(perfume_id,note_id) values (926,(select note_id from note where name='patchouli' and type='BASE'));insert into perfume_note(perfume_id,note_id) values (926,(select note_id from note where name='cypress' and type='BASE'));insert into perfume(perfume_id,concentration,image,name,price,rating,gender,volume,brand_id) values( '927','EDT','perfumes/927.jpg',"Bright Crystal",3000,'4.8',0,'90.0',(select brand_id from brand where name="VERSACE"));insert into perfume_note(perfume_id,note_id) values( 927,(select note_id from note where name='floral' and type='TOP'));insert into perfume_note(perfume_id,note_id) values (927,(select note_id from note where name='amber' and type='MIDDLE'));insert into perfume_note(perfume_id,note_id) values (927,(select note_id from note where name='mahogany' and type='MIDDLE'));insert into perfume_note(perfume_id,note_id) values (927,(select note_id from note where name='musk' and type='MIDDLE'));insert into perfume_note(perfume_id,note_id) values (927,(select note_id from note where name='lotus' and type='BASE'));insert into perfume_note(perfume_id,note_id) values (927,(select note_id from note where name='magnolia' and type='BASE'));insert into perfume_note(perfume_id,note_id) values (927,(select note_id from note where name='peony' and type='BASE'));insert into perfume(perfume_id,concentration,image,name,price,rating,gender,volume,brand_id) values( '928','EDP','perfumes/928.jpg',"Paradiso Azzuro",3000,'4.7',0,'75.0',(select brand_id from brand where name="Roberto Cavalli"));insert into perfume_note(perfume_id,note_id) values( 928,(select note_id from note where name='fruity' and type='TOP'));insert into perfume_note(perfume_id,note_id) values (928,(select note_id from note where name='amberwood' and type='MIDDLE'));insert into perfume_note(perfume_id,note_id) values (928,(select note_id from note where name='sandalwood' and type='MIDDLE'));insert into perfume_note(perfume_id,note_id) values (928,(select note_id from note where name='cypress' and type='MIDDLE'));insert into perfume_note(perfume_id,note_id) values (928,(select note_id from note where name='cashmere wood' and type='MIDDLE'));insert into perfume_note(perfume_id,note_id) values (928,(select note_id from note where name='peach' and type='BASE'));insert into perfume_note(perfume_id,note_id) values (928,(select note_id from note where name='apple' and type='BASE'));insert into perfume_note(perfume_id,note_id) values (928,(select note_id from note where name='rose' and type='BASE'));insert into perfume_note(perfume_id,note_id) values (928,(select note_id from note where name='wild jasmine' and type='BASE'));insert into perfume_note(perfume_id,note_id) values (928,(select note_id from note where name='tuberose' and type='BASE'));insert into perfume_note(perfume_id,note_id) values (928,(select note_id from note where name='watery notes' and type='BASE'));insert into perfume(perfume_id,concentration,image,name,price,rating,gender,volume,brand_id) values( '929','EDT','perfumes/929.jpg',"Custom",3000,'4.3',0,'100.0',(select brand_id from brand where name="Dunhill"));insert into perfume_note(perfume_id,note_id) values( 929,(select note_id from note where name='floral' and type='TOP'));insert into perfume_note(perfume_id,note_id) values (929,(select note_id from note where name='virginia cedar' and type='MIDDLE'));insert into perfume_note(perfume_id,note_id) values (929,(select note_id from note where name='incense' and type='MIDDLE'));insert into perfume_note(perfume_id,note_id) values (929,(select note_id from note where name='pepper' and type='BASE'));insert into perfume(perfume_id,concentration,image,name,price,rating,gender,volume,brand_id) values( '930','EDP','perfumes/930.jpg',"Paradiso Azzurro",3000,'4.7',0,'75.0',(select brand_id from brand where name="Roberto Cavalli"));insert into perfume_note(perfume_id,note_id) values( 930,(select note_id from note where name='fruity' and type='TOP'));insert into perfume_note(perfume_id,note_id) values (930,(select note_id from note where name='cashmere wood' and type='MIDDLE'));insert into perfume_note(perfume_id,note_id) values (930,(select note_id from note where name='cypress' and type='MIDDLE'));insert into perfume_note(perfume_id,note_id) values (930,(select note_id from note where name='sandalwood' and type='MIDDLE'));insert into perfume_note(perfume_id,note_id) values (930,(select note_id from note where name='vanilla' and type='MIDDLE'));insert into perfume_note(perfume_id,note_id) values (930,(select note_id from note where name='amber wood' and type='MIDDLE'));insert into perfume_note(perfume_id,note_id) values (930,(select note_id from note where name='peach' and type='BASE'));insert into perfume_note(perfume_id,note_id) values (930,(select note_id from note where name='apple' and type='BASE'));insert into perfume_note(perfume_id,note_id) values (930,(select note_id from note where name='rose' and type='BASE'));insert into perfume_note(perfume_id,note_id) values (930,(select note_id from note where name='wild jasmine' and type='BASE'));insert into perfume_note(perfume_id,note_id) values (930,(select note_id from note where name='tuberose' and type='BASE'));insert into perfume_note(perfume_id,note_id) values (930,(select note_id from note where name='watery notes' and type='BASE'));insert into perfume(perfume_id,concentration,image,name,price,rating,gender,volume,brand_id) values( '931','EDT','perfumes/931.jpg',"Dare",3000,'4.9',0,'100.0',(select brand_id from brand where name="GUESS"));insert into perfume_note(perfume_id,note_id) values( 931,(select note_id from note where name='citrus' and type='TOP'));insert into perfume_note(perfume_id,note_id) values (931,(select note_id from note where name='wood' and type='MIDDLE'));insert into perfume_note(perfume_id,note_id) values (931,(select note_id from note where name='coconut accords' and type='MIDDLE'));insert into perfume_note(perfume_id,note_id) values (931,(select note_id from note where name='musk' and type='MIDDLE'));insert into perfume_note(perfume_id,note_id) values (931,(select note_id from note where name='elegant jasmine' and type='BASE'));insert into perfume_note(perfume_id,note_id) values (931,(select note_id from note where name='wild rose' and type='BASE'));insert into perfume(perfume_id,concentration,image,name,price,rating,gender,volume,brand_id) values( '932','EDT','perfumes/932.jpg',"Hot Water",3000,'4.6',0,'110.0',(select brand_id from brand where name="DAVIDOFF"));insert into perfume_note(perfume_id,note_id) values( 932,(select note_id from note where name='arabian' and type='TOP'));insert into perfume_note(perfume_id,note_id) values (932,(select note_id from note where name='benzoin' and type='MIDDLE'));insert into perfume_note(perfume_id,note_id) values (932,(select note_id from note where name='styrax' and type='MIDDLE'));insert into perfume_note(perfume_id,note_id) values (932,(select note_id from note where name='patchouli' and type='BASE'));insert into perfume_note(perfume_id,note_id) values (932,(select note_id from note where name='pimento' and type='BASE'));insert into perfume(perfume_id,concentration,image,name,price,rating,gender,volume,brand_id) values( '933','EDP','perfumes/933.jpg',"For Women EDP Natural Sp",3000,'4.8',0,'100.0',(select brand_id from brand where name="BURBERRY"));insert into perfume_note(perfume_id,note_id) values( 933,(select note_id from note where name='fruity' and type='TOP'));insert into perfume_note(perfume_id,note_id) values (933,(select note_id from note where name='vanilla' and type='MIDDLE'));insert into perfume_note(perfume_id,note_id) values (933,(select note_id from note where name='musk' and type='MIDDLE'));insert into perfume_note(perfume_id,note_id) values (933,(select note_id from note where name='cedar' and type='BASE'));insert into perfume_note(perfume_id,note_id) values (933,(select note_id from note where name='sandalwood' and type='BASE'));insert into perfume_note(perfume_id,note_id) values (933,(select note_id from note where name='woodyfloral' and type='BASE'));insert into perfume(perfume_id,concentration,image,name,price,rating,gender,volume,brand_id) values( '934','EDT','perfumes/934.jpg',"K",3000,'4.1',0,'100.0',(select brand_id from brand where name="Dolce & Gabbana"));insert into perfume_note(perfume_id,note_id) values( 934,(select note_id from note where name='woody' and type='TOP'));insert into perfume_note(perfume_id,note_id) values (934,(select note_id from note where name='blood orange' and type='MIDDLE'));insert into perfume_note(perfume_id,note_id) values (934,(select note_id from note where name='sicilian' and type='MIDDLE'));insert into perfume_note(perfume_id,note_id) values (934,(select note_id from note where name='juniper' and type='MIDDLE'));insert into perfume_note(perfume_id,note_id) values (934,(select note_id from note where name='berries' and type='MIDDLE'));insert into perfume_note(perfume_id,note_id) values (934,(select note_id from note where name='pressed' and type='MIDDLE'));insert into perfume_note(perfume_id,note_id) values (934,(select note_id from note where name='lemon' and type='MIDDLE'));insert into perfume_note(perfume_id,note_id) values (934,(select note_id from note where name='geranium' and type='BASE'));insert into perfume_note(perfume_id,note_id) values (934,(select note_id from note where name='pimento' and type='BASE'));insert into perfume_note(perfume_id,note_id) values (934,(select note_id from note where name='lavandin' and type='BASE'));insert into perfume_note(perfume_id,note_id) values (934,(select note_id from note where name='clary sage' and type='BASE'));insert into perfume(perfume_id,concentration,image,name,price,rating,gender,volume,brand_id) values( '935','EDT','perfumes/935.jpg',"Musk Cologne Sp",3000,'4.7',0,'59.0',(select brand_id from brand where name="JOVAN"));insert into perfume_note(perfume_id,note_id) values( 935,(select note_id from note where name='woody' and type='TOP'));insert into perfume_note(perfume_id,note_id) values (935,(select note_id from note where name='amber' and type='MIDDLE'));insert into perfume_note(perfume_id,note_id) values (935,(select note_id from note where name='wood' and type='MIDDLE'));insert into perfume_note(perfume_id,note_id) values (935,(select note_id from note where name='musk' and type='MIDDLE'));insert into perfume_note(perfume_id,note_id) values (935,(select note_id from note where name='ylangylang' and type='BASE'));insert into perfume(perfume_id,concentration,image,name,price,rating,gender,volume,brand_id) values( '936','EDT','perfumes/936.jpg',"K",3000,'3.0',0,'100.0',(select brand_id from brand where name="Dolce & Gabbana"));insert into perfume_note(perfume_id,note_id) values( 936,(select note_id from note where name='aromatic' and type='TOP'));insert into perfume_note(perfume_id,note_id) values (936,(select note_id from note where name='cedarwood' and type='MIDDLE'));insert into perfume_note(perfume_id,note_id) values (936,(select note_id from note where name='vetiver' and type='MIDDLE'));insert into perfume_note(perfume_id,note_id) values (936,(select note_id from note where name='patchouli accords' and type='MIDDLE'));insert into perfume_note(perfume_id,note_id) values (936,(select note_id from note where name='woody' and type='MIDDLE'));insert into perfume_note(perfume_id,note_id) values (936,(select note_id from note where name='masculine' and type='MIDDLE'));insert into perfume_note(perfume_id,note_id) values (936,(select note_id from note where name='geranium' and type='BASE'));insert into perfume_note(perfume_id,note_id) values (936,(select note_id from note where name='pimento' and type='BASE'));insert into perfume_note(perfume_id,note_id) values (936,(select note_id from note where name='lavandin' and type='BASE'));insert into perfume_note(perfume_id,note_id) values (936,(select note_id from note where name='clary sage' and type='BASE'));insert into perfume(perfume_id,concentration,image,name,price,rating,gender,volume,brand_id) values( '937','EDT','perfumes/937.jpg',"L.12.12 Blanc-Pure",3000,'4.6',0,'100.0',(select brand_id from brand where name="LACOSTE"));insert into perfume_note(perfume_id,note_id) values( 937,(select note_id from note where name='woody' and type='TOP'));insert into perfume_note(perfume_id,note_id) values (937,(select note_id from note where name='vetiver' and type='MIDDLE'));insert into perfume_note(perfume_id,note_id) values (937,(select note_id from note where name='leather' and type='MIDDLE'));insert into perfume_note(perfume_id,note_id) values (937,(select note_id from note where name='virginia cedar' and type='MIDDLE'));insert into perfume_note(perfume_id,note_id) values (937,(select note_id from note where name='suede' and type='MIDDLE'));insert into perfume_note(perfume_id,note_id) values (937,(select note_id from note where name='ylangylang' and type='BASE'));insert into perfume_note(perfume_id,note_id) values (937,(select note_id from note where name='tuberose' and type='BASE'));insert into perfume(perfume_id,concentration,image,name,price,rating,gender,volume,brand_id) values( '938','EDT','perfumes/938.jpg',"Pour Homme",3000,'5.0',0,'100.0',(select brand_id from brand where name="TED LAPIDUS"));insert into perfume_note(perfume_id,note_id) values( 938,(select note_id from note where name='woody' and type='TOP'));insert into perfume_note(perfume_id,note_id) values (938,(select note_id from note where name='tobacco' and type='MIDDLE'));insert into perfume_note(perfume_id,note_id) values (938,(select note_id from note where name='amber' and type='MIDDLE'));insert into perfume_note(perfume_id,note_id) values (938,(select note_id from note where name='cedar' and type='MIDDLE'));insert into perfume_note(perfume_id,note_id) values (938,(select note_id from note where name='sandalwood' and type='MIDDLE'));insert into perfume_note(perfume_id,note_id) values (938,(select note_id from note where name='musk' and type='MIDDLE'));insert into perfume_note(perfume_id,note_id) values (938,(select note_id from note where name='patchouli' and type='MIDDLE'));insert into perfume_note(perfume_id,note_id) values (938,(select note_id from note where name='tonka bean' and type='MIDDLE'));insert into perfume_note(perfume_id,note_id) values (938,(select note_id from note where name='oakmoss' and type='MIDDLE'));insert into perfume_note(perfume_id,note_id) values (938,(select note_id from note where name='pine tree' and type='BASE'));insert into perfume_note(perfume_id,note_id) values (938,(select note_id from note where name='incense' and type='BASE'));insert into perfume_note(perfume_id,note_id) values (938,(select note_id from note where name='rose' and type='BASE'));insert into perfume_note(perfume_id,note_id) values (938,(select note_id from note where name='jasmine' and type='BASE'));insert into perfume_note(perfume_id,note_id) values (938,(select note_id from note where name='brazilian rosewood' and type='BASE'));insert into perfume_note(perfume_id,note_id) values (938,(select note_id from note where name='honey' and type='BASE'));insert into perfume_note(perfume_id,note_id) values (938,(select note_id from note where name='orris root' and type='BASE'));insert into perfume_note(perfume_id,note_id) values (938,(select note_id from note where name='petitgrain' and type='BASE'));insert into perfume_note(perfume_id,note_id) values (938,(select note_id from note where name='lilyofthevalley' and type='BASE'));insert into perfume_note(perfume_id,note_id) values (938,(select note_id from note where name='caraway' and type='BASE'));insert into perfume(perfume_id,concentration,image,name,price,rating,gender,volume,brand_id) values( '939','EDT','perfumes/939.jpg',"Bottled Unlimited",3000,'4.4',0,'100.0',(select brand_id from brand where name="HUGO BOSS"));insert into perfume_note(perfume_id,note_id) values( 939,(select note_id from note where name='vanilla' and type='TOP'));insert into perfume_note(perfume_id,note_id) values (939,(select note_id from note where name='sandalwood' and type='MIDDLE'));insert into perfume_note(perfume_id,note_id) values (939,(select note_id from note where name='musk' and type='MIDDLE'));insert into perfume_note(perfume_id,note_id) values (939,(select note_id from note where name='rose' and type='BASE'));insert into perfume_note(perfume_id,note_id) values (939,(select note_id from note where name='pineapple' and type='BASE'));insert into perfume(perfume_id,concentration,image,name,price,rating,gender,volume,brand_id) values( '940','EDT','perfumes/940.jpg',"Stronger With You",3000,'4.5',0,'100.0',(select brand_id from brand where name="GIORGIO ARMANI"));insert into perfume_note(perfume_id,note_id) values( 940,(select note_id from note where name='vanilla' and type='TOP'));insert into perfume_note(perfume_id,note_id) values (940,(select note_id from note where name='guaiac wood' and type='MIDDLE'));insert into perfume_note(perfume_id,note_id) values (940,(select note_id from note where name='chestnut' and type='MIDDLE'));insert into perfume_note(perfume_id,note_id) values (940,(select note_id from note where name='cedar' and type='MIDDLE'));insert into perfume_note(perfume_id,note_id) values (940,(select note_id from note where name='vanilla' and type='MIDDLE'));insert into perfume_note(perfume_id,note_id) values (940,(select note_id from note where name='amber wood' and type='MIDDLE'));insert into perfume_note(perfume_id,note_id) values (940,(select note_id from note where name='cinnamon' and type='BASE'));insert into perfume_note(perfume_id,note_id) values (940,(select note_id from note where name='sage' and type='BASE'));insert into perfume_note(perfume_id,note_id) values (940,(select note_id from note where name='melon' and type='BASE'));insert into perfume_note(perfume_id,note_id) values (940,(select note_id from note where name='pineapple' and type='BASE'));insert into perfume_note(perfume_id,note_id) values (940,(select note_id from note where name='lavender' and type='BASE'));insert into perfume(perfume_id,concentration,image,name,price,rating,gender,volume,brand_id) values( '941','EDP','perfumes/941.jpg',"Ma Vie",3000,'4.7',0,'75.0',(select brand_id from brand where name="HUGO BOSS"));insert into perfume_note(perfume_id,note_id) values( 941,(select note_id from note where name='floral' and type='TOP'));insert into perfume_note(perfume_id,note_id) values (941,(select note_id from note where name='cedar' and type='MIDDLE'));insert into perfume_note(perfume_id,note_id) values (941,(select note_id from note where name='notes' and type='MIDDLE'));insert into perfume_note(perfume_id,note_id) values (941,(select note_id from note where name='woody' and type='MIDDLE'));insert into perfume_note(perfume_id,note_id) values (941,(select note_id from note where name='rose' and type='BASE'));insert into perfume_note(perfume_id,note_id) values (941,(select note_id from note where name='jasmine' and type='BASE'));insert into perfume_note(perfume_id,note_id) values (941,(select note_id from note where name='pink freesia' and type='BASE'));insert into perfume(perfume_id,concentration,image,name,price,rating,gender,volume,brand_id) values( '942','EDT','perfumes/942.jpg',"Pink Hearts",3000,'4.4',0,'100.0',(select brand_id from brand where name="DORALL COLLECTION"));insert into perfume_note(perfume_id,note_id) values( 942,(select note_id from note where name='floral' and type='TOP'));insert into perfume_note(perfume_id,note_id) values (942,(select note_id from note where name='caramel' and type='MIDDLE'));insert into perfume_note(perfume_id,note_id) values (942,(select note_id from note where name='sandalwood' and type='MIDDLE'));insert into perfume_note(perfume_id,note_id) values (942,(select note_id from note where name='vanilla' and type='MIDDLE'));insert into perfume_note(perfume_id,note_id) values (942,(select note_id from note where name='musk' and type='MIDDLE'));insert into perfume_note(perfume_id,note_id) values (942,(select note_id from note where name='tonka' and type='MIDDLE'));insert into perfume_note(perfume_id,note_id) values (942,(select note_id from note where name='valley' and type='BASE'));insert into perfume_note(perfume_id,note_id) values (942,(select note_id from note where name='licorice' and type='BASE'));insert into perfume_note(perfume_id,note_id) values (942,(select note_id from note where name='candy' and type='BASE'));insert into perfume_note(perfume_id,note_id) values (942,(select note_id from note where name='the' and type='BASE'));insert into perfume_note(perfume_id,note_id) values (942,(select note_id from note where name='red berries' and type='BASE'));insert into perfume_note(perfume_id,note_id) values (942,(select note_id from note where name='lily' and type='BASE'));insert into perfume_note(perfume_id,note_id) values (942,(select note_id from note where name='cotton' and type='BASE'));insert into perfume_note(perfume_id,note_id) values (942,(select note_id from note where name='strawberry' and type='BASE'));insert into perfume(perfume_id,concentration,image,name,price,rating,gender,volume,brand_id) values( '943','EDT','perfumes/943.jpg',"Xeryus Rouge",3000,'4.8',0,'100.0',(select brand_id from brand where name="Givenchy"));insert into perfume_note(perfume_id,note_id) values( 943,(select note_id from note where name='woody' and type='TOP'));insert into perfume_note(perfume_id,note_id) values (943,(select note_id from note where name='cedar wood' and type='MIDDLE'));insert into perfume_note(perfume_id,note_id) values (943,(select note_id from note where name='red pepper' and type='BASE'));insert into perfume(perfume_id,concentration,image,name,price,rating,gender,volume,brand_id) values( '944','EDP','perfumes/944.jpg',"The Only One 2",3000,'4.3',0,'100.0',(select brand_id from brand where name="Dolce & Gabbana"));insert into perfume_note(perfume_id,note_id) values( 944,(select note_id from note where name='floral' and type='TOP'));insert into perfume_note(perfume_id,note_id) values (944,(select note_id from note where name='patchouli' and type='MIDDLE'));insert into perfume_note(perfume_id,note_id) values (944,(select note_id from note where name='amber woods' and type='MIDDLE'));insert into perfume_note(perfume_id,note_id) values (944,(select note_id from note where name='ambergris' and type='MIDDLE'));insert into perfume_note(perfume_id,note_id) values (944,(select note_id from note where name='tonka' and type='MIDDLE'));insert into perfume_note(perfume_id,note_id) values (944,(select note_id from note where name='coffee' and type='BASE'));insert into perfume_note(perfume_id,note_id) values (944,(select note_id from note where name='violet' and type='BASE'));insert into perfume_note(perfume_id,note_id) values (944,(select note_id from note where name='red rose' and type='BASE'));insert into perfume(perfume_id,concentration,image,name,price,rating,gender,volume,brand_id) values( '945','EDT','perfumes/945.jpg',"White Musk",3000,'4.2',0,'100.0',(select brand_id from brand where name="TESORI D´ORIENTE"));insert into perfume_note(perfume_id,note_id) values( 945,(select note_id from note where name='woody' and type='TOP'));insert into perfume_note(perfume_id,note_id) values (945,(select note_id from note where name='jasmine' and type='MIDDLE'));insert into perfume_note(perfume_id,note_id) values (945,(select note_id from note where name='aldehyde' and type='MIDDLE'));insert into perfume_note(perfume_id,note_id) values (945,(select note_id from note where name='white flowers' and type='MIDDLE'));insert into perfume_note(perfume_id,note_id) values (945,(select note_id from note where name='rose' and type='BASE'));insert into perfume(perfume_id,concentration,image,name,price,rating,gender,volume,brand_id) values( '946','EDP','perfumes/946.jpg',"Roses Vanille",3000,'5.0',0,'120.0',(select brand_id from brand where name="Mancera"));insert into perfume_note(perfume_id,note_id) values( 946,(select note_id from note where name='arabian' and type='TOP'));insert into perfume_note(perfume_id,note_id) values (946,(select note_id from note where name='cedar' and type='MIDDLE'));insert into perfume_note(perfume_id,note_id) values (946,(select note_id from note where name='vanilla' and type='MIDDLE'));insert into perfume_note(perfume_id,note_id) values (946,(select note_id from note where name='white musk' and type='MIDDLE'));insert into perfume_note(perfume_id,note_id) values (946,(select note_id from note where name='sugar' and type='MIDDLE'));insert into perfume_note(perfume_id,note_id) values (946,(select note_id from note where name='rose' and type='BASE'));insert into perfume_note(perfume_id,note_id) values (946,(select note_id from note where name='sugar' and type='BASE'));insert into perfume(perfume_id,concentration,image,name,price,rating,gender,volume,brand_id) values( '947','EDP','perfumes/947.jpg',"My Blush",3000,'4.6',0,'50.0',(select brand_id from brand where name="BURBERRY"));insert into perfume_note(perfume_id,note_id) values( 947,(select note_id from note where name='arabian' and type='TOP'));insert into perfume_note(perfume_id,note_id) values (947,(select note_id from note where name='wisteria' and type='MIDDLE'));insert into perfume_note(perfume_id,note_id) values (947,(select note_id from note where name='jasmine' and type='MIDDLE'));insert into perfume_note(perfume_id,note_id) values (947,(select note_id from note where name='apple' and type='BASE'));insert into perfume_note(perfume_id,note_id) values (947,(select note_id from note where name='green' and type='BASE'));insert into perfume_note(perfume_id,note_id) values (947,(select note_id from note where name='geranium' and type='BASE'));insert into perfume_note(perfume_id,note_id) values (947,(select note_id from note where name='rose petals' and type='BASE'));insert into perfume(perfume_id,concentration,image,name,price,rating,gender,volume,brand_id) values( '948','EDP','perfumes/948.jpg',"My Burberry Blush",3000,'4.5',0,'90.0',(select brand_id from brand where name="BURBERRY"));insert into perfume_note(perfume_id,note_id) values( 948,(select note_id from note where name='arabian' and type='TOP'));insert into perfume_note(perfume_id,note_id) values (948,(select note_id from note where name='wisteria' and type='MIDDLE'));insert into perfume_note(perfume_id,note_id) values (948,(select note_id from note where name='jasmine' and type='MIDDLE'));insert into perfume_note(perfume_id,note_id) values (948,(select note_id from note where name='apple' and type='BASE'));insert into perfume_note(perfume_id,note_id) values (948,(select note_id from note where name='green' and type='BASE'));insert into perfume_note(perfume_id,note_id) values (948,(select note_id from note where name='geranium' and type='BASE'));insert into perfume_note(perfume_id,note_id) values (948,(select note_id from note where name='rose petals' and type='BASE'));insert into perfume(perfume_id,concentration,image,name,price,rating,gender,volume,brand_id) values( '949','EDP','perfumes/949.jpg',"L'Instant Magic",3000,'4.7',0,'100.0',(select brand_id from brand where name="Guerlain"));insert into perfume_note(perfume_id,note_id) values( 949,(select note_id from note where name='woody' and type='TOP'));insert into perfume_note(perfume_id,note_id) values (949,(select note_id from note where name='almond' and type='MIDDLE'));insert into perfume_note(perfume_id,note_id) values (949,(select note_id from note where name='wood' and type='MIDDLE'));insert into perfume_note(perfume_id,note_id) values (949,(select note_id from note where name='rose' and type='BASE'));insert into perfume_note(perfume_id,note_id) values (949,(select note_id from note where name='freesia' and type='BASE'));insert into perfume(perfume_id,concentration,image,name,price,rating,gender,volume,brand_id) values( '950','EDT','perfumes/950.jpg',"London",3000,'3.4',0,'75.0',(select brand_id from brand where name="Dunhill"));insert into perfume_note(perfume_id,note_id) values( 950,(select note_id from note where name='arabian' and type='TOP'));insert into perfume_note(perfume_id,note_id) values (950,(select note_id from note where name='sandalwood' and type='MIDDLE'));insert into perfume_note(perfume_id,note_id) values (950,(select note_id from note where name='vanilla' and type='MIDDLE'));insert into perfume_note(perfume_id,note_id) values (950,(select note_id from note where name='musk' and type='MIDDLE'));insert into perfume_note(perfume_id,note_id) values (950,(select note_id from note where name='patchouli' and type='MIDDLE'));insert into perfume_note(perfume_id,note_id) values (950,(select note_id from note where name='tonka bean' and type='MIDDLE'));insert into perfume_note(perfume_id,note_id) values (950,(select note_id from note where name='geranium' and type='BASE'));insert into perfume_note(perfume_id,note_id) values (950,(select note_id from note where name='rose' and type='BASE'));insert into perfume_note(perfume_id,note_id) values (950,(select note_id from note where name='jasmine' and type='BASE'));insert into perfume(perfume_id,concentration,image,name,price,rating,gender,volume,brand_id) values( '951','EDT','perfumes/951.jpg',"Body Mini ED",3000,'1.0',0,'5.0',(select brand_id from brand where name="BURBERRY"));insert into perfume_note(perfume_id,note_id) values( 951,(select note_id from note where name='woody' and type='TOP'));insert into perfume_note(perfume_id,note_id) values (951,(select note_id from note where name='amber' and type='MIDDLE'));insert into perfume_note(perfume_id,note_id) values (951,(select note_id from note where name='cashmerean' and type='MIDDLE'));insert into perfume_note(perfume_id,note_id) values (951,(select note_id from note where name='sandalwood' and type='MIDDLE'));insert into perfume_note(perfume_id,note_id) values (951,(select note_id from note where name='vanilla' and type='MIDDLE'));insert into perfume_note(perfume_id,note_id) values (951,(select note_id from note where name='musk' and type='MIDDLE'));insert into perfume_note(perfume_id,note_id) values (951,(select note_id from note where name='rose' and type='BASE'));insert into perfume_note(perfume_id,note_id) values (951,(select note_id from note where name='iris' and type='BASE'));insert into perfume(perfume_id,concentration,image,name,price,rating,gender,volume,brand_id) values( '952','EDT','perfumes/952.jpg',"En Joy",3000,'4.1',0,'100.0',(select brand_id from brand where name="TRI"));insert into perfume_note(perfume_id,note_id) values( 952,(select note_id from note where name='floral' and type='TOP'));insert into perfume_note(perfume_id,note_id) values (952,(select note_id from note where name='cedar' and type='MIDDLE'));insert into perfume_note(perfume_id,note_id) values (952,(select note_id from note where name='benzoin' and type='MIDDLE'));insert into perfume_note(perfume_id,note_id) values (952,(select note_id from note where name='sandalwood' and type='MIDDLE'));insert into perfume_note(perfume_id,note_id) values (952,(select note_id from note where name='musk' and type='MIDDLE'));insert into perfume_note(perfume_id,note_id) values (952,(select note_id from note where name='patchoulli' and type='MIDDLE'));insert into perfume_note(perfume_id,note_id) values (952,(select note_id from note where name='rose' and type='BASE'));insert into perfume_note(perfume_id,note_id) values (952,(select note_id from note where name='jasmine' and type='BASE'));insert into perfume_note(perfume_id,note_id) values (952,(select note_id from note where name='cassis' and type='BASE'));insert into perfume_note(perfume_id,note_id) values (952,(select note_id from note where name='peach' and type='BASE'));insert into perfume(perfume_id,concentration,image,name,price,rating,gender,volume,brand_id) values( '953','EDP','perfumes/953.jpg',"Rose Greedy",3000,'4.5',0,'120.0',(select brand_id from brand where name="Mancera"));insert into perfume_note(perfume_id,note_id) values( 953,(select note_id from note where name='floral' and type='TOP'));insert into perfume_note(perfume_id,note_id) values (953,(select note_id from note where name='amber' and type='MIDDLE'));insert into perfume_note(perfume_id,note_id) values (953,(select note_id from note where name='vanilla' and type='MIDDLE'));insert into perfume_note(perfume_id,note_id) values (953,(select note_id from note where name='white musk' and type='MIDDLE'));insert into perfume_note(perfume_id,note_id) values (953,(select note_id from note where name='sugar' and type='MIDDLE'));insert into perfume_note(perfume_id,note_id) values (953,(select note_id from note where name='rose' and type='BASE'));insert into perfume_note(perfume_id,note_id) values (953,(select note_id from note where name='jasmine' and type='BASE'));insert into perfume_note(perfume_id,note_id) values (953,(select note_id from note where name='flowers' and type='BASE'));insert into perfume(perfume_id,concentration,image,name,price,rating,gender,volume,brand_id) values( '954','EDT','perfumes/954.jpg',"Oud Maaruf",3000,'4.0',0,'100.0',(select brand_id from brand where name="DORALL COLLECTION"));insert into perfume_note(perfume_id,note_id) values( 954,(select note_id from note where name='arabian' and type='TOP'));insert into perfume_note(perfume_id,note_id) values (954,(select note_id from note where name='amber' and type='MIDDLE'));insert into perfume_note(perfume_id,note_id) values (954,(select note_id from note where name='woody  amber' and type='MIDDLE'));insert into perfume_note(perfume_id,note_id) values (954,(select note_id from note where name='sandalwood' and type='MIDDLE'));insert into perfume_note(perfume_id,note_id) values (954,(select note_id from note where name='dry woodyamber' and type='MIDDLE'));insert into perfume_note(perfume_id,note_id) values (954,(select note_id from note where name='musk' and type='MIDDLE'));insert into perfume_note(perfume_id,note_id) values (954,(select note_id from note where name='oudh' and type='MIDDLE'));insert into perfume_note(perfume_id,note_id) values (954,(select note_id from note where name='patchouli' and type='MIDDLE'));insert into perfume_note(perfume_id,note_id) values (954,(select note_id from note where name='orris' and type='BASE'));insert into perfume_note(perfume_id,note_id) values (954,(select note_id from note where name='raspberry' and type='BASE'));insert into perfume_note(perfume_id,note_id) values (954,(select note_id from note where name='rose' and type='BASE'));insert into perfume_note(perfume_id,note_id) values (954,(select note_id from note where name='dried fruits' and type='BASE'));insert into perfume_note(perfume_id,note_id) values (954,(select note_id from note where name='saffron' and type='BASE'));insert into perfume_note(perfume_id,note_id) values (954,(select note_id from note where name='muguet' and type='BASE'));insert into perfume_note(perfume_id,note_id) values (954,(select note_id from note where name='ylang' and type='BASE'));insert into perfume_note(perfume_id,note_id) values (954,(select note_id from note where name='geranium' and type='BASE'));insert into perfume_note(perfume_id,note_id) values (954,(select note_id from note where name='jasmin' and type='BASE'));insert into perfume(perfume_id,concentration,image,name,price,rating,gender,volume,brand_id) values( '955','EDP','perfumes/955.jpg',"Burberry Body Intense",3000,'4.6',0,'60.0',(select brand_id from brand where name="BURBERRY"));insert into perfume_note(perfume_id,note_id) values( 955,(select note_id from note where name='fruity' and type='TOP'));insert into perfume_note(perfume_id,note_id) values (955,(select note_id from note where name='amber' and type='MIDDLE'));insert into perfume_note(perfume_id,note_id) values (955,(select note_id from note where name='cashmere wood' and type='MIDDLE'));insert into perfume_note(perfume_id,note_id) values (955,(select note_id from note where name='vanille' and type='MIDDLE'));insert into perfume_note(perfume_id,note_id) values (955,(select note_id from note where name='musk' and type='MIDDLE'));insert into perfume_note(perfume_id,note_id) values (955,(select note_id from note where name='sandalwood' and type='BASE'));insert into perfume_note(perfume_id,note_id) values (955,(select note_id from note where name='rose' and type='BASE'));insert into perfume_note(perfume_id,note_id) values (955,(select note_id from note where name='iris' and type='BASE'));insert into perfume(perfume_id,concentration,image,name,price,rating,gender,volume,brand_id) values( '956','EDP','perfumes/956.jpg',"Roses Vanille",3000,'4.9',0,'120.0',(select brand_id from brand where name="Mancera"));insert into perfume_note(perfume_id,note_id) values( 956,(select note_id from note where name='arabian' and type='TOP'));insert into perfume_note(perfume_id,note_id) values (956,(select note_id from note where name='cedar' and type='MIDDLE'));insert into perfume_note(perfume_id,note_id) values (956,(select note_id from note where name='vanilla' and type='MIDDLE'));insert into perfume_note(perfume_id,note_id) values (956,(select note_id from note where name='white musk' and type='MIDDLE'));insert into perfume_note(perfume_id,note_id) values (956,(select note_id from note where name='sugar' and type='MIDDLE'));insert into perfume_note(perfume_id,note_id) values (956,(select note_id from note where name='rose' and type='BASE'));insert into perfume_note(perfume_id,note_id) values (956,(select note_id from note where name='sugar' and type='BASE'));insert into perfume(perfume_id,concentration,image,name,price,rating,gender,volume,brand_id) values( '957','EDP','perfumes/957.jpg',"Roses Vanille",3000,'4.7',0,'120.0',(select brand_id from brand where name="Mancera"));insert into perfume_note(perfume_id,note_id) values( 957,(select note_id from note where name='arabian' and type='TOP'));insert into perfume_note(perfume_id,note_id) values (957,(select note_id from note where name='cedar' and type='MIDDLE'));insert into perfume_note(perfume_id,note_id) values (957,(select note_id from note where name='vanilla' and type='MIDDLE'));insert into perfume_note(perfume_id,note_id) values (957,(select note_id from note where name='white musk' and type='MIDDLE'));insert into perfume_note(perfume_id,note_id) values (957,(select note_id from note where name='sugar' and type='MIDDLE'));insert into perfume_note(perfume_id,note_id) values (957,(select note_id from note where name='rose' and type='BASE'));insert into perfume_note(perfume_id,note_id) values (957,(select note_id from note where name='sugar' and type='BASE'));insert into perfume(perfume_id,concentration,image,name,price,rating,gender,volume,brand_id) values( '958','EDT','perfumes/958.jpg',"Desire",3000,'4.5',0,'100.0',(select brand_id from brand where name="Dunhill"));insert into perfume_note(perfume_id,note_id) values( 958,(select note_id from note where name='fresh' and type='TOP'));insert into perfume_note(perfume_id,note_id) values (958,(select note_id from note where name='vanilla' and type='MIDDLE'));insert into perfume_note(perfume_id,note_id) values (958,(select note_id from note where name='musk' and type='MIDDLE'));insert into perfume_note(perfume_id,note_id) values (958,(select note_id from note where name='patchouli' and type='BASE'));insert into perfume_note(perfume_id,note_id) values (958,(select note_id from note where name='rose' and type='BASE'));insert into perfume_note(perfume_id,note_id) values (958,(select note_id from note where name='teak wood' and type='BASE'));insert into perfume(perfume_id,concentration,image,name,price,rating,gender,volume,brand_id) values( '959','EDT','perfumes/959.jpg',"Cabotine",3000,'4.8',0,'100.0',(select brand_id from brand where name="Parfums Gres"));insert into perfume_note(perfume_id,note_id) values( 959,(select note_id from note where name='floral' and type='TOP'));insert into perfume_note(perfume_id,note_id) values (959,(select note_id from note where name='cedarwood' and type='MIDDLE'));insert into perfume_note(perfume_id,note_id) values (959,(select note_id from note where name='amber' and type='MIDDLE'));insert into perfume_note(perfume_id,note_id) values (959,(select note_id from note where name='cybet' and type='MIDDLE'));insert into perfume_note(perfume_id,note_id) values (959,(select note_id from note where name='vanilla' and type='MIDDLE'));insert into perfume_note(perfume_id,note_id) values (959,(select note_id from note where name='musk' and type='MIDDLE'));insert into perfume_note(perfume_id,note_id) values (959,(select note_id from note where name='tonka bean' and type='MIDDLE'));insert into perfume_note(perfume_id,note_id) values (959,(select note_id from note where name='iris' and type='BASE'));insert into perfume_note(perfume_id,note_id) values (959,(select note_id from note where name='rose' and type='BASE'));insert into perfume_note(perfume_id,note_id) values (959,(select note_id from note where name='ylangylang' and type='BASE'));insert into perfume_note(perfume_id,note_id) values (959,(select note_id from note where name='tuberose' and type='BASE'));insert into perfume_note(perfume_id,note_id) values (959,(select note_id from note where name='heliotrope' and type='BASE'));insert into perfume_note(perfume_id,note_id) values (959,(select note_id from note where name='violet' and type='BASE'));insert into perfume_note(perfume_id,note_id) values (959,(select note_id from note where name='ginger lily' and type='BASE'));insert into perfume_note(perfume_id,note_id) values (959,(select note_id from note where name='freesia' and type='BASE'));insert into perfume_note(perfume_id,note_id) values (959,(select note_id from note where name='hyacinth' and type='BASE'));insert into perfume(perfume_id,concentration,image,name,price,rating,gender,volume,brand_id) values( '960','EDP','perfumes/960.jpg',"Monsieur Oud",3000,'4.5',0,'100.0',(select brand_id from brand where name="Alina Corel"));insert into perfume_note(perfume_id,note_id) values( 960,(select note_id from note where name='musk' and type='TOP'));insert into perfume_note(perfume_id,note_id) values (960,(select note_id from note where name='cedar' and type='MIDDLE'));insert into perfume_note(perfume_id,note_id) values (960,(select note_id from note where name='musk' and type='MIDDLE'));insert into perfume_note(perfume_id,note_id) values (960,(select note_id from note where name='rose' and type='BASE'));insert into perfume_note(perfume_id,note_id) values (960,(select note_id from note where name='water' and type='BASE'));insert into perfume(perfume_id,concentration,image,name,price,rating,gender,volume,brand_id) values( '961','EDP','perfumes/961.jpg',"Si Passione EDP For Wo",3000,'5.0',0,'100.0',(select brand_id from brand where name="GIORGIO ARMANI"));insert into perfume_note(perfume_id,note_id) values( 961,(select note_id from note where name='floral' and type='TOP'));insert into perfume_note(perfume_id,note_id) values (961,(select note_id from note where name='cedar' and type='MIDDLE'));insert into perfume_note(perfume_id,note_id) values (961,(select note_id from note where name='patchouli' and type='MIDDLE'));insert into perfume_note(perfume_id,note_id) values (961,(select note_id from note where name='vanilla' and type='MIDDLE'));insert into perfume_note(perfume_id,note_id) values (961,(select note_id from note where name='rose' and type='BASE'));insert into perfume_note(perfume_id,note_id) values (961,(select note_id from note where name='jasmine' and type='BASE'));insert into perfume_note(perfume_id,note_id) values (961,(select note_id from note where name='heliotrope' and type='BASE'));insert into perfume_note(perfume_id,note_id) values (961,(select note_id from note where name='pineapple' and type='BASE'));insert into perfume(perfume_id,concentration,image,name,price,rating,gender,volume,brand_id) values( '962','EDT','perfumes/962.jpg',"Kouros Silver",3000,'4.5',0,'100.0',(select brand_id from brand where name="Yves Saint Laurent"));insert into perfume_note(perfume_id,note_id) values( 962,(select note_id from note where name='fruity' and type='TOP'));insert into perfume_note(perfume_id,note_id) values (962,(select note_id from note where name='amber' and type='MIDDLE'));insert into perfume_note(perfume_id,note_id) values (962,(select note_id from note where name='notes' and type='MIDDLE'));insert into perfume_note(perfume_id,note_id) values (962,(select note_id from note where name='woody' and type='MIDDLE'));insert into perfume_note(perfume_id,note_id) values (962,(select note_id from note where name='sage' and type='BASE'));insert into perfume(perfume_id,concentration,image,name,price,rating,gender,volume,brand_id) values( '963','EDT','perfumes/963.jpg',"Sauvage Perf",3000,'3.0',0,'100.0',(select brand_id from brand where name="Dior"));insert into perfume_note(perfume_id,note_id) values( 963,(select note_id from note where name='floral' and type='TOP'));insert into perfume_note(perfume_id,note_id) values (963,(select note_id from note where name='tonka bean' and type='MIDDLE'));insert into perfume_note(perfume_id,note_id) values (963,(select note_id from note where name='vanilla' and type='MIDDLE'));insert into perfume_note(perfume_id,note_id) values (963,(select note_id from note where name='olibanum' and type='MIDDLE'));insert into perfume_note(perfume_id,note_id) values (963,(select note_id from note where name='sandalwood' and type='BASE'));insert into perfume(perfume_id,concentration,image,name,price,rating,gender,volume,brand_id) values( '964','EDT','perfumes/964.jpg',"Cool Water",3000,'4.1',0,'75.0',(select brand_id from brand where name="DAVIDOFF"));insert into perfume_note(perfume_id,note_id) values( 964,(select note_id from note where name='aromatic' and type='TOP'));insert into perfume_note(perfume_id,note_id) values (964,(select note_id from note where name='cedar' and type='MIDDLE'));insert into perfume_note(perfume_id,note_id) values (964,(select note_id from note where name='amber' and type='MIDDLE'));insert into perfume_note(perfume_id,note_id) values (964,(select note_id from note where name='musk' and type='MIDDLE'));insert into perfume_note(perfume_id,note_id) values (964,(select note_id from note where name='oakmoss' and type='MIDDLE'));insert into perfume_note(perfume_id,note_id) values (964,(select note_id from note where name='geranium' and type='BASE'));insert into perfume_note(perfume_id,note_id) values (964,(select note_id from note where name='sandalwood' and type='BASE'));insert into perfume_note(perfume_id,note_id) values (964,(select note_id from note where name='jasmine' and type='BASE'));insert into perfume_note(perfume_id,note_id) values (964,(select note_id from note where name='neroli' and type='BASE'));insert into perfume(perfume_id,concentration,image,name,price,rating,gender,volume,brand_id) values( '965','EDT','perfumes/965.jpg',"Cool Water",3000,'3.7',0,'125.0',(select brand_id from brand where name="DAVIDOFF"));insert into perfume_note(perfume_id,note_id) values( 965,(select note_id from note where name='fresh' and type='TOP'));insert into perfume_note(perfume_id,note_id) values (965,(select note_id from note where name='tobacco' and type='MIDDLE'));insert into perfume_note(perfume_id,note_id) values (965,(select note_id from note where name='amber' and type='MIDDLE'));insert into perfume_note(perfume_id,note_id) values (965,(select note_id from note where name='cedar' and type='MIDDLE'));insert into perfume_note(perfume_id,note_id) values (965,(select note_id from note where name='musk' and type='MIDDLE'));insert into perfume_note(perfume_id,note_id) values (965,(select note_id from note where name='oakmoss' and type='MIDDLE'));insert into perfume_note(perfume_id,note_id) values (965,(select note_id from note where name='geranium' and type='BASE'));insert into perfume_note(perfume_id,note_id) values (965,(select note_id from note where name='sandalwood' and type='BASE'));insert into perfume_note(perfume_id,note_id) values (965,(select note_id from note where name='jasmine' and type='BASE'));insert into perfume_note(perfume_id,note_id) values (965,(select note_id from note where name='neroli' and type='BASE'));insert into perfume(perfume_id,concentration,image,name,price,rating,gender,volume,brand_id) values( '966','EDT','perfumes/966.jpg',"Aqva Marine Pour Homme",3000,'4.8',0,'100.0',(select brand_id from brand where name="BVLGARI"));insert into perfume_note(perfume_id,note_id) values( 966,(select note_id from note where name='citrus' and type='TOP'));insert into perfume_note(perfume_id,note_id) values (966,(select note_id from note where name='virginia cedar' and type='MIDDLE'));insert into perfume_note(perfume_id,note_id) values (966,(select note_id from note where name='amber' and type='MIDDLE'));insert into perfume_note(perfume_id,note_id) values (966,(select note_id from note where name='water notes' and type='BASE'));insert into perfume_note(perfume_id,note_id) values (966,(select note_id from note where name='rosemary' and type='BASE'));insert into perfume_note(perfume_id,note_id) values (966,(select note_id from note where name='seaweed' and type='BASE'));insert into perfume(perfume_id,concentration,image,name,price,rating,gender,volume,brand_id) values( '967','EDT','perfumes/967.jpg',"Sauvage",3000,'4.6',0,'100.0',(select brand_id from brand where name="Dior"));insert into perfume_note(perfume_id,note_id) values( 967,(select note_id from note where name='spicy' and type='TOP'));insert into perfume_note(perfume_id,note_id) values (967,(select note_id from note where name='cedar' and type='MIDDLE'));insert into perfume_note(perfume_id,note_id) values (967,(select note_id from note where name='labdanum' and type='MIDDLE'));insert into perfume_note(perfume_id,note_id) values (967,(select note_id from note where name='ambroxan' and type='MIDDLE'));insert into perfume_note(perfume_id,note_id) values (967,(select note_id from note where name='patchouli' and type='BASE'));insert into perfume_note(perfume_id,note_id) values (967,(select note_id from note where name='elemi' and type='BASE'));insert into perfume_note(perfume_id,note_id) values (967,(select note_id from note where name='pink pepper' and type='BASE'));insert into perfume_note(perfume_id,note_id) values (967,(select note_id from note where name='lavender' and type='BASE'));insert into perfume_note(perfume_id,note_id) values (967,(select note_id from note where name='vetiver' and type='BASE'));insert into perfume_note(perfume_id,note_id) values (967,(select note_id from note where name='geranium' and type='BASE'));insert into perfume_note(perfume_id,note_id) values (967,(select note_id from note where name='sichuan pepper' and type='BASE'));insert into perfume(perfume_id,concentration,image,name,price,rating,gender,volume,brand_id) values( '968','EDT','perfumes/968.jpg',"Marciano",3000,'4.7',0,'100.0',(select brand_id from brand where name="GUESS"));insert into perfume_note(perfume_id,note_id) values( 968,(select note_id from note where name='spicy' and type='TOP'));insert into perfume_note(perfume_id,note_id) values (968,(select note_id from note where name='spicy' and type='MIDDLE'));insert into perfume_note(perfume_id,note_id) values (968,(select note_id from note where name='woody' and type='MIDDLE'));insert into perfume_note(perfume_id,note_id) values (968,(select note_id from note where name='lavenday' and type='BASE'));insert into perfume_note(perfume_id,note_id) values (968,(select note_id from note where name='spicy' and type='BASE'));insert into perfume_note(perfume_id,note_id) values (968,(select note_id from note where name='sage' and type='BASE'));insert into perfume(perfume_id,concentration,image,name,price,rating,gender,volume,brand_id) values( '969','EDT','perfumes/969.jpg',"Armani Code",3000,'2.0',0,'125.0',(select brand_id from brand where name="GIORGIO ARMANI"));insert into perfume_note(perfume_id,note_id) values( 969,(select note_id from note where name='citrus' and type='TOP'));insert into perfume_note(perfume_id,note_id) values (969,(select note_id from note where name='leather' and type='MIDDLE'));insert into perfume_note(perfume_id,note_id) values (969,(select note_id from note where name='bean' and type='MIDDLE'));insert into perfume_note(perfume_id,note_id) values (969,(select note_id from note where name='tobacco' and type='MIDDLE'));insert into perfume_note(perfume_id,note_id) values (969,(select note_id from note where name='tonka' and type='MIDDLE'));insert into perfume_note(perfume_id,note_id) values (969,(select note_id from note where name='blossom' and type='BASE'));insert into perfume_note(perfume_id,note_id) values (969,(select note_id from note where name='olive' and type='BASE'));insert into perfume_note(perfume_id,note_id) values (969,(select note_id from note where name='star anise' and type='BASE'));insert into perfume_note(perfume_id,note_id) values (969,(select note_id from note where name='wood' and type='BASE'));insert into perfume_note(perfume_id,note_id) values (969,(select note_id from note where name='guaiac' and type='BASE'));insert into perfume(perfume_id,concentration,image,name,price,rating,gender,volume,brand_id) values( '970','EDT','perfumes/970.jpg',"212 Sexy",3000,'4.2',0,'100.0',(select brand_id from brand where name="CAROLINA HERRERA"));insert into perfume_note(perfume_id,note_id) values( 970,(select note_id from note where name='vanilla' and type='TOP'));insert into perfume_note(perfume_id,note_id) values (970,(select note_id from note where name='amber' and type='MIDDLE'));insert into perfume_note(perfume_id,note_id) values (970,(select note_id from note where name='sandalwood' and type='MIDDLE'));insert into perfume_note(perfume_id,note_id) values (970,(select note_id from note where name='bourbon vanilla' and type='MIDDLE'));insert into perfume_note(perfume_id,note_id) values (970,(select note_id from note where name='musk' and type='MIDDLE'));insert into perfume_note(perfume_id,note_id) values (970,(select note_id from note where name='sensual oriental character  gaiac wood' and type='MIDDLE'));insert into perfume_note(perfume_id,note_id) values (970,(select note_id from note where name='pepper' and type='BASE'));insert into perfume_note(perfume_id,note_id) values (970,(select note_id from note where name='sensuality' and type='BASE'));insert into perfume_note(perfume_id,note_id) values (970,(select note_id from note where name='tonka beans' and type='BASE'));insert into perfume_note(perfume_id,note_id) values (970,(select note_id from note where name='green' and type='BASE'));insert into perfume_note(perfume_id,note_id) values (970,(select note_id from note where name='subtle' and type='BASE'));insert into perfume_note(perfume_id,note_id) values (970,(select note_id from note where name='cardamom' and type='BASE'));insert into perfume_note(perfume_id,note_id) values (970,(select note_id from note where name='spicy' and type='BASE'));insert into perfume_note(perfume_id,note_id) values (970,(select note_id from note where name='floral petal' and type='BASE'));insert into perfume(perfume_id,concentration,image,name,price,rating,gender,volume,brand_id) values( '971','EDT','perfumes/971.jpg',"Petits Et Mamans",3000,'4.8',0,'100.0',(select brand_id from brand where name="BVLGARI"));insert into perfume_note(perfume_id,note_id) values( 971,(select note_id from note where name='floral' and type='TOP'));insert into perfume_note(perfume_id,note_id) values (971,(select note_id from note where name='powdery notes' and type='MIDDLE'));insert into perfume_note(perfume_id,note_id) values (971,(select note_id from note where name='white peach' and type='MIDDLE'));insert into perfume_note(perfume_id,note_id) values (971,(select note_id from note where name='vanilla' and type='MIDDLE'));insert into perfume_note(perfume_id,note_id) values (971,(select note_id from note where name='iris' and type='MIDDLE'));insert into perfume_note(perfume_id,note_id) values (971,(select note_id from note where name='sunflower' and type='BASE'));insert into perfume_note(perfume_id,note_id) values (971,(select note_id from note where name='rose' and type='BASE'));insert into perfume_note(perfume_id,note_id) values (971,(select note_id from note where name='chamomile' and type='BASE'));insert into perfume(perfume_id,concentration,image,name,price,rating,gender,volume,brand_id) values( '972','EDT','perfumes/972.jpg',"Just Cavalli",3000,'4.6',0,'75.0',(select brand_id from brand where name="Justcavalli"));insert into perfume_note(perfume_id,note_id) values( 972,(select note_id from note where name='floral' and type='TOP'));insert into perfume_note(perfume_id,note_id) values (972,(select note_id from note where name='creamy' and type='MIDDLE'));insert into perfume_note(perfume_id,note_id) values (972,(select note_id from note where name='rosewood' and type='MIDDLE'));insert into perfume_note(perfume_id,note_id) values (972,(select note_id from note where name='cuddly' and type='MIDDLE'));insert into perfume_note(perfume_id,note_id) values (972,(select note_id from note where name='tahitian tiare flowers' and type='BASE'));insert into perfume(perfume_id,concentration,image,name,price,rating,gender,volume,brand_id) values( '973','EDP','perfumes/973.jpg',"Scandal",3000,'4.5',0,'80.0',(select brand_id from brand where name="Jean Paul GAULTIER"));insert into perfume_note(perfume_id,note_id) values( 973,(select note_id from note where name='floral' and type='TOP'));insert into perfume_note(perfume_id,note_id) values (973,(select note_id from note where name='labdanum' and type='MIDDLE'));insert into perfume_note(perfume_id,note_id) values (973,(select note_id from note where name='vanilla' and type='MIDDLE'));insert into perfume_note(perfume_id,note_id) values (973,(select note_id from note where name='musk' and type='MIDDLE'));insert into perfume_note(perfume_id,note_id) values (973,(select note_id from note where name='blossom' and type='BASE'));insert into perfume_note(perfume_id,note_id) values (973,(select note_id from note where name='jasmine' and type='BASE'));insert into perfume_note(perfume_id,note_id) values (973,(select note_id from note where name='tiare flower' and type='BASE'));insert into perfume_note(perfume_id,note_id) values (973,(select note_id from note where name='orange' and type='BASE'));insert into perfume(perfume_id,concentration,image,name,price,rating,gender,volume,brand_id) values( '974','EDT','perfumes/974.jpg',"Bloom Aqua Di Fiori",3000,'4.7',0,'100.0',(select brand_id from brand where name="GUCCI"));insert into perfume_note(perfume_id,note_id) values( 974,(select note_id from note where name='fruity' and type='TOP'));insert into perfume_note(perfume_id,note_id) values (974,(select note_id from note where name='jasmine' and type='MIDDLE'));insert into perfume_note(perfume_id,note_id) values (974,(select note_id from note where name='tuberose' and type='BASE'));insert into perfume(perfume_id,concentration,image,name,price,rating,gender,volume,brand_id) values( '975','EDP','perfumes/975.jpg',"Bloom",3000,'4.6',0,'100.0',(select brand_id from brand where name="GUCCI"));insert into perfume_note(perfume_id,note_id) values( 975,(select note_id from note where name='floral' and type='TOP'));insert into perfume_note(perfume_id,note_id) values (975,(select note_id from note where name='rangoon creeper' and type='MIDDLE'));insert into perfume_note(perfume_id,note_id) values (975,(select note_id from note where name='tuberose' and type='BASE'));insert into perfume(perfume_id,concentration,image,name,price,rating,gender,volume,brand_id) values( '976','EDP','perfumes/976.jpg',"Crystal Noir",3000,'4.4',0,'90.0',(select brand_id from brand where name="VERSACE"));insert into perfume_note(perfume_id,note_id) values( 976,(select note_id from note where name='oriental' and type='TOP'));insert into perfume_note(perfume_id,note_id) values (976,(select note_id from note where name='pod' and type='MIDDLE'));insert into perfume_note(perfume_id,note_id) values (976,(select note_id from note where name='cashmeran' and type='MIDDLE'));insert into perfume_note(perfume_id,note_id) values (976,(select note_id from note where name='sandalwood' and type='MIDDLE'));insert into perfume_note(perfume_id,note_id) values (976,(select note_id from note where name='vanilla' and type='MIDDLE'));insert into perfume_note(perfume_id,note_id) values (976,(select note_id from note where name='heliotropine' and type='MIDDLE'));insert into perfume_note(perfume_id,note_id) values (976,(select note_id from note where name='jasmine' and type='BASE'));insert into perfume_note(perfume_id,note_id) values (976,(select note_id from note where name='dry' and type='BASE'));insert into perfume_note(perfume_id,note_id) values (976,(select note_id from note where name='tuberose' and type='BASE'));insert into perfume_note(perfume_id,note_id) values (976,(select note_id from note where name='frangipani' and type='BASE'));insert into perfume(perfume_id,concentration,image,name,price,rating,gender,volume,brand_id) values( '977','EDP','perfumes/977.jpg',"Bloom Nettare Di Fiori",3000,'4.3',0,'100.0',(select brand_id from brand where name="GUCCI"));insert into perfume_note(perfume_id,note_id) values( 977,(select note_id from note where name='floral' and type='TOP'));insert into perfume_note(perfume_id,note_id) values (977,(select note_id from note where name='schijnhulst' and type='MIDDLE'));insert into perfume_note(perfume_id,note_id) values (977,(select note_id from note where name='patchoulie' and type='MIDDLE'));insert into perfume_note(perfume_id,note_id) values (977,(select note_id from note where name='musk' and type='MIDDLE'));insert into perfume_note(perfume_id,note_id) values (977,(select note_id from note where name='honeysuckle' and type='BASE'));insert into perfume_note(perfume_id,note_id) values (977,(select note_id from note where name='jasmine' and type='BASE'));insert into perfume_note(perfume_id,note_id) values (977,(select note_id from note where name='tuberose' and type='BASE'));insert into perfume(perfume_id,concentration,image,name,price,rating,gender,volume,brand_id) values( '978','EDP','perfumes/978.jpg',"L'interdit",3000,'2.3',0,'80.0',(select brand_id from brand where name="Givenchy"));insert into perfume_note(perfume_id,note_id) values( 978,(select note_id from note where name='floral' and type='TOP'));insert into perfume_note(perfume_id,note_id) values (978,(select note_id from note where name='patchouli' and type='MIDDLE'));insert into perfume_note(perfume_id,note_id) values (978,(select note_id from note where name='vetiver' and type='MIDDLE'));insert into perfume_note(perfume_id,note_id) values (978,(select note_id from note where name='blossom' and type='BASE'));insert into perfume_note(perfume_id,note_id) values (978,(select note_id from note where name='jasmine' and type='BASE'));insert into perfume_note(perfume_id,note_id) values (978,(select note_id from note where name='orange' and type='BASE'));insert into perfume_note(perfume_id,note_id) values (978,(select note_id from note where name='tuberose' and type='BASE'));insert into perfume(perfume_id,concentration,image,name,price,rating,gender,volume,brand_id) values( '979','EDP','perfumes/979.jpg',"Good Girl",3000,'4.1',0,'80.0',(select brand_id from brand where name="CAROLINA HERRERA"));insert into perfume_note(perfume_id,note_id) values( 979,(select note_id from note where name='arabian' and type='TOP'));insert into perfume_note(perfume_id,note_id) values (979,(select note_id from note where name='tonka bean' and type='MIDDLE'));insert into perfume_note(perfume_id,note_id) values (979,(select note_id from note where name='cocoa' and type='MIDDLE'));insert into perfume_note(perfume_id,note_id) values (979,(select note_id from note where name='tuberose' and type='BASE'));insert into perfume_note(perfume_id,note_id) values (979,(select note_id from note where name='jasmine sambac' and type='BASE'));insert into perfume(perfume_id,concentration,image,name,price,rating,gender,volume,brand_id) values( '980','EDP','perfumes/980.jpg',"Premium",3000,'5.0',0,'25.0',(select brand_id from brand where name="Genie Collection"));insert into perfume_note(perfume_id,note_id) values( 980,(select note_id from note where name='oriental' and type='TOP'));insert into perfume_note(perfume_id,note_id) values (980,(select note_id from note where name='patchouli' and type='MIDDLE'));insert into perfume_note(perfume_id,note_id) values (980,(select note_id from note where name='amber' and type='MIDDLE'));insert into perfume_note(perfume_id,note_id) values (980,(select note_id from note where name='musk' and type='MIDDLE'));insert into perfume_note(perfume_id,note_id) values (980,(select note_id from note where name='ylangylang' and type='BASE'));insert into perfume_note(perfume_id,note_id) values (980,(select note_id from note where name='jasmine' and type='BASE'));insert into perfume_note(perfume_id,note_id) values (980,(select note_id from note where name='tuberose' and type='BASE'));insert into perfume(perfume_id,concentration,image,name,price,rating,gender,volume,brand_id) values( '981','EDP','perfumes/981.jpg',"Oud Al-Mubakhar",3000,'4.0',0,'100.0',(select brand_id from brand where name="Rasasi"));insert into perfume_note(perfume_id,note_id) values( 981,(select note_id from note where name='arabian' and type='TOP'));insert into perfume_note(perfume_id,note_id) values (981,(select note_id from note where name='patchouli' and type='MIDDLE'));insert into perfume_note(perfume_id,note_id) values (981,(select note_id from note where name='sandalwood' and type='MIDDLE'));insert into perfume_note(perfume_id,note_id) values (981,(select note_id from note where name='tonka bean' and type='MIDDLE'));insert into perfume_note(perfume_id,note_id) values (981,(select note_id from note where name='musk' and type='MIDDLE'));insert into perfume_note(perfume_id,note_id) values (981,(select note_id from note where name='geranium' and type='BASE'));insert into perfume_note(perfume_id,note_id) values (981,(select note_id from note where name='violet' and type='BASE'));insert into perfume_note(perfume_id,note_id) values (981,(select note_id from note where name='turkish rose' and type='BASE'));insert into perfume(perfume_id,concentration,image,name,price,rating,gender,volume,brand_id) values( '982','EDP','perfumes/982.jpg',"Nero Assoluto",3000,'5.0',0,'75.0',(select brand_id from brand where name="Roberto Cavalli"));insert into perfume_note(perfume_id,note_id) values( 982,(select note_id from note where name='arabian' and type='TOP'));insert into perfume_note(perfume_id,note_id) values (982,(select note_id from note where name='woodsy notes' and type='MIDDLE'));insert into perfume_note(perfume_id,note_id) values (982,(select note_id from note where name='ebony' and type='MIDDLE'));insert into perfume_note(perfume_id,note_id) values (982,(select note_id from note where name='vanilla' and type='BASE'));insert into perfume(perfume_id,concentration,image,name,price,rating,gender,volume,brand_id) values( '983','EDP','perfumes/983.jpg',"Nero Assoluto",3000,'4.6',0,'75.0',(select brand_id from brand where name="Roberto Cavalli"));insert into perfume_note(perfume_id,note_id) values( 983,(select note_id from note where name='arabian' and type='TOP'));insert into perfume_note(perfume_id,note_id) values (983,(select note_id from note where name='woody notes' and type='MIDDLE'));insert into perfume_note(perfume_id,note_id) values (983,(select note_id from note where name='ebony' and type='MIDDLE'));insert into perfume_note(perfume_id,note_id) values (983,(select note_id from note where name='vanilla' and type='BASE'));insert into perfume(perfume_id,concentration,image,name,price,rating,gender,volume,brand_id) values( '984','EDT','perfumes/984.jpg',"Homme",3000,'4.4',0,'100.0',(select brand_id from brand where name="GUESS"));insert into perfume_note(perfume_id,note_id) values( 984,(select note_id from note where name='spicy' and type='TOP'));insert into perfume_note(perfume_id,note_id) values (984,(select note_id from note where name='patchouli' and type='MIDDLE'));insert into perfume_note(perfume_id,note_id) values (984,(select note_id from note where name='sandalwood' and type='MIDDLE'));insert into perfume_note(perfume_id,note_id) values (984,(select note_id from note where name='musk' and type='MIDDLE'));insert into perfume_note(perfume_id,note_id) values (984,(select note_id from note where name='amber' and type='MIDDLE'));insert into perfume_note(perfume_id,note_id) values (984,(select note_id from note where name='vetiver' and type='BASE'));insert into perfume_note(perfume_id,note_id) values (984,(select note_id from note where name='leaves' and type='BASE'));insert into perfume_note(perfume_id,note_id) values (984,(select note_id from note where name='violet' and type='BASE'));insert into perfume_note(perfume_id,note_id) values (984,(select note_id from note where name='vanilla orchid' and type='BASE'));insert into perfume(perfume_id,concentration,image,name,price,rating,gender,volume,brand_id) values( '985','EDP','perfumes/985.jpg',"Ana Abiyedh Leather",3000,'4.6',0,'60.0',(select brand_id from brand where name="Lattafa"));insert into perfume_note(perfume_id,note_id) values( 985,(select note_id from note where name='musk' and type='TOP'));insert into perfume_note(perfume_id,note_id) values (985,(select note_id from note where name='guaiac wood' and type='MIDDLE'));insert into perfume_note(perfume_id,note_id) values (985,(select note_id from note where name='tonka bean' and type='MIDDLE'));insert into perfume_note(perfume_id,note_id) values (985,(select note_id from note where name='cardamom' and type='BASE'));insert into perfume_note(perfume_id,note_id) values (985,(select note_id from note where name='saffron' and type='BASE'));insert into perfume_note(perfume_id,note_id) values (985,(select note_id from note where name='vanilla' and type='BASE'));insert into perfume(perfume_id,concentration,image,name,price,rating,gender,volume,brand_id) values( '986','EDT','perfumes/986.jpg',"Just Cavalli",3000,'4.8',0,'90.0',(select brand_id from brand where name="Roberto Cavalli"));insert into perfume_note(perfume_id,note_id) values( 986,(select note_id from note where name='woody' and type='TOP'));insert into perfume_note(perfume_id,note_id) values (986,(select note_id from note where name='leather' and type='MIDDLE'));insert into perfume_note(perfume_id,note_id) values (986,(select note_id from note where name='vetiver' and type='BASE'));insert into perfume(perfume_id,concentration,image,name,price,rating,gender,volume,brand_id) values( '987','EDT','perfumes/987.jpg',"Bottled Night",3000,'4.5',0,'200.0',(select brand_id from brand where name="HUGO BOSS"));insert into perfume_note(perfume_id,note_id) values( 987,(select note_id from note where name='woody' and type='TOP'));insert into perfume_note(perfume_id,note_id) values (987,(select note_id from note where name='woody notes' and type='MIDDLE'));insert into perfume_note(perfume_id,note_id) values (987,(select note_id from note where name='musk' and type='MIDDLE'));insert into perfume_note(perfume_id,note_id) values (987,(select note_id from note where name='violet' and type='BASE'));insert into perfume(perfume_id,concentration,image,name,price,rating,gender,volume,brand_id) values( '988','EDT','perfumes/988.jpg',"Emblem",3000,'4.4',0,'100.0',(select brand_id from brand where name="MONTBLANC"));insert into perfume_note(perfume_id,note_id) values( 988,(select note_id from note where name='spicy' and type='TOP'));insert into perfume_note(perfume_id,note_id) values (988,(select note_id from note where name='tonka bean' and type='MIDDLE'));insert into perfume_note(perfume_id,note_id) values (988,(select note_id from note where name='notes' and type='MIDDLE'));insert into perfume_note(perfume_id,note_id) values (988,(select note_id from note where name='woody' and type='MIDDLE'));insert into perfume_note(perfume_id,note_id) values (988,(select note_id from note where name='leaf' and type='BASE'));insert into perfume_note(perfume_id,note_id) values (988,(select note_id from note where name='violet' and type='BASE'));insert into perfume_note(perfume_id,note_id) values (988,(select note_id from note where name='cinnamon' and type='BASE'));insert into perfume(perfume_id,concentration,image,name,price,rating,gender,volume,brand_id) values( '989','EDT','perfumes/989.jpg',"Emblem",3000,'5.0',0,'100.0',(select brand_id from brand where name="MONTBLANC"));insert into perfume_note(perfume_id,note_id) values( 989,(select note_id from note where name='spicy' and type='TOP'));insert into perfume_note(perfume_id,note_id) values (989,(select note_id from note where name='woody notes' and type='MIDDLE'));insert into perfume_note(perfume_id,note_id) values (989,(select note_id from note where name='tonka bean' and type='MIDDLE'));insert into perfume_note(perfume_id,note_id) values (989,(select note_id from note where name='violet leaf' and type='BASE'));insert into perfume_note(perfume_id,note_id) values (989,(select note_id from note where name='cinnamon' and type='BASE'));insert into perfume(perfume_id,concentration,image,name,price,rating,gender,volume,brand_id) values( '990','EDP','perfumes/990.jpg',"Nuit",3000,'4.8',0,'75.0',(select brand_id from brand where name="HUGO BOSS"));insert into perfume_note(perfume_id,note_id) values( 990,(select note_id from note where name='floral' and type='TOP'));insert into perfume_note(perfume_id,note_id) values (990,(select note_id from note where name='woods' and type='MIDDLE'));insert into perfume_note(perfume_id,note_id) values (990,(select note_id from note where name='sandalwood' and type='MIDDLE'));insert into perfume_note(perfume_id,note_id) values (990,(select note_id from note where name='moss' and type='MIDDLE'));insert into perfume_note(perfume_id,note_id) values (990,(select note_id from note where name='warm' and type='MIDDLE'));insert into perfume_note(perfume_id,note_id) values (990,(select note_id from note where name='crystal' and type='MIDDLE'));insert into perfume_note(perfume_id,note_id) values (990,(select note_id from note where name='white' and type='BASE'));insert into perfume_note(perfume_id,note_id) values (990,(select note_id from note where name='florals' and type='BASE'));insert into perfume_note(perfume_id,note_id) values (990,(select note_id from note where name='jasmin' and type='BASE'));insert into perfume_note(perfume_id,note_id) values (990,(select note_id from note where name='violet' and type='BASE'));insert into perfume(perfume_id,concentration,image,name,price,rating,gender,volume,brand_id) values( '991','EDT','perfumes/991.jpg',"White Diamonds",3000,'4.3',0,'100.0',(select brand_id from brand where name="Elizabeth Taylor"));insert into perfume_note(perfume_id,note_id) values( 991,(select note_id from note where name='floral' and type='TOP'));insert into perfume_note(perfume_id,note_id) values (991,(select note_id from note where name='amber' and type='MIDDLE'));insert into perfume_note(perfume_id,note_id) values (991,(select note_id from note where name='oak moss' and type='MIDDLE'));insert into perfume_note(perfume_id,note_id) values (991,(select note_id from note where name='sandalwood' and type='MIDDLE'));insert into perfume_note(perfume_id,note_id) values (991,(select note_id from note where name='musk' and type='MIDDLE'));insert into perfume_note(perfume_id,note_id) values (991,(select note_id from note where name='patchouli' and type='MIDDLE'));insert into perfume_note(perfume_id,note_id) values (991,(select note_id from note where name='' and type='BASE'));insert into perfume_note(perfume_id,note_id) values (991,(select note_id from note where name='rose' and type='BASE'));insert into perfume_note(perfume_id,note_id) values (991,(select note_id from note where name='jasmine' and type='BASE'));insert into perfume_note(perfume_id,note_id) values (991,(select note_id from note where name='ylangylang' and type='BASE'));insert into perfume_note(perfume_id,note_id) values (991,(select note_id from note where name='violet' and type='BASE'));insert into perfume(perfume_id,concentration,image,name,price,rating,gender,volume,brand_id) values( '992','EDT','perfumes/992.jpg',"Daisy Eau So Fresh",3000,'5.0',0,'125.0',(select brand_id from brand where name="Marc Jacobs"));insert into perfume_note(perfume_id,note_id) values( 992,(select note_id from note where name='fruity' and type='TOP'));insert into perfume_note(perfume_id,note_id) values (992,(select note_id from note where name='cedarwood' and type='MIDDLE'));insert into perfume_note(perfume_id,note_id) values (992,(select note_id from note where name='plum' and type='MIDDLE'));insert into perfume_note(perfume_id,note_id) values (992,(select note_id from note where name='musk' and type='MIDDLE'));insert into perfume_note(perfume_id,note_id) values (992,(select note_id from note where name='wild rose' and type='BASE'));insert into perfume_note(perfume_id,note_id) values (992,(select note_id from note where name='lychee' and type='BASE'));insert into perfume_note(perfume_id,note_id) values (992,(select note_id from note where name='jasmine petals' and type='BASE'));insert into perfume_note(perfume_id,note_id) values (992,(select note_id from note where name='violet' and type='BASE'));insert into perfume_note(perfume_id,note_id) values (992,(select note_id from note where name='apple blossom' and type='BASE'));insert into perfume(perfume_id,concentration,image,name,price,rating,gender,volume,brand_id) values( '993','EDT','perfumes/993.jpg',"Pasha Edition Noir",3000,'4.6',0,'100.0',(select brand_id from brand where name="CARTIER"));insert into perfume_note(perfume_id,note_id) values( 993,(select note_id from note where name='oriental' and type='TOP'));insert into perfume_note(perfume_id,note_id) values (993,(select note_id from note where name='cedar' and type='MIDDLE'));insert into perfume_note(perfume_id,note_id) values (993,(select note_id from note where name='amber' and type='MIDDLE'));insert into perfume_note(perfume_id,note_id) values (993,(select note_id from note where name='accords' and type='MIDDLE'));insert into perfume_note(perfume_id,note_id) values (993,(select note_id from note where name='woody' and type='MIDDLE'));insert into perfume_note(perfume_id,note_id) values (993,(select note_id from note where name='warm' and type='BASE'));insert into perfume_note(perfume_id,note_id) values (993,(select note_id from note where name='aromas' and type='BASE'));insert into perfume_note(perfume_id,note_id) values (993,(select note_id from note where name='cuddly' and type='BASE'));insert into perfume(perfume_id,concentration,image,name,price,rating,gender,volume,brand_id) values( '994','EDT','perfumes/994.jpg',"Legend Spirit",3000,'4.7',0,'100.0',(select brand_id from brand where name="MONTBLANC"));insert into perfume_note(perfume_id,note_id) values( 994,(select note_id from note where name='citrus' and type='TOP'));insert into perfume_note(perfume_id,note_id) values (994,(select note_id from note where name='white woods' and type='MIDDLE'));insert into perfume_note(perfume_id,note_id) values (994,(select note_id from note where name='oakmoss' and type='MIDDLE'));insert into perfume_note(perfume_id,note_id) values (994,(select note_id from note where name='white musk' and type='MIDDLE'));insert into perfume_note(perfume_id,note_id) values (994,(select note_id from note where name='cashmere wood' and type='MIDDLE'));insert into perfume_note(perfume_id,note_id) values (994,(select note_id from note where name='cardamom' and type='BASE'));insert into perfume_note(perfume_id,note_id) values (994,(select note_id from note where name='water notes' and type='BASE'));insert into perfume_note(perfume_id,note_id) values (994,(select note_id from note where name='lavender' and type='BASE'));insert into perfume(perfume_id,concentration,image,name,price,rating,gender,volume,brand_id) values( '995','EDT','perfumes/995.jpg',"Petits Et Mamans",3000,'4.8',0,'100.0',(select brand_id from brand where name="BVLGARI"));insert into perfume_note(perfume_id,note_id) values( 995,(select note_id from note where name='floral' and type='TOP'));insert into perfume_note(perfume_id,note_id) values (995,(select note_id from note where name='vanilla' and type='MIDDLE'));insert into perfume_note(perfume_id,note_id) values (995,(select note_id from note where name='iris' and type='MIDDLE'));insert into perfume_note(perfume_id,note_id) values (995,(select note_id from note where name='white peach' and type='BASE'));insert into perfume(perfume_id,concentration,image,name,price,rating,gender,volume,brand_id) values( '996','EDP','perfumes/996.jpg',"Paradiso Assoluto",3000,'5.0',0,'75.0',(select brand_id from brand where name="Roberto Cavalli"));insert into perfume_note(perfume_id,note_id) values( 996,(select note_id from note where name='floral' and type='TOP'));insert into perfume_note(perfume_id,note_id) values (996,(select note_id from note where name='patchouli' and type='MIDDLE'));insert into perfume_note(perfume_id,note_id) values (996,(select note_id from note where name='cashmeran' and type='MIDDLE'));insert into perfume_note(perfume_id,note_id) values (996,(select note_id from note where name='sandalwood' and type='MIDDLE'));insert into perfume_note(perfume_id,note_id) values (996,(select note_id from note where name='vanilla' and type='MIDDLE'));insert into perfume_note(perfume_id,note_id) values (996,(select note_id from note where name='red lily' and type='BASE'));insert into perfume_note(perfume_id,note_id) values (996,(select note_id from note where name='passionfruit' and type='BASE'));insert into perfume_note(perfume_id,note_id) values (996,(select note_id from note where name='wild jasmine' and type='BASE'));insert into perfume(perfume_id,concentration,image,name,price,rating,gender,volume,brand_id) values( '997','EDP','perfumes/997.jpg',"Paradiso Azzurro",3000,'4.7',0,'75.0',(select brand_id from brand where name="Roberto Cavalli"));insert into perfume_note(perfume_id,note_id) values( 997,(select note_id from note where name='fruity' and type='TOP'));insert into perfume_note(perfume_id,note_id) values (997,(select note_id from note where name='cashmere wood' and type='MIDDLE'));insert into perfume_note(perfume_id,note_id) values (997,(select note_id from note where name='cypress' and type='MIDDLE'));insert into perfume_note(perfume_id,note_id) values (997,(select note_id from note where name='sandalwood' and type='MIDDLE'));insert into perfume_note(perfume_id,note_id) values (997,(select note_id from note where name='vanilla' and type='MIDDLE'));insert into perfume_note(perfume_id,note_id) values (997,(select note_id from note where name='amber wood' and type='MIDDLE'));insert into perfume_note(perfume_id,note_id) values (997,(select note_id from note where name='peach' and type='BASE'));insert into perfume_note(perfume_id,note_id) values (997,(select note_id from note where name='apple' and type='BASE'));insert into perfume_note(perfume_id,note_id) values (997,(select note_id from note where name='rose' and type='BASE'));insert into perfume_note(perfume_id,note_id) values (997,(select note_id from note where name='wild jasmine' and type='BASE'));insert into perfume_note(perfume_id,note_id) values (997,(select note_id from note where name='tuberose' and type='BASE'));insert into perfume_note(perfume_id,note_id) values (997,(select note_id from note where name='watery notes' and type='BASE'));insert into perfume(perfume_id,concentration,image,name,price,rating,gender,volume,brand_id) values( '998','EDT','perfumes/998.jpg',"Dare",3000,'4.9',0,'100.0',(select brand_id from brand where name="GUESS"));insert into perfume_note(perfume_id,note_id) values( 998,(select note_id from note where name='citrus' and type='TOP'));insert into perfume_note(perfume_id,note_id) values (998,(select note_id from note where name='wood' and type='MIDDLE'));insert into perfume_note(perfume_id,note_id) values (998,(select note_id from note where name='coconut accords' and type='MIDDLE'));insert into perfume_note(perfume_id,note_id) values (998,(select note_id from note where name='musk' and type='MIDDLE'));insert into perfume_note(perfume_id,note_id) values (998,(select note_id from note where name='elegant jasmine' and type='BASE'));insert into perfume_note(perfume_id,note_id) values (998,(select note_id from note where name='wild rose' and type='BASE'));insert into perfume(perfume_id,concentration,image,name,price,rating,gender,volume,brand_id) values( '999','EDT','perfumes/999.jpg',"For Women EDP Natural Sp",3000,'4.8',0,'100.0',(select brand_id from brand where name="BURBERRY"));insert into perfume_note(perfume_id,note_id) values( 999,(select note_id from note where name='fruity' and type='TOP'));insert into perfume_note(perfume_id,note_id) values (999,(select note_id from note where name='vanilla' and type='MIDDLE'));insert into perfume_note(perfume_id,note_id) values (999,(select note_id from note where name='musk' and type='MIDDLE'));insert into perfume_note(perfume_id,note_id) values (999,(select note_id from note where name='cedar' and type='BASE'));insert into perfume_note(perfume_id,note_id) values (999,(select note_id from note where name='sandalwood' and type='BASE'));insert into perfume_note(perfume_id,note_id) values (999,(select note_id from note where name='woodyfloral' and type='BASE'));insert into perfume(perfume_id,concentration,image,name,price,rating,gender,volume,brand_id) values( '1000','EDT','perfumes/1000.jpg',"Musk Cologne Sp",3000,'4.7',0,'59.0',(select brand_id from brand where name="JOVAN"));insert into perfume_note(perfume_id,note_id) values( 1000,(select note_id from note where name='woody' and type='TOP'));insert into perfume_note(perfume_id,note_id) values (1000,(select note_id from note where name='amber' and type='MIDDLE'));insert into perfume_note(perfume_id,note_id) values (1000,(select note_id from note where name='wood' and type='MIDDLE'));insert into perfume_note(perfume_id,note_id) values (1000,(select note_id from note where name='musk' and type='MIDDLE'));insert into perfume_note(perfume_id,note_id) values (1000,(select note_id from note where name='ylangylang' and type='BASE'));insert into perfume(perfume_id,concentration,image,name,price,rating,gender,volume,brand_id) values( '1001','EDT','perfumes/1001.jpg',"Layali CPO At",3000,'4.0',0,'15.0',(select brand_id from brand where name="SWISS ARABIAN"));insert into perfume_note(perfume_id,note_id) values( 1001,(select note_id from note where name='arabian' and type='TOP'));insert into perfume_note(perfume_id,note_id) values (1001,(select note_id from note where name='amber' and type='MIDDLE'));insert into perfume_note(perfume_id,note_id) values (1001,(select note_id from note where name='agarwood' and type='MIDDLE'));insert into perfume_note(perfume_id,note_id) values (1001,(select note_id from note where name='ylangylang' and type='BASE'));insert into perfume_note(perfume_id,note_id) values (1001,(select note_id from note where name='rose' and type='BASE'));insert into perfume_note(perfume_id,note_id) values (1001,(select note_id from note where name='jasmine' and type='BASE'));insert into perfume(perfume_id,concentration,image,name,price,rating,gender,volume,brand_id) values( '1002','EDT','perfumes/1002.jpg',"L.12.12 Blanc-Pure",3000,'4.6',0,'100.0',(select brand_id from brand where name="LACOSTE"));insert into perfume_note(perfume_id,note_id) values( 1002,(select note_id from note where name='woody' and type='TOP'));insert into perfume_note(perfume_id,note_id) values (1002,(select note_id from note where name='vetiver' and type='MIDDLE'));insert into perfume_note(perfume_id,note_id) values (1002,(select note_id from note where name='leather' and type='MIDDLE'));insert into perfume_note(perfume_id,note_id) values (1002,(select note_id from note where name='virginia cedar' and type='MIDDLE'));insert into perfume_note(perfume_id,note_id) values (1002,(select note_id from note where name='suede' and type='MIDDLE'));insert into perfume_note(perfume_id,note_id) values (1002,(select note_id from note where name='ylangylang' and type='BASE'));insert into perfume_note(perfume_id,note_id) values (1002,(select note_id from note where name='tuberose' and type='BASE'));